2025-11-04 06:00:00,12,12
2025-11-04 06:15:00,11,11
2025-11-04 06:30:00,24,24
2025-11-04 06:45:00,38,38
2025-11-04 07:00:00,37,37
2025-11-04 07:15:00,52,52
2025-11-04 07:30:00,85,85
2025-11-04 07:45:00,75,75
2025-11-04 08:00:00,76,76
2025-11-04 08:15:00,79,79
2025-11-04 08:30:00,73,73
2025-11-04 08:45:00,53,53
2025-11-04 09:00:00,63,63
2025-11-04 09:15:00,53,53
2025-11-04 09:30:00,54,54
2025-11-04 09:45:00,54,54
2025-11-04 10:00:00,55,55
2025-11-04 10:15:00,52,52
2025-11-04 10:30:00,64,64
2025-11-04 10:45:00,61,61
2025-11-04 11:00:00,53,53
2025-11-04 11:15:00,68,68
2025-11-04 11:30:00,64,64
2025-11-04 11:45:00,50,50
2025-11-04 12:00:00,61,61
2025-11-04 12:15:00,57,57
2025-11-04 12:30:00,58,58
2025-11-04 12:45:00,59,59
2025-11-04 13:00:00,67,67
2025-11-04 13:15:00,64,64
2025-11-04 13:30:00,74,74
2025-11-04 13:45:00,68,68
2025-11-04 14:00:00,83,83
2025-11-04 14:15:00,67,67
2025-11-04 14:30:00,78,78
2025-11-04 14:45:00,72,72
2025-11-04 15:00:00,69,69
2025-11-04 15:15:00,80,80
2025-11-04 15:30:00,83,83
2025-11-04 15:45:00,69,69
2025-11-04 16:00:00,58,58
2025-11-04 16:15:00,58,58
2025-11-04 16:30:00,49,49
2025-11-04 16:45:00,44,44
2025-11-04 17:00:00,67,67
2025-11-04 17:15:00,49,49
2025-11-04 17:30:00,46,46
2025-11-04 17:45:00,59,59
