82.0,115.0,106.0,98.0,214.0,138.0,64.0,3.0,74.0,84.0,180.0,0.0,93.0,89.0,82.0,203.0,163.0,230.0,108.0,127.0,240.0,107.0,75.0,228.0,196.0,222.0,166.0,183.0,183.0,234.0,195.0,194.0,195.0,186.0,198.0,217.0,219.0,198.0,265.0,205.0,204.0,240.0,204.0,220.0,254.0,234.0,232.0,269.0,351.0,294.0,238.0,285.0,234.0,229.0,236.0,218.0,312.0,219.0,203.0,275.0,200.0,206.0,324.0,212.0,217.0,222.0,253.0,185.0,240.0,216.0,258.0,294.0,257.0,253.0,379.0,328.0,301.0,341.0,344.0,308.0,335.0,311.0,403.0,305.0,319.0,325.0,357.0,319.0,349.0,329.0,316.0,289.0,417.0,333.0,357.0,416.0,300.0,286.0,324.0,302.0,278.0,323.0,287.0,317.0,306.0,137.0,260.0,156.0,137.0,383.0,338.0,292.0,369.0,319.0,298.0,284.0,156.0,286.0,288.0,321.0,282.0,237.0,209.0,214.0,204.0,222.0,169.0,139.0,241.0,63.0,132.0,227.0,188.0,140.0,189.0,168.0,110.0,214.0,301.0,331.0,306.0,127.0,208.0,207.0,216.0,202.0,238.0,102.0,176.0,204.0,220.0,241.0,306.0,10.0,212.0,233.0
8.0,0.0,84.0,24.0,27.0,57.0,6.0,36.0,44.0,31.0,24.0,0.0,26.0,23.0,0.0,51.0,8.0,53.0,0.0,13.0,103.0,8.0,7.0,134.0,168.0,220.0,185.0,156.0,140.0,183.0,166.0,156.0,201.0,160.0,136.0,225.0,163.0,197.0,215.0,172.0,158.0,208.0,188.0,178.0,200.0,144.0,175.0,204.0,228.0,204.0,208.0,176.0,160.0,194.0,208.0,197.0,283.0,161.0,171.0,221.0,169.0,178.0,228.0,179.0,174.0,191.0,188.0,193.0,220.0,181.0,206.0,278.0,173.0,207.0,307.0,292.0,302.0,285.0,324.0,289.0,260.0,289.0,353.0,302.0,281.0,273.0,354.0,322.0,336.0,316.0,269.0,274.0,332.0,315.0,327.0,370.0,276.0,259.0,288.0,291.0,247.0,290.0,270.0,297.0,316.0,121.0,294.0,141.0,121.0,352.0,301.0,274.0,281.0,319.0,249.0,272.0,141.0,245.0,270.0,309.0,218.0,164.0,155.0,113.0,0.0,169.0,76.0,9.0,206.0,67.0,98.0,131.0,53.0,53.0,137.0,25.0,47.0,150.0,149.0,294.0,285.0,6.0,63.0,25.0,54.0,30.0,90.0,114.0,34.0,212.0,149.0,172.0,224.0,42.0,195.0,232.0
0.0,6.0,26.0,15.0,0.0,62.0,8.0,55.0,71.0,24.0,2.0,13.0,38.0,43.0,51.0,14.0,8.0,66.0,0.0,4.0,20.0,9.0,38.0,91.0,135.0,153.0,152.0,140.0,127.0,156.0,133.0,157.0,174.0,152.0,123.0,174.0,133.0,160.0,185.0,164.0,133.0,192.0,144.0,153.0,187.0,168.0,166.0,188.0,168.0,172.0,186.0,169.0,148.0,152.0,148.0,191.0,359.0,136.0,150.0,208.0,149.0,167.0,217.0,167.0,160.0,178.0,177.0,176.0,183.0,158.0,199.0,217.0,183.0,207.0,240.0,255.0,275.0,263.0,302.0,269.0,238.0,275.0,289.0,275.0,232.0,272.0,338.0,292.0,313.0,305.0,262.0,256.0,297.0,294.0,271.0,331.0,284.0,259.0,279.0,264.0,270.0,249.0,262.0,274.0,285.0,143.0,264.0,121.0,100.0,272.0,264.0,242.0,249.0,316.0,251.0,246.0,121.0,231.0,259.0,244.0,150.0,16.0,183.0,17.0,8.0,6.0,64.0,101.0,204.0,2.0,43.0,112.0,63.0,37.0,17.0,15.0,2.0,15.0,169.0,285.0,246.0,12.0,5.0,149.0,65.0,51.0,0.0,1.0,54.0,24.0,78.0,10.0,234.0,0.0,21.0,43.0
12.0,0.0,8.0,0.0,0.0,0.0,0.0,4.0,9.0,15.0,13.0,34.0,0.0,7.0,6.0,9.0,11.0,5.0,16.0,0.0,29.0,0.0,5.0,0.0,110.0,125.0,135.0,125.0,140.0,127.0,136.0,108.0,154.0,127.0,106.0,161.0,133.0,135.0,140.0,161.0,123.0,166.0,119.0,119.0,175.0,118.0,143.0,145.0,143.0,133.0,156.0,120.0,113.0,152.0,133.0,145.0,279.0,115.0,147.0,143.0,130.0,123.0,166.0,120.0,170.0,144.0,172.0,131.0,166.0,145.0,153.0,171.0,118.0,151.0,160.0,238.0,224.0,247.0,293.0,250.0,239.0,282.0,289.0,236.0,261.0,228.0,271.0,247.0,319.0,291.0,234.0,258.0,318.0,280.0,248.0,317.0,235.0,259.0,244.0,245.0,237.0,266.0,234.0,248.0,243.0,91.0,243.0,105.0,91.0,278.0,243.0,226.0,238.0,299.0,223.0,248.0,105.0,219.0,209.0,261.0,139.0,53.0,29.0,6.0,1.0,2.0,0.0,27.0,83.0,1.0,1.0,39.0,0.0,11.0,14.0,19.0,1.0,64.0,39.0,230.0,112.0,10.0,11.0,8.0,0.0,0.0,18.0,2.0,0.0,4.0,8.0,30.0,37.0,4.0,32.0,33.0
0.0,0.0,12.0,15.0,0.0,13.0,0.0,6.0,8.0,16.0,5.0,5.0,0.0,9.0,0.0,15.0,19.0,26.0,6.0,12.0,44.0,12.0,10.0,34.0,115.0,138.0,115.0,110.0,99.0,113.0,102.0,114.0,151.0,105.0,76.0,142.0,105.0,117.0,155.0,115.0,119.0,149.0,103.0,139.0,131.0,147.0,111.0,126.0,135.0,120.0,153.0,115.0,130.0,143.0,115.0,117.0,178.0,114.0,130.0,141.0,108.0,130.0,163.0,125.0,129.0,133.0,132.0,123.0,132.0,101.0,122.0,154.0,110.0,85.0,180.0,227.0,240.0,224.0,279.0,218.0,237.0,277.0,237.0,252.0,263.0,231.0,271.0,242.0,283.0,245.0,253.0,269.0,294.0,247.0,256.0,326.0,220.0,228.0,263.0,253.0,244.0,246.0,240.0,244.0,261.0,79.0,236.0,90.0,79.0,301.0,227.0,224.0,231.0,281.0,231.0,233.0,90.0,209.0,222.0,242.0,149.0,23.0,57.0,0.0,5.0,17.0,6.0,7.0,44.0,1.0,7.0,97.0,4.0,18.0,0.0,7.0,0.0,1.0,0.0,123.0,103.0,5.0,3.0,11.0,1.0,6.0,3.0,18.0,13.0,2.0,1.0,0.0,78.0,1.0,0.0,39.0
9.0,0.0,0.0,0.0,0.0,0.0,0.0,0.0,5.0,9.0,7.0,0.0,7.0,8.0,19.0,0.0,9.0,16.0,17.0,0.0,7.0,6.0,0.0,3.0,82.0,112.0,99.0,87.0,98.0,106.0,83.0,97.0,96.0,86.0,87.0,101.0,100.0,93.0,120.0,86.0,90.0,107.0,108.0,107.0,113.0,90.0,93.0,107.0,104.0,103.0,164.0,92.0,95.0,116.0,107.0,93.0,136.0,94.0,105.0,109.0,93.0,118.0,115.0,114.0,81.0,119.0,91.0,105.0,112.0,85.0,117.0,128.0,114.0,127.0,133.0,210.0,209.0,226.0,266.0,222.0,227.0,215.0,230.0,221.0,246.0,221.0,225.0,225.0,227.0,233.0,221.0,224.0,244.0,233.0,241.0,264.0,222.0,206.0,228.0,212.0,179.0,226.0,197.0,219.0,240.0,69.0,196.0,89.0,69.0,222.0,219.0,203.0,225.0,259.0,202.0,188.0,89.0,184.0,197.0,196.0,150.0,0.0,38.0,0.0,10.0,1.0,0.0,10.0,3.0,4.0,5.0,29.0,1.0,1.0,15.0,1.0,0.0,0.0,0.0,40.0,19.0,2.0,0.0,9.0,0.0,3.0,9.0,0.0,1.0,1.0,3.0,6.0,2.0,3.0,7.0,13.0
4.0,0.0,8.0,5.0,8.0,0.0,0.0,5.0,0.0,6.0,6.0,3.0,0.0,19.0,21.0,3.0,16.0,0.0,3.0,0.0,9.0,8.0,12.0,7.0,103.0,142.0,102.0,73.0,77.0,104.0,81.0,103.0,97.0,81.0,66.0,126.0,83.0,104.0,121.0,81.0,87.0,94.0,83.0,119.0,109.0,106.0,96.0,105.0,98.0,95.0,114.0,86.0,96.0,108.0,88.0,113.0,122.0,87.0,99.0,127.0,98.0,113.0,121.0,91.0,90.0,90.0,84.0,89.0,109.0,101.0,103.0,123.0,81.0,65.0,123.0,213.0,211.0,202.0,232.0,197.0,198.0,221.0,224.0,213.0,219.0,208.0,222.0,202.0,224.0,211.0,209.0,227.0,232.0,231.0,211.0,237.0,208.0,214.0,207.0,214.0,197.0,224.0,213.0,224.0,231.0,150.0,189.0,83.0,73.0,273.0,198.0,202.0,203.0,243.0,195.0,219.0,83.0,196.0,217.0,210.0,139.0,3.0,2.0,0.0,0.0,7.0,6.0,6.0,0.0,3.0,9.0,11.0,1.0,8.0,8.0,0.0,0.0,1.0,0.0,49.0,10.0,1.0,3.0,0.0,1.0,8.0,0.0,1.0,0.0,0.0,1.0,2.0,6.0,0.0,3.0,2.0
8.0,0.0,10.0,0.0,14.0,0.0,10.0,0.0,1.0,1.0,6.0,12.0,14.0,3.0,14.0,0.0,7.0,9.0,4.0,15.0,8.0,0.0,0.0,5.0,77.0,134.0,78.0,65.0,90.0,90.0,74.0,65.0,114.0,96.0,71.0,102.0,91.0,85.0,103.0,74.0,86.0,93.0,84.0,89.0,99.0,78.0,94.0,105.0,86.0,82.0,106.0,79.0,72.0,97.0,95.0,75.0,104.0,80.0,106.0,115.0,87.0,111.0,131.0,96.0,96.0,101.0,88.0,90.0,114.0,97.0,97.0,133.0,101.0,79.0,119.0,218.0,200.0,209.0,245.0,175.0,204.0,215.0,197.0,215.0,231.0,214.0,230.0,215.0,220.0,221.0,216.0,213.0,222.0,214.0,207.0,243.0,212.0,203.0,229.0,192.0,216.0,208.0,194.0,211.0,220.0,94.0,190.0,79.0,64.0,254.0,233.0,203.0,214.0,238.0,198.0,204.0,79.0,208.0,195.0,216.0,148.0,1.0,10.0,7.0,12.0,2.0,1.0,0.0,5.0,1.0,8.0,7.0,0.0,3.0,1.0,15.0,4.0,20.0,0.0,16.0,0.0,0.0,8.0,5.0,0.0,2.0,4.0,1.0,6.0,0.0,10.0,6.0,1.0,1.0,3.0,1.0
4.0,0.0,13.0,6.0,6.0,9.0,0.0,0.0,7.0,1.0,0.0,12.0,0.0,0.0,0.0,0.0,0.0,12.0,0.0,0.0,0.0,0.0,0.0,0.0,51.0,74.0,70.0,73.0,74.0,83.0,70.0,84.0,119.0,80.0,70.0,88.0,80.0,81.0,107.0,100.0,81.0,100.0,79.0,87.0,93.0,80.0,87.0,105.0,67.0,77.0,130.0,70.0,71.0,116.0,90.0,77.0,105.0,82.0,86.0,103.0,96.0,83.0,123.0,87.0,68.0,90.0,96.0,88.0,109.0,81.0,85.0,107.0,85.0,81.0,122.0,199.0,206.0,207.0,212.0,181.0,198.0,221.0,197.0,224.0,201.0,209.0,225.0,204.0,211.0,226.0,193.0,199.0,217.0,208.0,203.0,245.0,225.0,195.0,220.0,195.0,189.0,211.0,196.0,193.0,208.0,63.0,197.0,72.0,63.0,204.0,223.0,190.0,217.0,232.0,194.0,205.0,72.0,194.0,192.0,223.0,155.0,4.0,2.0,2.0,0.0,0.0,0.0,0.0,0.0,5.0,5.0,3.0,0.0,1.0,0.0,0.0,0.0,0.0,1.0,8.0,0.0,0.0,0.0,2.0,2.0,1.0,13.0,0.0,0.0,6.0,0.0,2.0,1.0,1.0,0.0,9.0
0.0,9.0,0.0,2.0,0.0,0.0,6.0,0.0,5.0,3.0,0.0,6.0,10.0,0.0,4.0,8.0,0.0,0.0,0.0,0.0,11.0,3.0,0.0,6.0,76.0,90.0,84.0,81.0,87.0,111.0,86.0,64.0,94.0,87.0,61.0,94.0,90.0,81.0,105.0,81.0,81.0,107.0,87.0,82.0,80.0,75.0,103.0,82.0,87.0,109.0,125.0,74.0,94.0,101.0,102.0,76.0,92.0,91.0,93.0,99.0,92.0,98.0,115.0,86.0,70.0,100.0,87.0,71.0,108.0,67.0,100.0,115.0,94.0,59.0,106.0,183.0,201.0,190.0,237.0,171.0,190.0,252.0,221.0,218.0,217.0,207.0,224.0,198.0,202.0,217.0,202.0,198.0,209.0,214.0,195.0,206.0,196.0,199.0,195.0,206.0,200.0,204.0,180.0,198.0,210.0,60.0,187.0,69.0,60.0,234.0,199.0,185.0,194.0,211.0,192.0,195.0,69.0,190.0,189.0,188.0,140.0,2.0,11.0,1.0,1.0,6.0,0.0,0.0,2.0,2.0,0.0,0.0,3.0,3.0,7.0,4.0,0.0,11.0,0.0,1.0,4.0,1.0,4.0,0.0,2.0,0.0,4.0,4.0,0.0,0.0,1.0,10.0,3.0,0.0,0.0,3.0
0.0,5.0,16.0,0.0,5.0,0.0,0.0,0.0,0.0,2.0,0.0,6.0,0.0,0.0,0.0,5.0,5.0,2.0,0.0,0.0,5.0,7.0,5.0,11.0,87.0,90.0,73.0,69.0,65.0,79.0,63.0,70.0,78.0,59.0,63.0,90.0,63.0,61.0,110.0,75.0,84.0,102.0,73.0,62.0,83.0,83.0,90.0,105.0,68.0,67.0,103.0,70.0,85.0,91.0,78.0,69.0,83.0,61.0,84.0,120.0,64.0,84.0,124.0,60.0,75.0,69.0,73.0,94.0,88.0,80.0,79.0,101.0,62.0,60.0,82.0,186.0,196.0,214.0,232.0,172.0,200.0,231.0,198.0,204.0,182.0,202.0,222.0,219.0,219.0,202.0,202.0,217.0,206.0,190.0,209.0,201.0,192.0,182.0,193.0,194.0,189.0,202.0,185.0,197.0,227.0,64.0,193.0,69.0,64.0,228.0,199.0,186.0,198.0,215.0,185.0,188.0,69.0,197.0,210.0,188.0,146.0,9.0,17.0,6.0,0.0,0.0,0.0,1.0,0.0,3.0,8.0,17.0,6.0,0.0,1.0,0.0,5.0,3.0,1.0,23.0,1.0,1.0,0.0,6.0,0.0,10.0,0.0,5.0,3.0,6.0,2.0,2.0,2.0,4.0,0.0,4.0
2.0,8.0,10.0,5.0,5.0,9.0,1.0,4.0,10.0,0.0,9.0,2.0,0.0,0.0,5.0,0.0,7.0,0.0,8.0,0.0,10.0,2.0,0.0,0.0,69.0,78.0,86.0,73.0,69.0,79.0,76.0,66.0,96.0,84.0,62.0,95.0,88.0,103.0,107.0,76.0,83.0,82.0,78.0,80.0,95.0,83.0,86.0,91.0,85.0,81.0,88.0,90.0,91.0,83.0,69.0,89.0,93.0,76.0,87.0,96.0,79.0,96.0,111.0,53.0,73.0,83.0,74.0,85.0,81.0,73.0,97.0,104.0,73.0,81.0,90.0,183.0,190.0,190.0,205.0,172.0,208.0,221.0,223.0,214.0,182.0,209.0,190.0,211.0,206.0,209.0,193.0,195.0,241.0,176.0,228.0,217.0,185.0,206.0,212.0,193.0,188.0,216.0,179.0,186.0,230.0,60.0,192.0,67.0,60.0,240.0,208.0,199.0,203.0,198.0,192.0,189.0,67.0,179.0,184.0,201.0,138.0,4.0,1.0,3.0,4.0,1.0,3.0,0.0,10.0,0.0,9.0,0.0,6.0,0.0,9.0,4.0,1.0,2.0,5.0,53.0,2.0,3.0,0.0,0.0,2.0,6.0,0.0,0.0,10.0,11.0,6.0,2.0,1.0,0.0,0.0,0.0
0.0,7.0,13.0,0.0,7.0,12.0,5.0,1.0,0.0,11.0,11.0,2.0,6.0,4.0,0.0,0.0,0.0,9.0,5.0,6.0,0.0,0.0,0.0,4.0,77.0,82.0,72.0,75.0,67.0,86.0,55.0,70.0,91.0,73.0,63.0,81.0,64.0,70.0,103.0,81.0,71.0,86.0,72.0,78.0,93.0,77.0,72.0,101.0,79.0,85.0,98.0,72.0,76.0,101.0,71.0,72.0,92.0,78.0,75.0,106.0,84.0,73.0,98.0,87.0,68.0,69.0,77.0,84.0,75.0,86.0,80.0,104.0,88.0,78.0,107.0,195.0,189.0,211.0,215.0,166.0,184.0,262.0,190.0,199.0,177.0,191.0,202.0,220.0,202.0,198.0,177.0,186.0,210.0,187.0,197.0,207.0,182.0,193.0,202.0,188.0,177.0,213.0,165.0,183.0,216.0,58.0,173.0,64.0,58.0,221.0,203.0,185.0,187.0,210.0,199.0,190.0,64.0,175.0,187.0,196.0,143.0,0.0,5.0,1.0,0.0,5.0,0.0,2.0,10.0,4.0,0.0,0.0,0.0,4.0,14.0,2.0,16.0,4.0,3.0,32.0,1.0,0.0,4.0,11.0,2.0,1.0,15.0,0.0,2.0,1.0,0.0,2.0,2.0,0.0,0.0,0.0
2.0,3.0,0.0,1.0,4.0,5.0,7.0,5.0,5.0,4.0,0.0,5.0,0.0,5.0,6.0,0.0,4.0,0.0,3.0,3.0,4.0,12.0,0.0,3.0,71.0,79.0,73.0,58.0,54.0,74.0,75.0,63.0,95.0,54.0,52.0,85.0,59.0,70.0,92.0,77.0,74.0,89.0,87.0,74.0,84.0,77.0,79.0,93.0,91.0,64.0,105.0,84.0,68.0,78.0,76.0,64.0,86.0,77.0,86.0,101.0,72.0,100.0,107.0,72.0,75.0,103.0,83.0,65.0,89.0,75.0,78.0,99.0,71.0,74.0,81.0,179.0,187.0,195.0,207.0,184.0,189.0,218.0,193.0,209.0,188.0,192.0,212.0,200.0,198.0,212.0,195.0,207.0,228.0,199.0,200.0,234.0,198.0,176.0,201.0,177.0,193.0,187.0,183.0,198.0,215.0,58.0,180.0,61.0,58.0,230.0,194.0,183.0,204.0,198.0,185.0,194.0,61.0,186.0,188.0,203.0,152.0,1.0,3.0,9.0,2.0,3.0,2.0,0.0,3.0,3.0,3.0,5.0,4.0,1.0,11.0,1.0,3.0,0.0,3.0,57.0,1.0,1.0,2.0,6.0,0.0,1.0,4.0,12.0,3.0,0.0,2.0,1.0,0.0,2.0,2.0,2.0
4.0,0.0,3.0,0.0,2.0,12.0,19.0,0.0,0.0,6.0,11.0,4.0,0.0,0.0,0.0,0.0,3.0,11.0,0.0,0.0,0.0,2.0,0.0,6.0,74.0,99.0,85.0,86.0,85.0,78.0,89.0,79.0,88.0,107.0,79.0,101.0,68.0,103.0,106.0,83.0,78.0,106.0,85.0,79.0,108.0,80.0,86.0,99.0,91.0,92.0,94.0,100.0,92.0,91.0,94.0,88.0,107.0,94.0,86.0,94.0,71.0,88.0,124.0,87.0,103.0,103.0,70.0,75.0,86.0,94.0,80.0,100.0,86.0,98.0,92.0,210.0,192.0,207.0,201.0,193.0,240.0,204.0,197.0,201.0,207.0,192.0,211.0,186.0,211.0,215.0,189.0,184.0,149.0,189.0,207.0,232.0,198.0,209.0,202.0,193.0,184.0,204.0,175.0,202.0,214.0,130.0,201.0,65.0,62.0,224.0,193.0,198.0,193.0,204.0,196.0,187.0,65.0,183.0,188.0,206.0,146.0,4.0,1.0,0.0,10.0,1.0,0.0,0.0,5.0,0.0,4.0,0.0,2.0,3.0,9.0,0.0,0.0,2.0,8.0,86.0,0.0,4.0,7.0,2.0,0.0,1.0,9.0,9.0,14.0,1.0,3.0,0.0,0.0,4.0,0.0,1.0
1.0,0.0,8.0,2.0,6.0,3.0,4.0,0.0,0.0,0.0,5.0,4.0,3.0,3.0,17.0,9.0,16.0,8.0,0.0,0.0,0.0,16.0,0.0,17.0,68.0,114.0,75.0,88.0,80.0,103.0,90.0,98.0,107.0,82.0,76.0,102.0,101.0,99.0,105.0,94.0,96.0,86.0,86.0,96.0,86.0,107.0,91.0,129.0,105.0,101.0,103.0,76.0,86.0,106.0,91.0,76.0,95.0,76.0,89.0,90.0,108.0,101.0,125.0,83.0,68.0,93.0,88.0,104.0,119.0,76.0,112.0,127.0,100.0,74.0,100.0,208.0,207.0,227.0,206.0,183.0,208.0,201.0,212.0,204.0,181.0,220.0,209.0,215.0,217.0,225.0,203.0,218.0,240.0,212.0,215.0,226.0,206.0,206.0,229.0,211.0,220.0,213.0,221.0,195.0,218.0,63.0,209.0,63.0,63.0,280.0,209.0,205.0,203.0,215.0,214.0,213.0,63.0,215.0,207.0,196.0,137.0,3.0,3.0,0.0,8.0,3.0,2.0,7.0,13.0,0.0,7.0,1.0,1.0,1.0,19.0,3.0,7.0,6.0,11.0,5.0,0.0,8.0,2.0,1.0,1.0,0.0,3.0,2.0,6.0,1.0,0.0,5.0,1.0,0.0,1.0,11.0
10.0,0.0,0.0,0.0,0.0,8.0,0.0,0.0,0.0,2.0,14.0,0.0,0.0,16.0,5.0,13.0,7.0,6.0,0.0,0.0,2.0,8.0,27.0,0.0,72.0,65.0,99.0,83.0,89.0,87.0,84.0,93.0,98.0,80.0,70.0,109.0,97.0,82.0,109.0,94.0,96.0,103.0,76.0,122.0,112.0,78.0,85.0,103.0,96.0,98.0,128.0,59.0,91.0,104.0,78.0,106.0,105.0,109.0,100.0,122.0,104.0,109.0,121.0,84.0,111.0,119.0,83.0,121.0,130.0,100.0,112.0,112.0,79.0,96.0,130.0,220.0,216.0,207.0,221.0,183.0,195.0,220.0,191.0,229.0,196.0,211.0,223.0,220.0,222.0,240.0,209.0,207.0,255.0,230.0,226.0,241.0,217.0,218.0,232.0,217.0,203.0,219.0,229.0,207.0,241.0,69.0,215.0,67.0,69.0,290.0,246.0,193.0,225.0,232.0,208.0,215.0,67.0,199.0,196.0,203.0,157.0,1.0,4.0,1.0,3.0,4.0,0.0,5.0,1.0,5.0,0.0,4.0,2.0,15.0,0.0,0.0,1.0,5.0,56.0,99.0,11.0,2.0,0.0,6.0,3.0,0.0,3.0,7.0,4.0,19.0,5.0,4.0,13.0,0.0,0.0,1.0
0.0,22.0,7.0,22.0,6.0,21.0,5.0,3.0,0.0,12.0,5.0,26.0,0.0,7.0,3.0,0.0,0.0,2.0,7.0,24.0,17.0,13.0,22.0,0.0,96.0,81.0,97.0,116.0,120.0,120.0,89.0,101.0,113.0,106.0,96.0,140.0,93.0,117.0,142.0,99.0,110.0,132.0,86.0,100.0,113.0,99.0,123.0,105.0,95.0,150.0,132.0,88.0,119.0,128.0,118.0,101.0,118.0,105.0,136.0,129.0,99.0,121.0,160.0,95.0,103.0,119.0,103.0,105.0,122.0,121.0,139.0,147.0,97.0,90.0,128.0,217.0,234.0,239.0,220.0,216.0,230.0,222.0,226.0,248.0,220.0,223.0,238.0,226.0,235.0,245.0,205.0,226.0,255.0,231.0,231.0,241.0,248.0,228.0,242.0,217.0,240.0,242.0,209.0,228.0,263.0,73.0,217.0,72.0,73.0,238.0,225.0,202.0,221.0,224.0,206.0,212.0,72.0,207.0,217.0,226.0,149.0,0.0,22.0,1.0,4.0,22.0,2.0,7.0,15.0,4.0,8.0,8.0,2.0,10.0,7.0,36.0,4.0,4.0,21.0,158.0,0.0,0.0,2.0,27.0,6.0,21.0,5.0,7.0,6.0,12.0,1.0,0.0,6.0,6.0,0.0,7.0
46.0,6.0,10.0,58.0,7.0,19.0,32.0,15.0,0.0,10.0,12.0,16.0,14.0,5.0,56.0,0.0,1.0,7.0,11.0,0.0,24.0,0.0,5.0,11.0,108.0,110.0,106.0,96.0,110.0,147.0,100.0,133.0,115.0,113.0,113.0,151.0,123.0,136.0,151.0,126.0,132.0,123.0,124.0,140.0,167.0,112.0,136.0,161.0,130.0,126.0,165.0,112.0,134.0,158.0,132.0,137.0,135.0,115.0,150.0,161.0,128.0,163.0,192.0,129.0,123.0,150.0,108.0,127.0,152.0,130.0,142.0,194.0,139.0,123.0,145.0,248.0,255.0,267.0,237.0,233.0,230.0,246.0,242.0,275.0,248.0,232.0,240.0,226.0,258.0,284.0,257.0,239.0,292.0,240.0,244.0,280.0,237.0,249.0,275.0,229.0,236.0,232.0,243.0,239.0,250.0,140.0,237.0,90.0,99.0,243.0,264.0,239.0,251.0,271.0,230.0,252.0,90.0,233.0,236.0,269.0,138.0,7.0,30.0,7.0,11.0,30.0,13.0,74.0,68.0,15.0,4.0,66.0,4.0,14.0,13.0,31.0,14.0,0.0,234.0,291.0,10.0,30.0,39.0,59.0,11.0,27.0,12.0,7.0,2.0,11.0,41.0,7.0,81.0,10.0,6.0,3.0
0.0,10.0,7.0,20.0,25.0,22.0,10.0,7.0,0.0,5.0,21.0,56.0,0.0,0.0,89.0,0.0,37.0,87.0,0.0,31.0,64.0,39.0,103.0,69.0,133.0,142.0,147.0,152.0,167.0,172.0,142.0,141.0,150.0,146.0,118.0,156.0,157.0,144.0,181.0,145.0,139.0,192.0,158.0,194.0,193.0,151.0,200.0,191.0,146.0,171.0,205.0,152.0,178.0,201.0,157.0,183.0,182.0,153.0,179.0,170.0,178.0,214.0,198.0,163.0,155.0,182.0,158.0,167.0,205.0,188.0,139.0,215.0,136.0,198.0,175.0,256.0,258.0,284.0,247.0,265.0,279.0,248.0,247.0,271.0,263.0,272.0,269.0,258.0,282.0,283.0,249.0,281.0,285.0,266.0,274.0,314.0,267.0,272.0,268.0,262.0,273.0,307.0,248.0,282.0,294.0,124.0,254.0,113.0,124.0,243.0,317.0,256.0,265.0,304.0,252.0,264.0,113.0,239.0,281.0,298.0,178.0,50.0,137.0,0.0,40.0,137.0,7.0,74.0,215.0,41.0,43.0,126.0,48.0,44.0,129.0,7.0,33.0,151.0,274.0,304.0,54.0,47.0,9.0,40.0,69.0,81.0,22.0,116.0,1.0,92.0,3.0,57.0,235.0,74.0,2.0,0.0
79.0,36.0,99.0,81.0,0.0,33.0,0.0,0.0,81.0,56.0,8.0,59.0,9.0,106.0,160.0,40.0,85.0,87.0,176.0,42.0,250.0,98.0,24.0,196.0,151.0,162.0,174.0,178.0,183.0,215.0,173.0,191.0,178.0,137.0,163.0,215.0,166.0,212.0,231.0,206.0,177.0,174.0,184.0,226.0,238.0,179.0,166.0,213.0,182.0,185.0,190.0,146.0,192.0,202.0,184.0,169.0,204.0,193.0,196.0,180.0,207.0,240.0,213.0,190.0,202.0,191.0,173.0,196.0,211.0,190.0,228.0,225.0,196.0,187.0,235.0,272.0,290.0,307.0,280.0,269.0,267.0,289.0,295.0,296.0,272.0,300.0,301.0,282.0,277.0,299.0,305.0,291.0,329.0,280.0,281.0,306.0,299.0,317.0,322.0,280.0,304.0,297.0,254.0,280.0,311.0,148.0,281.0,129.0,148.0,274.0,309.0,288.0,300.0,309.0,275.0,293.0,129.0,289.0,273.0,303.0,182.0,4.0,214.0,73.0,75.0,214.0,5.0,94.0,229.0,82.0,68.0,7.0,76.0,69.0,127.0,65.0,102.0,230.0,310.0,268.0,137.0,55.0,17.0,5.0,78.0,97.0,50.0,54.0,137.0,202.0,32.0,130.0,233.0,38.0,129.0,21.0
227.0,176.0,75.0,159.0,154.0,222.0,194.0,199.0,193.0,200.0,31.0,99.0,78.0,208.0,224.0,210.0,235.0,188.0,230.0,239.0,259.0,210.0,201.0,236.0,208.0,189.0,168.0,214.0,213.0,223.0,176.0,204.0,172.0,198.0,212.0,269.0,192.0,230.0,253.0,202.0,217.0,233.0,218.0,244.0,247.0,209.0,276.0,266.0,238.0,212.0,240.0,208.0,206.0,261.0,233.0,245.0,257.0,235.0,247.0,223.0,240.0,300.0,303.0,178.0,187.0,253.0,210.0,204.0,290.0,237.0,272.0,316.0,223.0,235.0,240.0,292.0,312.0,337.0,279.0,324.0,326.0,298.0,303.0,317.0,308.0,327.0,326.0,308.0,327.0,313.0,312.0,305.0,369.0,329.0,312.0,332.0,306.0,303.0,331.0,322.0,332.0,335.0,325.0,311.0,367.0,322.0,304.0,175.0,219.0,321.0,323.0,332.0,326.0,322.0,296.0,303.0,175.0,308.0,295.0,300.0,319.0,144.0,197.0,144.0,228.0,197.0,98.0,218.0,214.0,169.0,220.0,240.0,105.0,220.0,218.0,156.0,49.0,237.0,364.0,360.0,239.0,31.0,27.0,225.0,68.0,100.0,142.0,201.0,221.0,238.0,214.0,2.0,254.0,167.0,237.0,132.0
281.0,265.0,282.0,257.0,277.0,252.0,22.0,301.0,276.0,76.0,263.0,305.0,248.0,280.0,305.0,266.0,272.0,244.0,293.0,288.0,292.0,271.0,264.0,275.0,234.0,226.0,206.0,220.0,280.0,261.0,235.0,270.0,293.0,216.0,247.0,287.0,288.0,249.0,307.0,255.0,277.0,292.0,279.0,298.0,308.0,244.0,300.0,301.0,259.0,297.0,349.0,263.0,300.0,329.0,310.0,296.0,320.0,263.0,310.0,327.0,239.0,306.0,379.0,246.0,252.0,310.0,294.0,347.0,300.0,287.0,317.0,388.0,292.0,307.0,378.0,327.0,362.0,359.0,302.0,342.0,367.0,320.0,375.0,353.0,340.0,379.0,364.0,323.0,347.0,379.0,340.0,353.0,393.0,320.0,358.0,368.0,338.0,386.0,369.0,360.0,349.0,362.0,336.0,377.0,401.0,301.0,369.0,235.0,301.0,348.0,368.0,317.0,364.0,391.0,337.0,337.0,235.0,339.0,370.0,344.0,372.0,294.0,319.0,233.0,287.0,319.0,248.0,283.0,322.0,224.0,266.0,292.0,271.0,282.0,268.0,280.0,286.0,300.0,426.0,377.0,248.0,227.0,163.0,264.0,209.0,231.0,255.0,260.0,302.0,291.0,262.0,193.0,318.0,327.0,277.0,274.0
285.0,284.0,317.0,267.0,307.0,344.0,302.0,291.0,298.0,53.0,302.0,339.0,310.0,297.0,329.0,258.0,309.0,360.0,293.0,356.0,390.0,295.0,311.0,345.0,349.0,263.0,279.0,334.0,355.0,372.0,319.0,341.0,286.0,282.0,238.0,344.0,335.0,333.0,384.0,308.0,358.0,323.0,336.0,313.0,442.0,353.0,349.0,402.0,327.0,373.0,395.0,359.0,329.0,349.0,368.0,348.0,366.0,317.0,326.0,403.0,328.0,402.0,436.0,358.0,309.0,356.0,342.0,333.0,367.0,364.0,378.0,446.0,375.0,404.0,409.0,363.0,383.0,437.0,328.0,363.0,397.0,375.0,398.0,474.0,395.0,413.0,421.0,386.0,391.0,439.0,385.0,381.0,434.0,408.0,409.0,437.0,370.0,397.0,410.0,368.0,375.0,413.0,343.0,362.0,423.0,373.0,351.0,292.0,373.0,373.0,397.0,360.0,392.0,390.0,363.0,382.0,292.0,385.0,348.0,396.0,389.0,320.0,371.0,321.0,360.0,371.0,304.0,314.0,384.0,289.0,333.0,355.0,284.0,307.0,339.0,312.0,366.0,311.0,463.0,466.0,268.0,243.0,280.0,316.0,270.0,320.0,314.0,293.0,331.0,272.0,294.0,275.0,405.0,375.0,339.0,366.0
324.0,293.0,315.0,332.0,286.0,306.0,350.0,310.0,336.0,325.0,303.0,368.0,309.0,283.0,355.0,290.0,332.0,380.0,302.0,378.0,396.0,336.0,320.0,340.0,316.0,268.0,265.0,326.0,326.0,390.0,298.0,317.0,308.0,300.0,285.0,373.0,367.0,319.0,428.0,305.0,406.0,376.0,349.0,351.0,381.0,355.0,351.0,416.0,368.0,339.0,320.0,351.0,352.0,379.0,340.0,411.0,397.0,369.0,370.0,393.0,347.0,410.0,425.0,388.0,364.0,367.0,391.0,435.0,421.0,395.0,397.0,442.0,358.0,367.0,472.0,417.0,428.0,416.0,356.0,375.0,410.0,401.0,441.0,400.0,405.0,425.0,447.0,381.0,410.0,410.0,409.0,368.0,470.0,400.0,411.0,411.0,406.0,398.0,380.0,412.0,366.0,437.0,391.0,387.0,411.0,388.0,358.0,305.0,395.0,378.0,390.0,397.0,388.0,424.0,385.0,397.0,305.0,373.0,382.0,410.0,421.0,357.0,386.0,394.0,338.0,386.0,344.0,327.0,410.0,320.0,337.0,398.0,341.0,370.0,450.0,294.0,336.0,409.0,490.0,421.0,342.0,227.0,260.0,328.0,296.0,300.0,348.0,272.0,352.0,332.0,375.0,343.0,388.0,352.0,353.0,321.0
358.0,387.0,391.0,360.0,358.0,419.0,410.0,384.0,377.0,406.0,338.0,394.0,366.0,328.0,377.0,390.0,421.0,467.0,370.0,393.0,450.0,420.0,438.0,401.0,398.0,360.0,352.0,348.0,435.0,424.0,371.0,386.0,429.0,388.0,293.0,414.0,444.0,460.0,495.0,429.0,422.0,403.0,390.0,495.0,494.0,413.0,479.0,456.0,416.0,496.0,465.0,398.0,426.0,491.0,460.0,402.0,453.0,438.0,505.0,447.0,405.0,502.0,429.0,390.0,415.0,471.0,435.0,468.0,553.0,487.0,487.0,527.0,443.0,461.0,523.0,426.0,420.0,415.0,337.0,441.0,437.0,435.0,441.0,426.0,435.0,426.0,471.0,428.0,452.0,460.0,459.0,449.0,478.0,410.0,448.0,447.0,431.0,436.0,432.0,462.0,458.0,477.0,434.0,387.0,463.0,521.0,420.0,374.0,379.0,407.0,434.0,450.0,472.0,474.0,405.0,411.0,374.0,414.0,452.0,429.0,484.0,372.0,481.0,411.0,433.0,481.0,434.0,414.0,445.0,415.0,433.0,471.0,387.0,426.0,461.0,406.0,395.0,472.0,553.0,408.0,341.0,348.0,350.0,384.0,314.0,356.0,458.0,377.0,385.0,417.0,384.0,394.0,445.0,435.0,385.0,400.0
490.0,434.0,473.0,463.0,470.0,488.0,473.0,488.0,445.0,460.0,485.0,493.0,445.0,501.0,452.0,445.0,551.0,542.0,418.0,516.0,547.0,418.0,477.0,511.0,494.0,407.0,453.0,476.0,411.0,485.0,460.0,552.0,455.0,410.0,453.0,486.0,449.0,434.0,602.0,468.0,464.0,480.0,513.0,464.0,566.0,470.0,596.0,526.0,494.0,547.0,585.0,496.0,483.0,593.0,522.0,530.0,560.0,423.0,535.0,573.0,489.0,518.0,642.0,466.0,470.0,502.0,450.0,564.0,586.0,490.0,606.0,646.0,446.0,486.0,624.0,482.0,484.0,542.0,409.0,454.0,505.0,469.0,490.0,500.0,483.0,488.0,506.0,474.0,519.0,543.0,461.0,468.0,524.0,479.0,454.0,512.0,487.0,494.0,517.0,462.0,549.0,559.0,484.0,490.0,489.0,594.0,439.0,436.0,458.0,474.0,481.0,486.0,484.0,517.0,465.0,480.0,436.0,469.0,501.0,490.0,490.0,523.0,531.0,545.0,527.0,531.0,457.0,490.0,561.0,497.0,504.0,503.0,519.0,511.0,559.0,484.0,521.0,536.0,629.0,536.0,406.0,471.0,462.0,486.0,428.0,535.0,475.0,482.0,533.0,519.0,467.0,490.0,545.0,413.0,498.0,499.0
432.0,519.0,508.0,460.0,503.0,513.0,454.0,431.0,496.0,543.0,464.0,451.0,545.0,427.0,542.0,534.0,541.0,551.0,568.0,449.0,657.0,505.0,494.0,564.0,521.0,463.0,525.0,467.0,540.0,528.0,458.0,456.0,479.0,515.0,482.0,533.0,454.0,508.0,590.0,523.0,526.0,565.0,544.0,518.0,614.0,555.0,575.0,650.0,569.0,520.0,631.0,481.0,587.0,580.0,460.0,570.0,585.0,558.0,564.0,640.0,555.0,624.0,693.0,494.0,578.0,521.0,539.0,603.0,614.0,544.0,530.0,761.0,552.0,537.0,586.0,501.0,519.0,552.0,419.0,481.0,513.0,500.0,506.0,524.0,503.0,465.0,520.0,491.0,515.0,555.0,500.0,524.0,604.0,482.0,479.0,553.0,518.0,524.0,536.0,510.0,486.0,528.0,491.0,500.0,541.0,562.0,499.0,502.0,544.0,500.0,486.0,480.0,504.0,518.0,492.0,469.0,510.0,486.0,504.0,499.0,582.0,584.0,600.0,451.0,566.0,600.0,537.0,593.0,618.0,497.0,493.0,608.0,521.0,530.0,510.0,516.0,567.0,596.0,690.0,628.0,407.0,473.0,470.0,483.0,474.0,531.0,550.0,527.0,524.0,522.0,531.0,482.0,587.0,494.0,553.0,555.0
477.0,457.0,474.0,469.0,533.0,520.0,521.0,514.0,497.0,483.0,458.0,498.0,483.0,520.0,520.0,538.0,596.0,643.0,530.0,555.0,604.0,531.0,516.0,495.0,513.0,516.0,539.0,550.0,562.0,563.0,467.0,483.0,522.0,436.0,496.0,511.0,523.0,573.0,635.0,562.0,582.0,519.0,541.0,531.0,570.0,498.0,535.0,588.0,542.0,546.0,599.0,525.0,518.0,520.0,529.0,564.0,587.0,532.0,632.0,527.0,563.0,661.0,729.0,489.0,566.0,614.0,528.0,603.0,717.0,481.0,566.0,666.0,554.0,602.0,635.0,520.0,499.0,537.0,469.0,483.0,510.0,504.0,491.0,518.0,481.0,516.0,511.0,512.0,521.0,543.0,521.0,522.0,566.0,489.0,497.0,536.0,501.0,498.0,537.0,484.0,546.0,563.0,468.0,522.0,573.0,633.0,484.0,550.0,502.0,521.0,528.0,481.0,489.0,547.0,453.0,499.0,527.0,463.0,508.0,528.0,488.0,538.0,499.0,532.0,562.0,499.0,477.0,546.0,606.0,490.0,509.0,566.0,529.0,510.0,593.0,541.0,563.0,586.0,741.0,583.0,439.0,474.0,432.0,553.0,508.0,488.0,513.0,504.0,535.0,586.0,508.0,526.0,592.0,524.0,515.0,510.0
456.0,532.0,520.0,531.0,570.0,528.0,398.0,564.0,525.0,542.0,567.0,595.0,602.0,620.0,621.0,595.0,625.0,687.0,590.0,624.0,700.0,583.0,572.0,589.0,562.0,528.0,554.0,599.0,613.0,571.0,489.0,623.0,545.0,461.0,505.0,628.0,596.0,593.0,586.0,578.0,582.0,574.0,593.0,700.0,610.0,590.0,638.0,712.0,578.0,520.0,612.0,550.0,580.0,663.0,608.0,668.0,667.0,584.0,671.0,683.0,601.0,682.0,737.0,550.0,647.0,601.0,587.0,588.0,659.0,565.0,635.0,681.0,550.0,532.0,662.0,520.0,521.0,517.0,459.0,529.0,545.0,517.0,555.0,516.0,536.0,533.0,512.0,500.0,501.0,581.0,508.0,533.0,542.0,517.0,528.0,541.0,533.0,572.0,550.0,558.0,550.0,589.0,529.0,540.0,588.0,526.0,501.0,675.0,528.0,514.0,578.0,536.0,500.0,552.0,490.0,509.0,529.0,509.0,509.0,552.0,589.0,561.0,627.0,539.0,650.0,627.0,583.0,636.0,680.0,531.0,543.0,505.0,516.0,557.0,707.0,562.0,547.0,661.0,688.0,579.0,440.0,503.0,528.0,558.0,545.0,568.0,530.0,550.0,590.0,609.0,570.0,502.0,648.0,613.0,546.0,511.0
580.0,594.0,540.0,665.0,665.0,647.0,621.0,627.0,648.0,663.0,696.0,672.0,700.0,727.0,676.0,711.0,752.0,788.0,663.0,751.0,791.0,690.0,616.0,697.0,736.0,708.0,700.0,725.0,632.0,744.0,641.0,694.0,628.0,628.0,564.0,689.0,650.0,720.0,791.0,601.0,653.0,538.0,717.0,677.0,711.0,664.0,655.0,755.0,657.0,711.0,770.0,680.0,668.0,706.0,634.0,693.0,834.0,605.0,732.0,773.0,625.0,818.0,783.0,676.0,645.0,736.0,616.0,641.0,789.0,640.0,548.0,800.0,629.0,688.0,691.0,537.0,606.0,586.0,488.0,568.0,550.0,547.0,540.0,581.0,530.0,585.0,549.0,550.0,584.0,611.0,561.0,561.0,592.0,545.0,402.0,579.0,557.0,626.0,646.0,573.0,605.0,669.0,590.0,583.0,609.0,554.0,579.0,770.0,547.0,556.0,613.0,564.0,592.0,620.0,541.0,562.0,581.0,569.0,539.0,626.0,661.0,700.0,700.0,642.0,604.0,700.0,686.0,681.0,781.0,584.0,691.0,686.0,622.0,723.0,737.0,642.0,738.0,755.0,755.0,626.0,510.0,595.0,632.0,600.0,648.0,641.0,619.0,699.0,614.0,682.0,614.0,696.0,705.0,596.0,618.0,583.0
632.0,636.0,648.0,673.0,664.0,727.0,706.0,667.0,667.0,725.0,655.0,698.0,754.0,768.0,809.0,827.0,772.0,858.0,733.0,735.0,878.0,661.0,705.0,716.0,706.0,674.0,750.0,723.0,708.0,762.0,728.0,810.0,807.0,688.0,656.0,822.0,754.0,759.0,791.0,760.0,726.0,698.0,797.0,775.0,711.0,727.0,731.0,930.0,765.0,732.0,726.0,758.0,737.0,828.0,745.0,736.0,820.0,693.0,877.0,862.0,810.0,830.0,845.0,760.0,688.0,747.0,729.0,751.0,857.0,652.0,692.0,883.0,672.0,788.0,737.0,567.0,594.0,633.0,489.0,579.0,593.0,571.0,604.0,613.0,611.0,589.0,632.0,596.0,573.0,684.0,575.0,612.0,642.0,600.0,609.0,661.0,595.0,610.0,662.0,620.0,637.0,679.0,549.0,624.0,696.0,603.0,648.0,838.0,571.0,607.0,649.0,601.0,636.0,633.0,598.0,614.0,685.0,620.0,594.0,628.0,579.0,803.0,827.0,720.0,717.0,827.0,775.0,807.0,893.0,616.0,743.0,856.0,778.0,719.0,811.0,745.0,847.0,850.0,855.0,648.0,535.0,716.0,698.0,803.0,695.0,757.0,764.0,746.0,829.0,836.0,737.0,755.0,809.0,652.0,746.0,693.0
550.0,560.0,596.0,638.0,653.0,664.0,640.0,621.0,612.0,579.0,644.0,681.0,645.0,681.0,683.0,667.0,725.0,726.0,681.0,619.0,728.0,571.0,647.0,687.0,596.0,575.0,626.0,595.0,615.0,726.0,546.0,642.0,771.0,572.0,572.0,757.0,617.0,742.0,719.0,620.0,666.0,607.0,672.0,714.0,750.0,674.0,657.0,864.0,636.0,685.0,765.0,628.0,628.0,783.0,675.0,693.0,735.0,661.0,677.0,777.0,595.0,728.0,918.0,649.0,687.0,749.0,720.0,619.0,831.0,663.0,688.0,744.0,704.0,616.0,785.0,583.0,574.0,604.0,540.0,606.0,556.0,557.0,582.0,589.0,559.0,578.0,618.0,556.0,583.0,676.0,552.0,574.0,593.0,550.0,553.0,597.0,583.0,587.0,586.0,584.0,605.0,638.0,543.0,576.0,632.0,588.0,582.0,807.0,556.0,568.0,614.0,527.0,586.0,646.0,544.0,584.0,807.0,539.0,595.0,596.0,513.0,662.0,750.0,666.0,709.0,750.0,638.0,687.0,749.0,614.0,726.0,726.0,575.0,731.0,744.0,626.0,724.0,765.0,786.0,679.0,593.0,602.0,611.0,686.0,517.0,683.0,760.0,581.0,656.0,669.0,641.0,632.0,680.0,654.0,742.0,597.0
640.0,551.0,645.0,589.0,653.0,669.0,607.0,630.0,593.0,626.0,631.0,642.0,596.0,617.0,664.0,646.0,688.0,733.0,610.0,653.0,688.0,627.0,565.0,657.0,485.0,564.0,628.0,582.0,692.0,627.0,599.0,634.0,623.0,553.0,616.0,543.0,630.0,702.0,790.0,684.0,651.0,635.0,580.0,692.0,796.0,524.0,772.0,856.0,617.0,683.0,709.0,592.0,597.0,756.0,593.0,740.0,741.0,571.0,676.0,806.0,680.0,678.0,797.0,573.0,663.0,641.0,640.0,667.0,718.0,713.0,724.0,817.0,667.0,709.0,740.0,565.0,642.0,613.0,572.0,589.0,613.0,558.0,571.0,671.0,589.0,580.0,620.0,611.0,592.0,605.0,598.0,616.0,658.0,559.0,551.0,577.0,587.0,610.0,644.0,565.0,580.0,607.0,532.0,589.0,627.0,561.0,822.0,808.0,552.0,613.0,621.0,558.0,563.0,645.0,558.0,592.0,808.0,535.0,581.0,602.0,562.0,659.0,722.0,601.0,622.0,722.0,467.0,630.0,744.0,562.0,671.0,708.0,643.0,710.0,754.0,626.0,707.0,744.0,849.0,826.0,622.0,572.0,639.0,690.0,630.0,619.0,656.0,620.0,667.0,578.0,651.0,702.0,799.0,752.0,714.0,747.0
623.0,624.0,579.0,707.0,687.0,633.0,623.0,614.0,651.0,635.0,579.0,709.0,599.0,638.0,682.0,712.0,622.0,765.0,625.0,669.0,741.0,646.0,561.0,690.0,596.0,587.0,623.0,604.0,641.0,724.0,634.0,579.0,657.0,557.0,571.0,783.0,643.0,721.0,844.0,639.0,660.0,641.0,643.0,702.0,895.0,640.0,552.0,784.0,653.0,692.0,679.0,659.0,709.0,773.0,602.0,663.0,776.0,583.0,668.0,781.0,705.0,731.0,817.0,592.0,677.0,716.0,694.0,657.0,658.0,636.0,783.0,848.0,695.0,630.0,782.0,562.0,566.0,627.0,608.0,616.0,607.0,561.0,614.0,616.0,604.0,577.0,628.0,585.0,588.0,643.0,593.0,610.0,646.0,557.0,577.0,643.0,587.0,609.0,621.0,595.0,576.0,630.0,543.0,595.0,654.0,598.0,797.0,769.0,554.0,583.0,642.0,508.0,593.0,618.0,539.0,607.0,769.0,600.0,579.0,597.0,655.0,629.0,714.0,635.0,647.0,714.0,650.0,713.0,756.0,630.0,671.0,789.0,562.0,679.0,721.0,613.0,681.0,746.0,798.0,794.0,670.0,601.0,545.0,572.0,576.0,613.0,731.0,623.0,648.0,685.0,657.0,686.0,821.0,801.0,773.0,761.0
635.0,672.0,623.0,619.0,672.0,743.0,638.0,701.0,699.0,658.0,680.0,685.0,668.0,710.0,699.0,751.0,719.0,825.0,698.0,677.0,800.0,681.0,736.0,705.0,688.0,635.0,634.0,676.0,639.0,779.0,674.0,640.0,643.0,619.0,658.0,786.0,731.0,721.0,841.0,777.0,705.0,712.0,724.0,709.0,790.0,686.0,628.0,833.0,728.0,713.0,794.0,681.0,705.0,838.0,667.0,581.0,815.0,686.0,766.0,844.0,658.0,726.0,957.0,718.0,696.0,725.0,659.0,721.0,851.0,665.0,756.0,800.0,657.0,662.0,768.0,566.0,604.0,664.0,622.0,606.0,603.0,576.0,608.0,644.0,593.0,600.0,612.0,608.0,605.0,668.0,580.0,599.0,669.0,610.0,600.0,648.0,595.0,592.0,615.0,607.0,649.0,654.0,612.0,566.0,671.0,604.0,777.0,771.0,624.0,623.0,638.0,578.0,644.0,663.0,602.0,665.0,771.0,563.0,572.0,616.0,671.0,658.0,781.0,699.0,742.0,781.0,728.0,721.0,746.0,660.0,644.0,789.0,635.0,709.0,724.0,684.0,718.0,841.0,891.0,944.0,681.0,580.0,592.0,677.0,641.0,657.0,678.0,725.0,691.0,739.0,699.0,726.0,753.0,893.0,817.0,819.0
604.0,606.0,680.0,603.0,677.0,692.0,635.0,681.0,613.0,599.0,681.0,675.0,664.0,619.0,667.0,621.0,757.0,728.0,606.0,579.0,817.0,599.0,658.0,702.0,669.0,563.0,666.0,620.0,606.0,598.0,643.0,692.0,685.0,654.0,576.0,789.0,637.0,707.0,830.0,759.0,728.0,677.0,612.0,641.0,777.0,662.0,699.0,730.0,650.0,705.0,818.0,623.0,709.0,789.0,628.0,698.0,739.0,647.0,639.0,712.0,674.0,700.0,905.0,702.0,716.0,707.0,675.0,657.0,831.0,595.0,738.0,789.0,671.0,482.0,837.0,585.0,586.0,658.0,642.0,605.0,623.0,601.0,581.0,634.0,569.0,565.0,604.0,566.0,601.0,666.0,578.0,592.0,672.0,578.0,570.0,643.0,599.0,650.0,623.0,582.0,631.0,666.0,603.0,581.0,654.0,536.0,698.0,681.0,566.0,588.0,595.0,543.0,597.0,615.0,556.0,698.0,681.0,533.0,581.0,631.0,646.0,670.0,790.0,641.0,684.0,790.0,619.0,641.0,697.0,606.0,611.0,673.0,648.0,640.0,694.0,698.0,671.0,813.0,846.0,992.0,810.0,641.0,602.0,682.0,612.0,674.0,665.0,645.0,692.0,689.0,633.0,688.0,818.0,975.0,861.0,892.0
635.0,614.0,657.0,623.0,553.0,701.0,508.0,649.0,668.0,527.0,577.0,643.0,700.0,641.0,710.0,655.0,693.0,707.0,617.0,754.0,805.0,663.0,775.0,700.0,646.0,586.0,673.0,679.0,764.0,697.0,617.0,669.0,679.0,620.0,559.0,787.0,698.0,670.0,820.0,734.0,751.0,740.0,724.0,714.0,859.0,712.0,722.0,661.0,689.0,697.0,740.0,660.0,692.0,763.0,652.0,735.0,750.0,660.0,703.0,773.0,581.0,699.0,981.0,656.0,694.0,775.0,723.0,743.0,799.0,697.0,723.0,888.0,649.0,551.0,770.0,575.0,581.0,647.0,702.0,642.0,691.0,617.0,581.0,634.0,548.0,588.0,656.0,598.0,573.0,686.0,566.0,585.0,651.0,583.0,583.0,670.0,582.0,558.0,653.0,609.0,607.0,674.0,561.0,540.0,664.0,570.0,705.0,703.0,583.0,605.0,594.0,584.0,583.0,640.0,567.0,705.0,703.0,566.0,550.0,574.0,663.0,596.0,784.0,712.0,705.0,784.0,667.0,695.0,783.0,674.0,716.0,747.0,689.0,732.0,789.0,620.0,614.0,776.0,984.0,1003.0,796.0,629.0,510.0,616.0,597.0,648.0,679.0,620.0,626.0,722.0,682.0,769.0,756.0,951.0,911.0,858.0
640.0,721.0,738.0,591.0,630.0,700.0,584.0,628.0,640.0,616.0,555.0,710.0,675.0,649.0,718.0,688.0,750.0,851.0,674.0,746.0,759.0,711.0,699.0,748.0,678.0,671.0,674.0,702.0,739.0,802.0,671.0,688.0,675.0,609.0,555.0,791.0,764.0,799.0,940.0,767.0,769.0,849.0,694.0,786.0,818.0,672.0,802.0,914.0,721.0,671.0,885.0,736.0,667.0,687.0,664.0,717.0,734.0,676.0,757.0,857.0,613.0,721.0,967.0,640.0,708.0,825.0,706.0,707.0,866.0,716.0,766.0,1013.0,691.0,629.0,881.0,648.0,645.0,686.0,721.0,644.0,705.0,588.0,622.0,680.0,587.0,635.0,697.0,618.0,657.0,743.0,617.0,603.0,683.0,649.0,616.0,653.0,611.0,607.0,705.0,603.0,604.0,711.0,568.0,631.0,714.0,573.0,702.0,713.0,557.0,621.0,621.0,589.0,609.0,673.0,568.0,702.0,595.0,606.0,569.0,663.0,761.0,690.0,863.0,550.0,762.0,863.0,652.0,707.0,805.0,602.0,644.0,793.0,670.0,712.0,742.0,617.0,644.0,994.0,1007.0,1115.0,861.0,594.0,552.0,736.0,628.0,550.0,751.0,625.0,702.0,755.0,671.0,677.0,873.0,1156.0,1041.0,967.0
643.0,744.0,852.0,672.0,608.0,777.0,654.0,699.0,781.0,660.0,740.0,769.0,682.0,640.0,827.0,734.0,695.0,810.0,591.0,685.0,1005.0,785.0,760.0,841.0,629.0,663.0,805.0,656.0,616.0,792.0,651.0,715.0,732.0,623.0,667.0,876.0,778.0,710.0,1043.0,782.0,823.0,886.0,657.0,685.0,923.0,690.0,828.0,869.0,746.0,702.0,823.0,715.0,668.0,895.0,701.0,783.0,949.0,741.0,732.0,885.0,709.0,781.0,1095.0,635.0,737.0,815.0,533.0,736.0,962.0,663.0,738.0,970.0,772.0,729.0,1010.0,614.0,625.0,700.0,879.0,696.0,733.0,618.0,632.0,688.0,656.0,618.0,718.0,650.0,664.0,784.0,618.0,666.0,750.0,651.0,625.0,798.0,657.0,633.0,707.0,615.0,629.0,761.0,576.0,604.0,737.0,604.0,697.0,732.0,561.0,716.0,704.0,586.0,599.0,706.0,567.0,697.0,684.0,605.0,566.0,681.0,713.0,700.0,832.0,705.0,700.0,832.0,648.0,706.0,824.0,653.0,733.0,710.0,717.0,682.0,893.0,755.0,722.0,888.0,1202.0,1098.0,983.0,686.0,569.0,807.0,760.0,644.0,764.0,679.0,717.0,798.0,704.0,827.0,961.0,975.0,1066.0,982.0
755.0,758.0,778.0,629.0,664.0,804.0,389.0,662.0,715.0,549.0,596.0,805.0,603.0,707.0,759.0,637.0,693.0,874.0,664.0,741.0,960.0,729.0,760.0,807.0,622.0,631.0,711.0,667.0,652.0,811.0,618.0,633.0,773.0,615.0,586.0,788.0,733.0,742.0,980.0,799.0,794.0,872.0,778.0,839.0,920.0,657.0,818.0,937.0,623.0,702.0,866.0,596.0,642.0,777.0,702.0,713.0,891.0,700.0,774.0,915.0,723.0,782.0,1059.0,660.0,711.0,891.0,392.0,712.0,968.0,743.0,860.0,995.0,717.0,1014.0,989.0,636.0,650.0,710.0,883.0,686.0,723.0,672.0,683.0,677.0,591.0,677.0,774.0,635.0,624.0,786.0,614.0,672.0,734.0,680.0,648.0,744.0,692.0,638.0,738.0,596.0,672.0,783.0,579.0,642.0,756.0,594.0,658.0,715.0,588.0,622.0,686.0,599.0,627.0,690.0,584.0,658.0,662.0,553.0,626.0,710.0,674.0,652.0,908.0,693.0,657.0,908.0,715.0,661.0,824.0,562.0,692.0,881.0,660.0,677.0,912.0,659.0,801.0,979.0,1213.0,1238.0,1110.0,588.0,552.0,748.0,677.0,711.0,755.0,718.0,723.0,795.0,672.0,813.0,986.0,1325.0,1183.0,1080.0
751.0,688.0,825.0,672.0,675.0,815.0,846.0,608.0,765.0,631.0,618.0,812.0,647.0,668.0,743.0,685.0,761.0,919.0,718.0,765.0,1061.0,694.0,710.0,930.0,665.0,525.0,816.0,657.0,763.0,798.0,604.0,740.0,770.0,660.0,607.0,816.0,788.0,809.0,1015.0,866.0,869.0,901.0,749.0,812.0,874.0,684.0,886.0,996.0,742.0,703.0,867.0,702.0,814.0,891.0,729.0,834.0,927.0,732.0,798.0,974.0,766.0,960.0,1097.0,706.0,709.0,1010.0,771.0,752.0,893.0,866.0,837.0,995.0,797.0,929.0,950.0,652.0,633.0,792.0,958.0,724.0,771.0,635.0,656.0,740.0,652.0,713.0,798.0,677.0,668.0,796.0,668.0,699.0,739.0,716.0,701.0,779.0,663.0,664.0,757.0,643.0,628.0,729.0,621.0,578.0,808.0,607.0,676.0,731.0,602.0,605.0,724.0,636.0,589.0,759.0,598.0,676.0,729.0,604.0,604.0,707.0,675.0,708.0,874.0,670.0,741.0,874.0,644.0,766.0,897.0,667.0,668.0,878.0,706.0,750.0,952.0,658.0,757.0,983.0,1191.0,1243.0,1144.0,636.0,640.0,690.0,679.0,703.0,732.0,759.0,724.0,760.0,704.0,871.0,1073.0,1125.0,1261.0,1152.0
877.0,749.0,819.0,682.0,681.0,863.0,614.0,681.0,837.0,686.0,666.0,891.0,686.0,756.0,850.0,732.0,775.0,939.0,753.0,767.0,1062.0,751.0,788.0,867.0,717.0,666.0,853.0,698.0,739.0,922.0,719.0,784.0,868.0,649.0,701.0,921.0,839.0,436.0,1178.0,831.0,650.0,997.0,800.0,769.0,1008.0,701.0,856.0,996.0,706.0,735.0,1042.0,801.0,740.0,1058.0,781.0,819.0,990.0,691.0,809.0,1129.0,689.0,916.0,1219.0,728.0,831.0,959.0,770.0,871.0,1047.0,799.0,1017.0,1084.0,881.0,872.0,1095.0,677.0,644.0,818.0,908.0,824.0,800.0,669.0,662.0,810.0,679.0,718.0,829.0,678.0,727.0,841.0,710.0,700.0,783.0,670.0,740.0,820.0,669.0,716.0,783.0,685.0,686.0,815.0,607.0,645.0,792.0,661.0,681.0,752.0,609.0,675.0,789.0,634.0,638.0,761.0,604.0,681.0,727.0,650.0,641.0,751.0,629.0,753.0,941.0,730.0,710.0,941.0,621.0,763.0,965.0,697.0,769.0,933.0,755.0,728.0,957.0,735.0,745.0,1047.0,1216.0,1039.0,1156.0,624.0,617.0,852.0,687.0,794.0,840.0,737.0,693.0,920.0,750.0,750.0,1073.0,1102.0,1160.0,1319.0
820.0,793.0,965.0,779.0,774.0,886.0,744.0,714.0,829.0,719.0,755.0,864.0,739.0,696.0,849.0,809.0,883.0,1010.0,801.0,856.0,1178.0,813.0,791.0,1003.0,673.0,691.0,880.0,740.0,820.0,891.0,725.0,768.0,895.0,633.0,691.0,923.0,812.0,989.0,1175.0,895.0,799.0,988.0,819.0,889.0,1115.0,780.0,874.0,1005.0,850.0,848.0,1012.0,801.0,822.0,1042.0,720.0,795.0,919.0,777.0,910.0,1091.0,752.0,862.0,1228.0,798.0,871.0,973.0,828.0,772.0,1129.0,838.0,1032.0,1210.0,751.0,993.0,1121.0,720.0,647.0,818.0,828.0,799.0,852.0,762.0,704.0,833.0,721.0,743.0,793.0,700.0,751.0,874.0,775.0,789.0,847.0,748.0,770.0,944.0,718.0,692.0,805.0,667.0,663.0,810.0,670.0,642.0,862.0,610.0,692.0,787.0,632.0,691.0,761.0,651.0,686.0,816.0,688.0,692.0,725.0,674.0,698.0,779.0,696.0,809.0,972.0,790.0,815.0,972.0,566.0,850.0,1026.0,686.0,781.0,1023.0,723.0,740.0,1064.0,793.0,838.0,1115.0,1242.0,1108.0,1154.0,675.0,652.0,846.0,705.0,779.0,826.0,742.0,792.0,922.0,739.0,840.0,1102.0,1158.0,1216.0,1202.0
864.0,780.0,972.0,723.0,703.0,876.0,754.0,726.0,839.0,820.0,712.0,843.0,786.0,795.0,949.0,742.0,820.0,971.0,812.0,715.0,1135.0,809.0,865.0,996.0,684.0,708.0,949.0,687.0,711.0,869.0,705.0,757.0,914.0,670.0,458.0,963.0,831.0,1032.0,1293.0,934.0,839.0,991.0,831.0,916.0,1067.0,809.0,878.0,972.0,793.0,885.0,1071.0,767.0,834.0,999.0,817.0,807.0,923.0,756.0,871.0,1062.0,836.0,923.0,1257.0,784.0,889.0,1030.0,726.0,864.0,1068.0,884.0,1020.0,1145.0,901.0,952.0,1142.0,719.0,641.0,862.0,988.0,823.0,915.0,700.0,699.0,804.0,699.0,782.0,894.0,752.0,778.0,850.0,752.0,758.0,881.0,765.0,808.0,793.0,665.0,709.0,832.0,672.0,670.0,836.0,630.0,696.0,827.0,699.0,702.0,776.0,679.0,643.0,772.0,676.0,693.0,799.0,700.0,702.0,764.0,648.0,659.0,753.0,705.0,685.0,929.0,742.0,897.0,929.0,574.0,919.0,904.0,705.0,733.0,958.0,757.0,884.0,1062.0,784.0,792.0,1183.0,1030.0,1164.0,1001.0,621.0,701.0,893.0,665.0,587.0,847.0,698.0,773.0,933.0,900.0,873.0,1083.0,1112.0,1144.0,1264.0
844.0,872.0,996.0,699.0,742.0,974.0,560.0,637.0,922.0,802.0,731.0,938.0,695.0,759.0,1009.0,704.0,797.0,982.0,737.0,782.0,1188.0,829.0,839.0,1000.0,712.0,740.0,863.0,779.0,746.0,1025.0,769.0,822.0,955.0,656.0,780.0,893.0,894.0,895.0,1112.0,972.0,1107.0,1046.0,796.0,837.0,1090.0,797.0,981.0,975.0,777.0,830.0,940.0,769.0,823.0,1098.0,856.0,850.0,924.0,788.0,773.0,1125.0,907.0,903.0,1236.0,819.0,865.0,982.0,917.0,934.0,1073.0,844.0,947.0,1202.0,920.0,989.0,1135.0,701.0,757.0,789.0,979.0,773.0,883.0,681.0,686.0,861.0,739.0,769.0,892.0,733.0,773.0,708.0,744.0,730.0,890.0,773.0,787.0,917.0,754.0,771.0,828.0,716.0,714.0,817.0,673.0,711.0,895.0,742.0,732.0,823.0,669.0,672.0,850.0,637.0,680.0,831.0,658.0,732.0,750.0,639.0,690.0,827.0,682.0,867.0,977.0,798.0,895.0,977.0,653.0,909.0,1095.0,774.0,853.0,967.0,773.0,815.0,1057.0,869.0,917.0,1195.0,1214.0,1169.0,1016.0,717.0,725.0,902.0,710.0,896.0,920.0,706.0,807.0,879.0,890.0,892.0,1222.0,1026.0,1138.0,1126.0
966.0,1020.0,962.0,761.0,803.0,969.0,762.0,730.0,900.0,715.0,719.0,981.0,693.0,781.0,903.0,737.0,877.0,1030.0,746.0,879.0,1171.0,854.0,850.0,1020.0,779.0,722.0,943.0,679.0,821.0,1040.0,657.0,716.0,850.0,770.0,765.0,1038.0,775.0,997.0,1194.0,909.0,1064.0,1071.0,849.0,848.0,1013.0,736.0,921.0,1105.0,732.0,843.0,1092.0,766.0,857.0,1105.0,788.0,874.0,1111.0,783.0,858.0,1053.0,783.0,983.0,1300.0,872.0,942.0,1075.0,748.0,895.0,1213.0,882.0,929.0,948.0,998.0,546.0,1244.0,685.0,696.0,872.0,932.0,856.0,887.0,681.0,768.0,866.0,766.0,775.0,880.0,756.0,749.0,743.0,748.0,736.0,928.0,757.0,816.0,791.0,698.0,759.0,869.0,699.0,769.0,860.0,625.0,684.0,913.0,771.0,753.0,846.0,635.0,705.0,821.0,666.0,710.0,858.0,694.0,753.0,805.0,667.0,705.0,819.0,757.0,842.0,1081.0,742.0,822.0,1081.0,614.0,880.0,1132.0,706.0,784.0,1112.0,747.0,943.0,1186.0,678.0,828.0,1233.0,1284.0,1092.0,1032.0,640.0,625.0,961.0,688.0,757.0,968.0,705.0,850.0,980.0,827.0,941.0,1256.0,1212.0,1115.0,1075.0
827.0,948.0,991.0,763.0,628.0,917.0,787.0,878.0,919.0,658.0,719.0,930.0,703.0,752.0,811.0,695.0,869.0,1015.0,750.0,792.0,1315.0,883.0,926.0,1075.0,765.0,628.0,1025.0,788.0,811.0,1072.0,732.0,799.0,1014.0,714.0,826.0,1039.0,896.0,941.0,1309.0,890.0,1034.0,1148.0,774.0,915.0,1150.0,864.0,1000.0,1196.0,817.0,897.0,1154.0,782.0,884.0,1120.0,801.0,810.0,1000.0,851.0,928.0,1111.0,905.0,1016.0,1184.0,843.0,965.0,1107.0,940.0,890.0,1106.0,888.0,1097.0,1053.0,957.0,667.0,1301.0,701.0,722.0,908.0,990.0,804.0,880.0,753.0,824.0,846.0,823.0,771.0,751.0,735.0,849.0,789.0,727.0,759.0,981.0,749.0,792.0,927.0,748.0,793.0,887.0,705.0,819.0,826.0,664.0,735.0,947.0,801.0,776.0,881.0,673.0,736.0,866.0,680.0,705.0,827.0,672.0,776.0,799.0,644.0,695.0,818.0,800.0,821.0,1169.0,742.0,760.0,1169.0,620.0,946.0,1103.0,755.0,931.0,1037.0,733.0,858.0,1163.0,685.0,921.0,1201.0,1337.0,1028.0,955.0,697.0,656.0,975.0,711.0,800.0,961.0,802.0,896.0,933.0,911.0,965.0,1247.0,1105.0,1194.0,1193.0
841.0,936.0,1013.0,805.0,773.0,994.0,743.0,768.0,909.0,755.0,768.0,1035.0,755.0,849.0,983.0,845.0,896.0,1117.0,821.0,870.0,1195.0,835.0,963.0,1073.0,769.0,715.0,1013.0,825.0,923.0,1113.0,749.0,833.0,980.0,800.0,848.0,1120.0,1001.0,988.0,1264.0,893.0,1006.0,1065.0,834.0,893.0,1130.0,862.0,1013.0,1251.0,729.0,917.0,1102.0,820.0,846.0,1192.0,787.0,957.0,1111.0,896.0,970.0,1281.0,900.0,1019.0,1091.0,878.0,981.0,1100.0,871.0,871.0,1197.0,729.0,1097.0,1171.0,867.0,727.0,1240.0,795.0,619.0,914.0,951.0,840.0,812.0,711.0,764.0,863.0,743.0,769.0,647.0,768.0,759.0,805.0,754.0,749.0,907.0,773.0,799.0,931.0,791.0,760.0,914.0,748.0,799.0,929.0,636.0,748.0,853.0,824.0,799.0,899.0,663.0,740.0,876.0,702.0,728.0,872.0,661.0,799.0,786.0,633.0,701.0,826.0,702.0,862.0,1046.0,724.0,812.0,1046.0,616.0,917.0,1195.0,778.0,857.0,1131.0,886.0,804.0,1094.0,808.0,846.0,1103.0,1021.0,1081.0,1064.0,694.0,771.0,904.0,797.0,795.0,1024.0,821.0,839.0,1109.0,899.0,982.0,1252.0,1223.0,1185.0,1088.0
932.0,939.0,1102.0,819.0,743.0,1007.0,817.0,867.0,967.0,813.0,710.0,1074.0,810.0,832.0,1074.0,841.0,911.0,1108.0,841.0,927.0,1329.0,859.0,948.0,1125.0,812.0,878.0,1044.0,723.0,854.0,1138.0,768.0,855.0,1052.0,805.0,762.0,1223.0,933.0,935.0,1302.0,1003.0,1013.0,1161.0,820.0,935.0,1182.0,916.0,929.0,1037.0,909.0,1016.0,1151.0,764.0,884.0,1194.0,835.0,948.0,1234.0,808.0,1051.0,1135.0,880.0,1087.0,1104.0,871.0,910.0,1180.0,913.0,999.0,1237.0,928.0,1042.0,1186.0,883.0,728.0,1252.0,756.0,641.0,852.0,971.0,850.0,822.0,716.0,808.0,916.0,769.0,771.0,765.0,793.0,816.0,926.0,741.0,804.0,977.0,758.0,797.0,922.0,770.0,816.0,928.0,718.0,789.0,817.0,637.0,781.0,941.0,790.0,832.0,933.0,681.0,734.0,860.0,681.0,778.0,895.0,671.0,832.0,800.0,720.0,707.0,865.0,820.0,891.0,1176.0,868.0,937.0,1176.0,639.0,925.0,1142.0,899.0,861.0,1200.0,819.0,958.0,1302.0,859.0,850.0,1233.0,1078.0,1351.0,920.0,753.0,751.0,1090.0,841.0,903.0,1123.0,799.0,824.0,1058.0,900.0,0.0,1360.0,1220.0,1278.0,1126.0
1009.0,951.0,1120.0,847.0,912.0,1090.0,823.0,837.0,952.0,864.0,817.0,1024.0,765.0,915.0,1080.0,895.0,881.0,1066.0,885.0,874.0,1262.0,906.0,965.0,1190.0,854.0,708.0,1105.0,862.0,815.0,1232.0,900.0,906.0,1032.0,726.0,911.0,1191.0,998.0,1139.0,1260.0,963.0,1100.0,1223.0,813.0,964.0,1144.0,895.0,878.0,1207.0,825.0,903.0,1268.0,843.0,845.0,1201.0,824.0,911.0,1178.0,987.0,1064.0,1217.0,937.0,1126.0,1259.0,869.0,911.0,1133.0,984.0,1054.0,1127.0,869.0,1078.0,1154.0,911.0,741.0,1195.0,727.0,708.0,960.0,876.0,860.0,624.0,728.0,836.0,914.0,750.0,818.0,800.0,747.0,749.0,959.0,742.0,767.0,955.0,802.0,825.0,939.0,774.0,770.0,871.0,841.0,758.0,863.0,725.0,776.0,942.0,703.0,829.0,947.0,713.0,743.0,916.0,712.0,750.0,875.0,696.0,829.0,896.0,681.0,715.0,900.0,803.0,955.0,1305.0,909.0,803.0,1305.0,753.0,894.0,1318.0,975.0,1018.0,1216.0,761.0,983.0,1284.0,918.0,1024.0,1285.0,1054.0,1196.0,986.0,798.0,884.0,1020.0,818.0,937.0,1133.0,902.0,1002.0,1216.0,937.0,0.0,1307.0,955.0,1212.0,1170.0
979.0,1001.0,1224.0,844.0,918.0,1192.0,847.0,852.0,1091.0,838.0,865.0,1107.0,843.0,884.0,1108.0,884.0,951.0,1210.0,956.0,997.0,1314.0,992.0,956.0,1138.0,823.0,736.0,1119.0,915.0,863.0,1111.0,730.0,929.0,1127.0,954.0,912.0,1303.0,1031.0,1127.0,1240.0,934.0,1012.0,1208.0,924.0,1072.0,1003.0,881.0,1095.0,1245.0,929.0,774.0,1241.0,960.0,875.0,1225.0,936.0,878.0,1275.0,892.0,1096.0,1290.0,1000.0,1112.0,1259.0,976.0,1032.0,1140.0,1086.0,954.0,1223.0,975.0,1095.0,1231.0,917.0,637.0,1157.0,792.0,774.0,952.0,939.0,895.0,588.0,780.0,760.0,925.0,767.0,800.0,928.0,795.0,779.0,932.0,807.0,841.0,967.0,783.0,792.0,949.0,827.0,773.0,953.0,811.0,768.0,909.0,698.0,816.0,965.0,739.0,855.0,959.0,719.0,756.0,801.0,695.0,779.0,916.0,747.0,855.0,936.0,750.0,745.0,971.0,819.0,987.0,1162.0,908.0,962.0,1162.0,756.0,977.0,1283.0,947.0,988.0,1178.0,949.0,913.0,1255.0,902.0,1052.0,1315.0,1042.0,1244.0,991.0,804.0,872.0,1111.0,846.0,987.0,1225.0,909.0,984.0,1314.0,1009.0,318.0,1303.0,1124.0,1180.0,1294.0
1035.0,970.0,1142.0,985.0,934.0,1202.0,799.0,924.0,1068.0,809.0,810.0,1249.0,903.0,854.0,1105.0,962.0,929.0,1316.0,939.0,1017.0,1333.0,927.0,1028.0,1248.0,922.0,709.0,1090.0,888.0,997.0,1161.0,977.0,752.0,1052.0,881.0,854.0,1212.0,1016.0,1096.0,1255.0,1026.0,956.0,1270.0,916.0,953.0,1034.0,1007.0,1047.0,1250.0,917.0,1143.0,1205.0,900.0,879.0,1237.0,963.0,923.0,1284.0,950.0,959.0,1068.0,1034.0,919.0,1272.0,1025.0,904.0,1124.0,1007.0,1021.0,1006.0,1017.0,1161.0,1092.0,932.0,924.0,1232.0,762.0,837.0,963.0,889.0,896.0,761.0,704.0,764.0,896.0,741.0,803.0,958.0,792.0,760.0,938.0,780.0,844.0,1014.0,799.0,834.0,951.0,744.0,672.0,900.0,757.0,754.0,917.0,741.0,756.0,939.0,722.0,853.0,953.0,786.0,745.0,719.0,753.0,731.0,884.0,735.0,853.0,953.0,760.0,728.0,945.0,883.0,1042.0,1192.0,943.0,902.0,1192.0,686.0,974.0,1155.0,900.0,1108.0,1210.0,1004.0,983.0,1225.0,888.0,1128.0,1274.0,1117.0,1141.0,953.0,901.0,895.0,1173.0,911.0,1006.0,1274.0,956.0,944.0,1266.0,1076.0,1131.0,1309.0,1022.0,1263.0,1260.0
948.0,990.0,1214.0,914.0,1012.0,1235.0,965.0,975.0,1145.0,863.0,836.0,1137.0,916.0,985.0,1219.0,1000.0,1002.0,1280.0,926.0,870.0,1090.0,1046.0,993.0,1332.0,833.0,868.0,1120.0,936.0,1043.0,1154.0,1038.0,939.0,1107.0,896.0,1045.0,1254.0,1022.0,1104.0,1254.0,1064.0,1043.0,1227.0,964.0,1030.0,875.0,982.0,1122.0,1197.0,941.0,1067.0,1328.0,1000.0,1055.0,1259.0,922.0,1067.0,1249.0,993.0,1120.0,1280.0,1175.0,862.0,1241.0,1035.0,982.0,1268.0,956.0,1119.0,993.0,1101.0,1022.0,1132.0,1138.0,1086.0,1303.0,788.0,788.0,946.0,825.0,813.0,945.0,828.0,792.0,973.0,823.0,782.0,929.0,904.0,704.0,950.0,758.0,812.0,964.0,843.0,870.0,918.0,784.0,709.0,873.0,788.0,812.0,976.0,696.0,775.0,1005.0,657.0,880.0,979.0,904.0,780.0,744.0,771.0,774.0,892.0,774.0,880.0,957.0,750.0,799.0,957.0,863.0,994.0,1189.0,865.0,903.0,1163.0,1037.0,658.0,1091.0,921.0,1086.0,1300.0,1006.0,1031.0,1111.0,995.0,1014.0,1209.0,1212.0,1130.0,921.0,825.0,896.0,1216.0,910.0,975.0,1212.0,906.0,968.0,1179.0,1067.0,1254.0,1203.0,1094.0,1259.0,1217.0
1086.0,1083.0,1303.0,1006.0,984.0,1200.0,947.0,1046.0,1291.0,865.0,903.0,1247.0,868.0,915.0,1318.0,982.0,1056.0,1218.0,1001.0,1044.0,1214.0,1043.0,965.0,1272.0,867.0,918.0,1259.0,1015.0,1062.0,1229.0,915.0,1088.0,1199.0,888.0,993.0,1256.0,1009.0,1108.0,1136.0,1060.0,1060.0,1252.0,926.0,928.0,1181.0,1037.0,1135.0,1296.0,1067.0,994.0,1226.0,1000.0,1015.0,1232.0,1063.0,1116.0,1223.0,1051.0,1119.0,1292.0,1076.0,1080.0,1066.0,1071.0,1174.0,1206.0,1069.0,1187.0,1108.0,1103.0,1171.0,1171.0,1034.0,1207.0,1162.0,841.0,819.0,901.0,912.0,894.0,932.0,747.0,871.0,914.0,818.0,879.0,918.0,922.0,646.0,891.0,820.0,847.0,971.0,816.0,819.0,969.0,809.0,724.0,949.0,794.0,816.0,988.0,725.0,869.0,1009.0,802.0,891.0,972.0,802.0,840.0,893.0,798.0,774.0,956.0,786.0,891.0,964.0,830.0,828.0,949.0,833.0,1073.0,1266.0,991.0,938.0,1276.0,1079.0,1042.0,1282.0,1029.0,1135.0,1092.0,1005.0,1120.0,1202.0,1079.0,1162.0,1192.0,1056.0,1095.0,904.0,1027.0,952.0,1307.0,1035.0,965.0,1299.0,1046.0,1105.0,1281.0,1031.0,1170.0,1196.0,1034.0,1155.0,1028.0
1046.0,1102.0,1319.0,1037.0,957.0,1157.0,973.0,1043.0,1347.0,898.0,792.0,1363.0,1053.0,1104.0,1211.0,1023.0,1096.0,1154.0,1031.0,1151.0,1365.0,1057.0,1090.0,1174.0,1079.0,950.0,1134.0,901.0,972.0,1235.0,1115.0,1126.0,1235.0,1042.0,1092.0,1250.0,1099.0,1182.0,1176.0,1139.0,1228.0,1224.0,997.0,1040.0,1014.0,955.0,1063.0,1267.0,1088.0,1172.0,1250.0,1094.0,1225.0,1270.0,1059.0,1132.0,1235.0,1096.0,1229.0,1196.0,1108.0,960.0,1137.0,1135.0,1085.0,1265.0,1205.0,1207.0,1141.0,1187.0,1277.0,1026.0,1083.0,1290.0,1290.0,892.0,921.0,1003.0,858.0,946.0,921.0,824.0,939.0,977.0,834.0,948.0,891.0,914.0,603.0,894.0,843.0,896.0,937.0,860.0,844.0,943.0,841.0,761.0,953.0,875.0,826.0,966.0,729.0,871.0,973.0,815.0,905.0,982.0,800.0,865.0,959.0,852.0,811.0,981.0,802.0,905.0,968.0,776.0,896.0,983.0,815.0,1091.0,1194.0,1116.0,1224.0,1252.0,1122.0,1212.0,1210.0,1023.0,1243.0,1169.0,1147.0,1212.0,1264.0,1103.0,1219.0,1252.0,1111.0,1264.0,983.0,1035.0,932.0,1286.0,980.0,1029.0,1232.0,1065.0,1171.0,1309.0,1191.0,1206.0,1193.0,1159.0,1247.0,1298.0
1030.0,1123.0,1219.0,1064.0,1104.0,1112.0,989.0,1131.0,1294.0,1043.0,864.0,1210.0,1078.0,1155.0,1353.0,1095.0,1144.0,1176.0,1191.0,1196.0,1321.0,1170.0,1258.0,1311.0,1118.0,985.0,1370.0,1126.0,1260.0,1358.0,1029.0,1095.0,1007.0,1076.0,1118.0,1340.0,1104.0,1173.0,1222.0,1249.0,1210.0,1185.0,1069.0,1228.0,1061.0,1163.0,1236.0,1316.0,1174.0,1202.0,1232.0,1140.0,1086.0,1199.0,1203.0,1198.0,1199.0,1146.0,1274.0,1266.0,1104.0,1039.0,1202.0,1151.0,1134.0,1265.0,1182.0,1190.0,1222.0,1125.0,1030.0,1129.0,1006.0,1108.0,1290.0,882.0,866.0,892.0,849.0,860.0,959.0,859.0,886.0,989.0,877.0,904.0,952.0,881.0,866.0,928.0,847.0,856.0,927.0,886.0,885.0,983.0,856.0,816.0,964.0,864.0,881.0,994.0,840.0,909.0,940.0,851.0,901.0,930.0,824.0,854.0,958.0,842.0,886.0,970.0,828.0,901.0,967.0,861.0,912.0,970.0,880.0,1059.0,1294.0,1192.0,1247.0,1274.0,1220.0,1244.0,1195.0,1076.0,1030.0,1194.0,1088.0,1174.0,1175.0,1146.0,1239.0,1187.0,1136.0,1179.0,955.0,1148.0,1115.0,1337.0,1068.0,916.0,1283.0,1100.0,1234.0,1255.0,1181.0,1284.0,1133.0,1268.0,1149.0,1225.0
1141.0,1098.0,1413.0,1065.0,1177.0,1174.0,1211.0,1208.0,1378.0,1075.0,1040.0,1285.0,1112.0,1157.0,1325.0,1179.0,1328.0,1137.0,1192.0,1303.0,1341.0,1240.0,1262.0,1289.0,1102.0,916.0,1221.0,999.0,1160.0,1320.0,1079.0,1189.0,1183.0,1152.0,1164.0,1256.0,1310.0,1275.0,1177.0,1242.0,1180.0,1250.0,1045.0,1262.0,975.0,1214.0,1239.0,1088.0,1211.0,1374.0,1260.0,1208.0,1300.0,1229.0,1155.0,1135.0,1210.0,1223.0,1182.0,1081.0,1262.0,1070.0,1199.0,1266.0,1163.0,1206.0,1226.0,1121.0,1180.0,1181.0,1244.0,1166.0,1159.0,1253.0,1195.0,895.0,866.0,916.0,788.0,813.0,918.0,843.0,885.0,975.0,942.0,848.0,897.0,873.0,887.0,958.0,888.0,888.0,946.0,897.0,894.0,958.0,857.0,852.0,937.0,850.0,880.0,1038.0,897.0,920.0,958.0,837.0,937.0,847.0,888.0,863.0,1002.0,857.0,943.0,971.0,902.0,937.0,994.0,885.0,933.0,1048.0,1015.0,1199.0,1272.0,1132.0,1029.0,1321.0,1041.0,1248.0,1206.0,1202.0,1263.0,1241.0,1154.0,1128.0,1274.0,1194.0,749.0,1225.0,1002.0,1200.0,1018.0,1063.0,1245.0,1346.0,1095.0,1009.0,1259.0,1309.0,1210.0,1254.0,1123.0,1349.0,1145.0,1181.0,1134.0,1114.0
1143.0,1185.0,1392.0,1193.0,1310.0,1273.0,1209.0,1397.0,1474.0,1174.0,1154.0,1300.0,1110.0,1345.0,1343.0,1277.0,1308.0,1239.0,1313.0,1120.0,1282.0,1318.0,1403.0,1315.0,1206.0,981.0,1084.0,1249.0,1202.0,1147.0,1208.0,1144.0,1300.0,1223.0,1169.0,1290.0,1189.0,1204.0,1253.0,1365.0,1365.0,1146.0,1326.0,1322.0,1106.0,1224.0,1261.0,1164.0,1217.0,1167.0,1275.0,1126.0,1309.0,1179.0,1224.0,1296.0,1101.0,1306.0,1199.0,1170.0,1323.0,1072.0,1078.0,1175.0,1294.0,1252.0,1180.0,1326.0,1238.0,1271.0,1005.0,1093.0,1222.0,1200.0,1233.0,925.0,965.0,937.0,852.0,943.0,983.0,894.0,965.0,1036.0,940.0,940.0,956.0,964.0,982.0,912.0,901.0,879.0,956.0,924.0,914.0,941.0,886.0,842.0,969.0,894.0,907.0,1046.0,950.0,934.0,1032.0,784.0,958.0,778.0,868.0,959.0,968.0,889.0,971.0,969.0,962.0,958.0,981.0,910.0,987.0,982.0,1028.0,1150.0,1159.0,1240.0,1178.0,1182.0,1249.0,1239.0,1263.0,1320.0,1245.0,1352.0,1074.0,1167.0,1241.0,1242.0,709.0,1265.0,1019.0,939.0,1010.0,1265.0,1175.0,1288.0,1296.0,1303.0,1318.0,1184.0,1209.0,1381.0,1232.0,1293.0,1237.0,1229.0,1050.0,780.0
1213.0,1208.0,1396.0,1209.0,1261.0,1222.0,1357.0,1375.0,1327.0,1294.0,1220.0,1255.0,1288.0,1003.0,1227.0,1076.0,1290.0,1309.0,1266.0,1103.0,1256.0,1210.0,1351.0,1184.0,1373.0,962.0,1307.0,1240.0,1349.0,1424.0,1202.0,1194.0,1340.0,1242.0,1126.0,1264.0,1178.0,1237.0,1212.0,1231.0,1330.0,1174.0,1298.0,1365.0,1103.0,1295.0,922.0,1108.0,1250.0,1293.0,1215.0,1157.0,1263.0,1210.0,1101.0,1150.0,1320.0,1256.0,1196.0,1121.0,1158.0,878.0,1036.0,1239.0,1282.0,1257.0,1258.0,1333.0,1267.0,1260.0,1123.0,1220.0,1232.0,1256.0,1118.0,926.0,928.0,910.0,806.0,1021.0,965.0,842.0,966.0,981.0,931.0,948.0,922.0,955.0,950.0,885.0,938.0,974.0,959.0,956.0,949.0,975.0,990.0,835.0,1009.0,973.0,888.0,942.0,1007.0,896.0,967.0,832.0,954.0,771.0,945.0,952.0,941.0,989.0,975.0,932.0,942.0,954.0,1037.0,947.0,922.0,968.0,1049.0,1092.0,1332.0,1225.0,1012.0,1285.0,1265.0,1226.0,1213.0,1303.0,1245.0,1355.0,1256.0,1165.0,1147.0,1209.0,1203.0,1251.0,947.0,967.0,1011.0,1301.0,1298.0,1206.0,1222.0,1378.0,1201.0,1325.0,1313.0,1332.0,1326.0,1401.0,1339.0,1228.0,1262.0,802.0
1302.0,1367.0,1165.0,1054.0,1328.0,1343.0,1273.0,1350.0,1256.0,1318.0,1190.0,1300.0,1297.0,1037.0,1332.0,1209.0,1379.0,1255.0,1369.0,1131.0,1315.0,1227.0,1457.0,1212.0,1376.0,927.0,1040.0,1248.0,1222.0,1323.0,1182.0,1181.0,1106.0,1294.0,1161.0,1198.0,1355.0,1231.0,1085.0,1200.0,1335.0,1154.0,1315.0,1173.0,1130.0,1264.0,1340.0,1199.0,1224.0,1342.0,1202.0,1242.0,1226.0,1159.0,1206.0,1201.0,1240.0,1254.0,1316.0,1139.0,1179.0,1010.0,1018.0,1129.0,1164.0,1178.0,1266.0,1388.0,1090.0,1216.0,1289.0,1141.0,1295.0,1197.0,1157.0,948.0,984.0,968.0,804.0,973.0,951.0,961.0,967.0,950.0,917.0,990.0,922.0,967.0,933.0,984.0,963.0,970.0,970.0,969.0,960.0,995.0,958.0,837.0,746.0,937.0,932.0,1002.0,927.0,904.0,955.0,965.0,944.0,772.0,943.0,992.0,983.0,1000.0,992.0,882.0,901.0,944.0,1006.0,889.0,942.0,1003.0,1024.0,1300.0,1173.0,1334.0,1073.0,1144.0,1235.0,1271.0,1279.0,1297.0,1131.0,1238.0,1216.0,1215.0,1269.0,1246.0,1254.0,1271.0,1031.0,906.0,872.0,1218.0,1230.0,1200.0,1160.0,1234.0,1227.0,1305.0,1232.0,1228.0,1355.0,1146.0,1151.0,1253.0,1283.0,777.0
1247.0,1314.0,1271.0,1202.0,1168.0,1215.0,1314.0,1288.0,1298.0,1334.0,1242.0,1408.0,1278.0,803.0,1303.0,1227.0,1299.0,1324.0,1285.0,1251.0,1217.0,1287.0,1271.0,1322.0,1325.0,926.0,1037.0,1200.0,1390.0,1235.0,1157.0,1229.0,1229.0,1279.0,1198.0,1209.0,1239.0,1256.0,1133.0,1333.0,1317.0,1195.0,1288.0,1337.0,1196.0,1280.0,1254.0,1041.0,1385.0,1251.0,1226.0,1282.0,1324.0,1203.0,1156.0,1193.0,1237.0,1356.0,1151.0,1003.0,1187.0,1031.0,1120.0,1256.0,1235.0,1171.0,1243.0,1167.0,882.0,1261.0,1296.0,1132.0,1312.0,1086.0,1229.0,966.0,959.0,986.0,757.0,931.0,958.0,932.0,963.0,960.0,951.0,975.0,932.0,967.0,948.0,903.0,959.0,996.0,1016.0,980.0,944.0,954.0,973.0,847.0,721.0,956.0,935.0,996.0,895.0,929.0,949.0,987.0,940.0,735.0,951.0,993.0,995.0,978.0,1018.0,937.0,957.0,940.0,1004.0,895.0,1033.0,992.0,1052.0,1261.0,1085.0,1274.0,1246.0,1202.0,1274.0,1278.0,1204.0,1339.0,1186.0,1182.0,1245.0,1299.0,1259.0,1321.0,1185.0,1230.0,991.0,941.0,923.0,1277.0,1270.0,1271.0,1186.0,1341.0,1287.0,1322.0,1138.0,1297.0,1332.0,1231.0,1306.0,1244.0,1161.0,1168.0
1241.0,1373.0,1155.0,1292.0,1230.0,1356.0,1334.0,1224.0,1383.0,1380.0,1139.0,1349.0,1346.0,1245.0,1321.0,1051.0,1377.0,1265.0,1352.0,1306.0,1364.0,1402.0,1244.0,1304.0,1279.0,943.0,1209.0,1221.0,1343.0,1283.0,1337.0,1169.0,1212.0,1297.0,1253.0,1200.0,1238.0,1083.0,1229.0,1311.0,1263.0,1226.0,1397.0,1310.0,1185.0,1181.0,1276.0,1243.0,1277.0,1206.0,1122.0,1346.0,1226.0,1171.0,1032.0,1241.0,1188.0,1265.0,1154.0,1042.0,1336.0,917.0,1151.0,1223.0,1091.0,1141.0,1159.0,1168.0,929.0,1261.0,1217.0,1145.0,1416.0,1137.0,1221.0,905.0,906.0,970.0,686.0,1002.0,993.0,942.0,960.0,893.0,925.0,909.0,899.0,951.0,965.0,959.0,949.0,926.0,982.0,966.0,929.0,937.0,966.0,911.0,716.0,985.0,984.0,1040.0,927.0,982.0,976.0,952.0,934.0,739.0,893.0,1012.0,1011.0,965.0,997.0,971.0,967.0,934.0,969.0,987.0,1015.0,986.0,1024.0,1175.0,1274.0,1269.0,1246.0,1192.0,1226.0,1291.0,1039.0,1375.0,1221.0,1209.0,1347.0,1289.0,1283.0,1230.0,1147.0,1197.0,952.0,806.0,1050.0,1150.0,1326.0,1338.0,1295.0,1317.0,1132.0,1309.0,1260.0,1284.0,1414.0,1318.0,354.0,1285.0,1292.0,810.0
1254.0,1361.0,1257.0,1399.0,1330.0,1320.0,1357.0,1402.0,1388.0,1387.0,1157.0,1288.0,1325.0,1342.0,1242.0,1039.0,1441.0,1226.0,1370.0,1345.0,1258.0,1254.0,1363.0,1216.0,1299.0,1055.0,1350.0,1218.0,1263.0,1201.0,1053.0,1314.0,1187.0,1270.0,1265.0,1261.0,1320.0,1205.0,1331.0,1213.0,1353.0,1158.0,1277.0,1301.0,1161.0,1289.0,1157.0,1138.0,1355.0,1236.0,1266.0,1256.0,1301.0,1019.0,1254.0,1281.0,1194.0,1254.0,1218.0,1083.0,1335.0,1027.0,1183.0,1233.0,1203.0,1202.0,1083.0,1249.0,1025.0,1205.0,1118.0,1172.0,1253.0,1191.0,1238.0,965.0,1002.0,981.0,660.0,994.0,962.0,996.0,1031.0,981.0,914.0,945.0,965.0,854.0,977.0,933.0,1007.0,977.0,1015.0,974.0,987.0,1010.0,951.0,887.0,735.0,1007.0,996.0,974.0,984.0,965.0,1036.0,965.0,857.0,745.0,964.0,956.0,960.0,988.0,1016.0,1011.0,982.0,857.0,979.0,957.0,1025.0,889.0,1089.0,1196.0,1125.0,1178.0,1142.0,1303.0,1175.0,1322.0,1304.0,1326.0,1405.0,1247.0,1270.0,1328.0,1303.0,1249.0,932.0,1251.0,942.0,867.0,903.0,970.0,1263.0,1297.0,1054.0,1281.0,1112.0,1295.0,1315.0,1307.0,1273.0,1172.0,989.0,1318.0,1299.0,1008.0
1299.0,1262.0,1369.0,1353.0,1228.0,1336.0,1337.0,1273.0,1356.0,1328.0,1073.0,1206.0,1125.0,1279.0,1399.0,1079.0,1307.0,1228.0,1348.0,1260.0,1330.0,1365.0,1181.0,1286.0,1240.0,1033.0,1205.0,1249.0,1320.0,1166.0,1168.0,1249.0,1184.0,1179.0,1341.0,1280.0,1318.0,1131.0,1138.0,1371.0,1316.0,1100.0,1304.0,1292.0,1186.0,1376.0,1148.0,1061.0,1387.0,1297.0,1029.0,1202.0,1228.0,1218.0,1260.0,1268.0,1246.0,1212.0,1243.0,1278.0,1146.0,1020.0,1266.0,1240.0,1173.0,1082.0,1276.0,1205.0,1108.0,1173.0,1228.0,1157.0,1235.0,1218.0,1181.0,1048.0,1008.0,960.0,687.0,993.0,962.0,934.0,985.0,960.0,1021.0,980.0,930.0,984.0,974.0,935.0,942.0,985.0,1029.0,1001.0,968.0,953.0,969.0,965.0,742.0,985.0,979.0,998.0,1026.0,947.0,987.0,991.0,843.0,728.0,983.0,1027.0,978.0,1029.0,989.0,955.0,994.0,843.0,1014.0,998.0,1035.0,1008.0,1129.0,790.0,1281.0,1176.0,1274.0,1150.0,1310.0,1324.0,1231.0,1353.0,1333.0,1228.0,1416.0,1199.0,1347.0,1309.0,1124.0,1204.0,916.0,745.0,909.0,1010.0,1263.0,1278.0,1282.0,1331.0,1217.0,1280.0,1346.0,1173.0,1134.0,1058.0,1212.0,1227.0,1279.0,1140.0
1303.0,1220.0,1368.0,1503.0,1109.0,1260.0,1391.0,1380.0,1368.0,1322.0,1151.0,1296.0,989.0,1308.0,1338.0,1249.0,1321.0,1336.0,1357.0,1287.0,1258.0,1219.0,1164.0,1235.0,1259.0,1019.0,1175.0,1207.0,1229.0,1380.0,1188.0,1270.0,1241.0,1399.0,1358.0,1177.0,1237.0,1033.0,1257.0,1401.0,1135.0,1091.0,1305.0,1312.0,1059.0,1326.0,1260.0,1166.0,1134.0,1263.0,1126.0,1219.0,1247.0,1180.0,1209.0,1305.0,1267.0,1367.0,1335.0,1107.0,1216.0,1071.0,1151.0,1097.0,1191.0,1017.0,1225.0,1288.0,1238.0,1170.0,1188.0,1200.0,1206.0,1273.0,1058.0,984.0,967.0,1015.0,650.0,990.0,1021.0,962.0,995.0,949.0,978.0,994.0,969.0,1014.0,965.0,932.0,1021.0,986.0,976.0,987.0,943.0,950.0,986.0,932.0,778.0,929.0,950.0,954.0,1039.0,999.0,938.0,1001.0,867.0,741.0,1001.0,1038.0,955.0,965.0,952.0,927.0,1012.0,867.0,1011.0,1028.0,1022.0,1067.0,1128.0,755.0,1311.0,1269.0,1308.0,1274.0,1266.0,1320.0,1200.0,1293.0,1282.0,1194.0,1148.0,1198.0,1296.0,1300.0,1227.0,1254.0,1032.0,786.0,904.0,990.0,1221.0,1222.0,1363.0,1200.0,1223.0,1282.0,1297.0,1212.0,1294.0,1230.0,1334.0,1306.0,1211.0,1282.0
1223.0,1244.0,1246.0,1432.0,1291.0,1268.0,1315.0,1323.0,1349.0,1270.0,1260.0,1267.0,1161.0,1319.0,1343.0,1283.0,1242.0,1370.0,1351.0,1322.0,1338.0,1357.0,1263.0,1270.0,1338.0,993.0,1335.0,1295.0,1219.0,1331.0,1270.0,1249.0,1298.0,1370.0,1258.0,1189.0,1209.0,973.0,1257.0,1313.0,1288.0,1227.0,1190.0,1212.0,1122.0,1272.0,1237.0,1226.0,1213.0,1179.0,1224.0,1228.0,1213.0,1159.0,1246.0,1276.0,1158.0,1203.0,1179.0,1202.0,1186.0,988.0,1220.0,1183.0,1170.0,1103.0,1348.0,1186.0,1101.0,1176.0,1171.0,1156.0,1209.0,1190.0,1148.0,986.0,982.0,993.0,609.0,946.0,949.0,931.0,932.0,960.0,943.0,971.0,946.0,890.0,933.0,941.0,952.0,970.0,944.0,971.0,955.0,966.0,982.0,957.0,766.0,644.0,950.0,987.0,988.0,986.0,936.0,1007.0,851.0,740.0,996.0,1030.0,1010.0,1024.0,916.0,921.0,1005.0,851.0,1047.0,965.0,1065.0,983.0,1030.0,755.0,1199.0,1233.0,1238.0,1103.0,1186.0,1213.0,1331.0,1373.0,1245.0,1181.0,1142.0,1082.0,1368.0,1204.0,1222.0,1313.0,892.0,737.0,861.0,944.0,1248.0,1235.0,1332.0,1125.0,1245.0,1056.0,1213.0,1215.0,1094.0,1186.0,1051.0,1027.0,1221.0,1262.0
1291.0,1382.0,1295.0,1320.0,1305.0,1293.0,1331.0,1255.0,1370.0,1149.0,1320.0,1311.0,1247.0,1409.0,1313.0,1298.0,1342.0,1233.0,1463.0,1297.0,1331.0,1291.0,1291.0,1308.0,1362.0,1030.0,1264.0,1243.0,1330.0,1184.0,1341.0,1373.0,1302.0,1192.0,1334.0,1154.0,997.0,1080.0,1171.0,1356.0,1360.0,1282.0,1234.0,1227.0,1219.0,1219.0,1232.0,1083.0,1268.0,1167.0,1194.0,1243.0,1239.0,1153.0,1182.0,1305.0,1125.0,1158.0,1249.0,1196.0,1404.0,1128.0,1219.0,1089.0,1239.0,1262.0,1167.0,1202.0,1188.0,1173.0,1209.0,1138.0,1158.0,1227.0,1232.0,975.0,985.0,1062.0,613.0,944.0,991.0,955.0,916.0,978.0,1009.0,1046.0,977.0,726.0,912.0,878.0,999.0,1001.0,957.0,1037.0,1021.0,942.0,947.0,959.0,726.0,680.0,985.0,957.0,979.0,939.0,920.0,957.0,821.0,754.0,945.0,1022.0,992.0,995.0,994.0,989.0,992.0,821.0,969.0,953.0,1045.0,970.0,916.0,659.0,1212.0,1314.0,1294.0,1222.0,1210.0,1359.0,1253.0,1222.0,1256.0,1216.0,1264.0,1132.0,1205.0,1190.0,1298.0,1100.0,996.0,765.0,839.0,1164.0,1204.0,1137.0,1283.0,1171.0,1125.0,960.0,1264.0,1254.0,1110.0,1184.0,363.0,1218.0,1289.0,1146.0
1218.0,1264.0,1194.0,1412.0,1315.0,1280.0,1305.0,1231.0,1248.0,1218.0,1389.0,1169.0,1392.0,1334.0,1239.0,1270.0,1219.0,1314.0,1396.0,1292.0,1325.0,1138.0,1305.0,1351.0,1308.0,1074.0,1061.0,1260.0,1404.0,1218.0,1328.0,1100.0,1356.0,1299.0,1423.0,1287.0,1232.0,1106.0,1298.0,1071.0,1265.0,1197.0,1095.0,1218.0,1214.0,1228.0,1330.0,1142.0,1167.0,1198.0,1206.0,1210.0,1298.0,1088.0,1218.0,1347.0,1269.0,1179.0,1154.0,1093.0,1161.0,1187.0,1066.0,998.0,1198.0,1092.0,1234.0,1254.0,1276.0,1188.0,1222.0,1207.0,1267.0,1214.0,841.0,997.0,992.0,865.0,585.0,971.0,990.0,900.0,914.0,873.0,983.0,971.0,935.0,714.0,989.0,899.0,1007.0,951.0,1010.0,1007.0,942.0,995.0,989.0,1043.0,737.0,654.0,1010.0,962.0,985.0,968.0,883.0,948.0,839.0,762.0,982.0,1020.0,983.0,1043.0,980.0,973.0,1039.0,839.0,987.0,952.0,1008.0,1048.0,1058.0,747.0,1306.0,1281.0,1322.0,1244.0,1249.0,1201.0,1161.0,1377.0,1400.0,1232.0,1161.0,1335.0,1170.0,1287.0,1339.0,1121.0,1025.0,727.0,839.0,1040.0,1297.0,1006.0,1144.0,1267.0,1170.0,954.0,1190.0,1123.0,1005.0,1250.0,471.0,1201.0,1202.0,1097.0
1216.0,1225.0,1236.0,1332.0,1269.0,1172.0,1271.0,1154.0,1284.0,1152.0,1439.0,1368.0,1299.0,1438.0,1372.0,1235.0,1424.0,1397.0,1122.0,1343.0,1222.0,1238.0,1334.0,1248.0,1437.0,1059.0,1051.0,1267.0,1385.0,1250.0,1330.0,1219.0,1209.0,1402.0,1222.0,1383.0,1295.0,1222.0,1171.0,1137.0,1117.0,1211.0,1188.0,1241.0,1242.0,985.0,1321.0,1149.0,1148.0,1232.0,1165.0,1260.0,1141.0,1208.0,1220.0,1194.0,1149.0,1322.0,1131.0,1196.0,1283.0,1296.0,1140.0,1210.0,1182.0,1208.0,1123.0,1267.0,1237.0,1183.0,1189.0,955.0,1291.0,1244.0,0.0,972.0,974.0,925.0,552.0,936.0,969.0,992.0,992.0,923.0,994.0,964.0,1004.0,666.0,958.0,879.0,820.0,1015.0,981.0,968.0,1043.0,990.0,1002.0,978.0,712.0,665.0,985.0,979.0,1003.0,1041.0,950.0,980.0,883.0,788.0,1002.0,999.0,1014.0,989.0,976.0,1001.0,992.0,883.0,1019.0,958.0,1048.0,1015.0,1055.0,742.0,1297.0,1239.0,1332.0,1315.0,1180.0,1059.0,1168.0,1251.0,1229.0,1336.0,1208.0,1168.0,1050.0,1255.0,1199.0,1184.0,976.0,812.0,720.0,1079.0,1167.0,1260.0,1143.0,1261.0,1241.0,1005.0,1309.0,1204.0,1197.0,1121.0,1148.0,1158.0,1250.0,1187.0
1261.0,1223.0,1340.0,1286.0,1209.0,1250.0,1349.0,1187.0,1305.0,1199.0,1188.0,1228.0,1304.0,1174.0,1329.0,1285.0,1407.0,1220.0,1276.0,1298.0,1120.0,1228.0,1278.0,1393.0,1432.0,1027.0,1059.0,1217.0,1271.0,1277.0,1329.0,1150.0,1373.0,1356.0,1353.0,1200.0,1229.0,1187.0,1345.0,1257.0,1302.0,1182.0,1168.0,1253.0,1208.0,1035.0,815.0,1208.0,1151.0,1187.0,1255.0,1272.0,1258.0,1161.0,1276.0,1231.0,1173.0,1304.0,1265.0,1209.0,1261.0,1005.0,1270.0,1254.0,1238.0,1238.0,1141.0,1211.0,1208.0,1221.0,1240.0,880.0,1210.0,1118.0,0.0,979.0,989.0,929.0,550.0,997.0,938.0,999.0,1008.0,1034.0,1019.0,974.0,995.0,710.0,928.0,856.0,952.0,1006.0,965.0,975.0,1005.0,966.0,986.0,985.0,660.0,720.0,962.0,1016.0,933.0,1007.0,879.0,969.0,881.0,760.0,980.0,991.0,914.0,956.0,1024.0,1030.0,1044.0,881.0,954.0,1013.0,1031.0,964.0,922.0,799.0,1245.0,1186.0,1381.0,1317.0,1256.0,1285.0,1226.0,1390.0,1360.0,1101.0,1242.0,1295.0,1143.0,1322.0,1300.0,1166.0,1016.0,840.0,693.0,1134.0,980.0,1126.0,1277.0,1232.0,1242.0,1033.0,1318.0,1213.0,1246.0,1256.0,996.0,1299.0,1227.0,1152.0
1118.0,1315.0,1083.0,1220.0,1313.0,1262.0,1205.0,1177.0,1254.0,1221.0,1238.0,1273.0,1308.0,1287.0,1206.0,1328.0,1255.0,1314.0,1309.0,1381.0,1289.0,1367.0,1329.0,1297.0,1268.0,1244.0,950.0,1343.0,1285.0,1242.0,1293.0,1309.0,1373.0,1276.0,1270.0,1310.0,1273.0,1178.0,1304.0,1274.0,1142.0,1027.0,1147.0,1253.0,1228.0,1167.0,859.0,1229.0,1308.0,1261.0,1319.0,1275.0,1204.0,1197.0,1100.0,905.0,1238.0,1345.0,760.0,1283.0,1308.0,1208.0,1226.0,1291.0,1005.0,1320.0,1233.0,1265.0,1293.0,1225.0,1167.0,1260.0,1252.0,1276.0,0.0,995.0,926.0,774.0,501.0,931.0,990.0,993.0,960.0,972.0,996.0,968.0,969.0,399.0,968.0,765.0,935.0,930.0,814.0,982.0,1018.0,979.0,902.0,1003.0,699.0,682.0,1019.0,961.0,855.0,1025.0,859.0,946.0,905.0,735.0,1023.0,1020.0,741.0,934.0,1015.0,947.0,1001.0,905.0,928.0,1073.0,965.0,880.0,1150.0,733.0,1191.0,1223.0,1350.0,1139.0,1379.0,1174.0,1260.0,1234.0,1270.0,1284.0,1359.0,1118.0,1156.0,1277.0,1183.0,1080.0,956.0,762.0,738.0,994.0,1010.0,1227.0,1224.0,1083.0,1262.0,951.0,1109.0,1143.0,1235.0,1110.0,1130.0,1137.0,1263.0,1218.0
1118.0,1231.0,1096.0,1143.0,1309.0,1294.0,1195.0,1165.0,1148.0,1268.0,1167.0,1143.0,1251.0,1226.0,1206.0,1289.0,1266.0,1185.0,1307.0,1336.0,1238.0,1244.0,1230.0,1246.0,1225.0,968.0,1061.0,1178.0,1258.0,1233.0,1106.0,1116.0,1309.0,1226.0,1186.0,1402.0,1287.0,1162.0,1281.0,1342.0,1287.0,1104.0,1183.0,1274.0,1227.0,1141.0,1065.0,1206.0,1267.0,1120.0,1295.0,1335.0,1191.0,1246.0,1197.0,811.0,1123.0,1206.0,1007.0,1167.0,1209.0,1137.0,1153.0,1192.0,1199.0,1102.0,1153.0,1323.0,1144.0,1222.0,1294.0,1019.0,1245.0,1223.0,0.0,988.0,1016.0,906.0,504.0,940.0,941.0,987.0,999.0,939.0,980.0,1004.0,884.0,132.0,958.0,766.0,1038.0,1004.0,881.0,999.0,966.0,820.0,876.0,935.0,752.0,700.0,975.0,896.0,863.0,976.0,872.0,879.0,820.0,712.0,957.0,1008.0,725.0,1010.0,983.0,962.0,965.0,820.0,938.0,971.0,894.0,921.0,1171.0,833.0,1061.0,1218.0,1259.0,1246.0,1256.0,1190.0,1280.0,1169.0,1192.0,1135.0,1251.0,1263.0,1181.0,1233.0,1181.0,1020.0,986.0,794.0,647.0,1279.0,980.0,1228.0,1223.0,1143.0,1148.0,922.0,1133.0,1144.0,1205.0,1195.0,1024.0,1120.0,1161.0,1186.0
1042.0,1164.0,984.0,1058.0,1161.0,1188.0,1162.0,1012.0,1049.0,1132.0,1240.0,1080.0,1228.0,1082.0,1143.0,1238.0,1209.0,1332.0,1174.0,1325.0,1277.0,1060.0,1312.0,1233.0,1170.0,1101.0,1062.0,1254.0,1227.0,1237.0,1061.0,1186.0,1147.0,1017.0,966.0,1284.0,1249.0,1194.0,1204.0,1234.0,1388.0,1175.0,1075.0,1166.0,1246.0,1229.0,1154.0,1141.0,1164.0,1202.0,1142.0,1207.0,1267.0,1264.0,1147.0,980.0,1051.0,1267.0,1143.0,1238.0,1104.0,1256.0,1214.0,1247.0,1205.0,1050.0,1308.0,1204.0,1130.0,1310.0,1308.0,1088.0,1168.0,1205.0,42.0,976.0,954.0,850.0,501.0,917.0,886.0,989.0,917.0,889.0,956.0,986.0,894.0,617.0,973.0,821.0,1009.0,966.0,990.0,912.0,879.0,877.0,946.0,962.0,882.0,593.0,1024.0,852.0,875.0,996.0,836.0,865.0,793.0,704.0,929.0,930.0,860.0,967.0,959.0,936.0,971.0,793.0,896.0,942.0,984.0,898.0,1098.0,752.0,1172.0,1206.0,1269.0,1163.0,1246.0,1285.0,1180.0,1010.0,1151.0,1142.0,1174.0,1223.0,1122.0,1179.0,1284.0,1064.0,884.0,781.0,631.0,1274.0,914.0,1029.0,1177.0,1294.0,1253.0,1088.0,1275.0,1232.0,1181.0,1272.0,1216.0,1192.0,1145.0,1233.0
942.0,1054.0,923.0,1082.0,1124.0,1331.0,1075.0,1053.0,1040.0,992.0,1189.0,1247.0,1146.0,1098.0,1251.0,1186.0,1168.0,1271.0,1184.0,1169.0,1245.0,1040.0,1269.0,1219.0,1106.0,1042.0,946.0,1205.0,1142.0,1197.0,1070.0,1057.0,893.0,995.0,1029.0,1238.0,1282.0,1226.0,1210.0,1239.0,1367.0,1105.0,1309.0,1307.0,1173.0,1257.0,1247.0,1281.0,1286.0,1229.0,1141.0,1083.0,1238.0,1238.0,1198.0,969.0,1114.0,1338.0,1091.0,1118.0,1090.0,1233.0,1259.0,1293.0,1262.0,972.0,1214.0,1277.0,1226.0,1028.0,1214.0,1084.0,1163.0,1094.0,0.0,893.0,949.0,785.0,485.0,822.0,776.0,1012.0,963.0,881.0,820.0,925.0,858.0,785.0,963.0,827.0,955.0,969.0,983.0,878.0,884.0,789.0,907.0,986.0,735.0,539.0,951.0,893.0,884.0,948.0,853.0,820.0,805.0,671.0,953.0,932.0,960.0,936.0,936.0,854.0,935.0,805.0,899.0,860.0,950.0,852.0,967.0,798.0,1122.0,1175.0,1239.0,1139.0,1172.0,1222.0,1136.0,940.0,1028.0,1273.0,1197.0,1195.0,1147.0,1217.0,1301.0,1154.0,880.0,697.0,592.0,1081.0,955.0,994.0,1087.0,1282.0,1055.0,1168.0,1124.0,1078.0,1147.0,1252.0,1126.0,651.0,872.0,899.0
890.0,993.0,947.0,963.0,1002.0,1171.0,1013.0,942.0,1063.0,906.0,993.0,1193.0,1104.0,1058.0,1147.0,1187.0,1106.0,1275.0,1103.0,1212.0,1180.0,920.0,1098.0,1060.0,1239.0,894.0,964.0,1132.0,1152.0,1107.0,922.0,1100.0,1070.0,1097.0,986.0,1214.0,1120.0,1155.0,1100.0,1213.0,1103.0,1101.0,1126.0,1154.0,1309.0,1211.0,1229.0,1124.0,1167.0,1116.0,1161.0,1140.0,1162.0,1065.0,1159.0,929.0,939.0,1278.0,1164.0,1270.0,1068.0,1337.0,1179.0,1151.0,1192.0,1034.0,1109.0,1132.0,1116.0,1160.0,1207.0,1069.0,1075.0,990.0,0.0,817.0,986.0,904.0,465.0,746.0,829.0,926.0,998.0,900.0,873.0,873.0,906.0,727.0,942.0,823.0,919.0,977.0,904.0,850.0,837.0,830.0,868.0,918.0,972.0,566.0,922.0,866.0,863.0,880.0,916.0,795.0,818.0,652.0,834.0,879.0,1032.0,844.0,878.0,879.0,893.0,818.0,844.0,844.0,954.0,849.0,965.0,764.0,1110.0,1136.0,1142.0,1181.0,1099.0,1179.0,1116.0,943.0,1075.0,1056.0,1251.0,1257.0,1258.0,1129.0,1103.0,1107.0,1051.0,685.0,669.0,970.0,907.0,1124.0,1138.0,1032.0,1019.0,1148.0,1144.0,1157.0,1230.0,1191.0,1026.0,914.0,855.0,907.0
850.0,969.0,912.0,879.0,933.0,1180.0,956.0,961.0,1049.0,914.0,960.0,1139.0,975.0,1097.0,992.0,1138.0,1151.0,1003.0,928.0,1157.0,1163.0,742.0,929.0,1101.0,1057.0,819.0,1058.0,1063.0,1090.0,1246.0,804.0,1060.0,1065.0,958.0,1010.0,1146.0,1159.0,1227.0,1093.0,1221.0,1109.0,936.0,1135.0,1243.0,1202.0,1080.0,1290.0,1223.0,880.0,1235.0,1157.0,965.0,1168.0,1006.0,955.0,1082.0,948.0,1140.0,1176.0,1182.0,1119.0,1148.0,1062.0,983.0,1074.0,1031.0,1055.0,1117.0,1107.0,1082.0,1279.0,1148.0,1091.0,1043.0,0.0,813.0,931.0,847.0,444.0,712.0,814.0,733.0,828.0,838.0,879.0,814.0,858.0,719.0,819.0,839.0,879.0,956.0,909.0,794.0,770.0,831.0,877.0,861.0,989.0,535.0,882.0,895.0,781.0,804.0,892.0,818.0,753.0,659.0,767.0,875.0,922.0,836.0,862.0,880.0,880.0,753.0,788.0,845.0,894.0,850.0,927.0,715.0,1153.0,1251.0,1090.0,1066.0,1064.0,1126.0,1095.0,861.0,1110.0,1101.0,1111.0,1175.0,1226.0,1083.0,1163.0,1153.0,1109.0,763.0,623.0,986.0,997.0,1045.0,1058.0,1132.0,1001.0,1078.0,1095.0,973.0,797.0,1154.0,1019.0,800.0,733.0,827.0
704.0,878.0,979.0,897.0,881.0,1102.0,980.0,922.0,1028.0,764.0,983.0,1045.0,854.0,1081.0,1099.0,1060.0,1036.0,1197.0,884.0,1238.0,1190.0,747.0,900.0,1019.0,919.0,819.0,1047.0,957.0,1101.0,1159.0,983.0,936.0,1008.0,818.0,909.0,959.0,1136.0,1269.0,1078.0,1053.0,1065.0,823.0,990.0,1137.0,1182.0,1044.0,1167.0,1186.0,1079.0,1307.0,1286.0,1025.0,1099.0,1126.0,950.0,1191.0,1173.0,1167.0,1298.0,1196.0,1054.0,1218.0,1141.0,957.0,1063.0,1111.0,1049.0,1188.0,1058.0,1104.0,1198.0,1166.0,1085.0,1034.0,0.0,808.0,866.0,902.0,434.0,716.0,727.0,802.0,886.0,882.0,819.0,856.0,823.0,711.0,818.0,829.0,862.0,896.0,843.0,803.0,847.0,805.0,759.0,801.0,966.0,549.0,850.0,861.0,799.0,884.0,873.0,834.0,716.0,691.0,827.0,852.0,926.0,831.0,857.0,866.0,846.0,716.0,817.0,829.0,830.0,907.0,901.0,703.0,1263.0,1139.0,1093.0,1168.0,829.0,1112.0,1227.0,769.0,1018.0,1128.0,1071.0,1162.0,1127.0,929.0,1165.0,1194.0,1135.0,713.0,534.0,913.0,873.0,1019.0,961.0,1061.0,1169.0,1041.0,1090.0,1059.0,831.0,1212.0,1033.0,654.0,712.0,767.0
626.0,713.0,930.0,780.0,916.0,1116.0,894.0,907.0,1059.0,843.0,863.0,960.0,990.0,1041.0,980.0,851.0,976.0,1106.0,823.0,1075.0,1190.0,794.0,900.0,976.0,977.0,668.0,1033.0,987.0,996.0,958.0,877.0,973.0,900.0,831.0,868.0,1093.0,1069.0,1258.0,1086.0,895.0,985.0,950.0,949.0,712.0,1157.0,981.0,1090.0,1118.0,1049.0,997.0,1157.0,1008.0,1097.0,977.0,969.0,1161.0,1085.0,1108.0,1197.0,1037.0,1099.0,1280.0,1026.0,963.0,940.0,1040.0,1028.0,1042.0,1083.0,1062.0,987.0,1185.0,1113.0,1078.0,619.0,781.0,843.0,824.0,454.0,621.0,750.0,794.0,806.0,848.0,743.0,871.0,777.0,856.0,856.0,815.0,807.0,849.0,843.0,812.0,778.0,812.0,792.0,758.0,955.0,513.0,826.0,913.0,739.0,879.0,856.0,776.0,649.0,691.0,844.0,820.0,845.0,832.0,824.0,874.0,810.0,649.0,914.0,735.0,867.0,894.0,818.0,694.0,1129.0,996.0,1131.0,1010.0,1071.0,1188.0,974.0,825.0,990.0,1064.0,899.0,1111.0,1195.0,969.0,987.0,1036.0,784.0,636.0,553.0,790.0,777.0,959.0,899.0,916.0,1067.0,872.0,1090.0,1065.0,981.0,1082.0,1025.0,657.0,695.0,749.0
591.0,680.0,848.0,793.0,743.0,999.0,820.0,810.0,834.0,836.0,863.0,1089.0,853.0,863.0,1032.0,908.0,909.0,1019.0,826.0,1007.0,1264.0,585.0,798.0,861.0,913.0,695.0,848.0,907.0,867.0,981.0,753.0,952.0,954.0,818.0,795.0,1050.0,885.0,1239.0,980.0,902.0,929.0,822.0,771.0,997.0,1047.0,864.0,1094.0,1159.0,1004.0,1121.0,1119.0,1002.0,996.0,1166.0,958.0,1181.0,1113.0,974.0,1171.0,1086.0,1073.0,1227.0,976.0,836.0,929.0,1040.0,911.0,956.0,928.0,982.0,1135.0,1179.0,923.0,1092.0,974.0,765.0,773.0,767.0,441.0,672.0,732.0,720.0,784.0,783.0,737.0,771.0,836.0,726.0,874.0,784.0,752.0,775.0,816.0,752.0,800.0,830.0,697.0,782.0,946.0,482.0,731.0,818.0,750.0,863.0,866.0,770.0,599.0,708.0,838.0,783.0,845.0,766.0,788.0,837.0,760.0,599.0,805.0,720.0,866.0,816.0,771.0,564.0,1153.0,962.0,1088.0,1014.0,1004.0,1023.0,1138.0,647.0,924.0,1083.0,951.0,973.0,1125.0,919.0,1031.0,1246.0,921.0,685.0,498.0,777.0,838.0,1031.0,860.0,918.0,1076.0,924.0,922.0,960.0,1055.0,1010.0,922.0,606.0,660.0,805.0
632.0,636.0,717.0,680.0,799.0,936.0,757.0,815.0,634.0,837.0,757.0,991.0,777.0,806.0,874.0,780.0,748.0,905.0,779.0,968.0,1150.0,724.0,745.0,906.0,729.0,640.0,865.0,755.0,761.0,932.0,692.0,793.0,886.0,716.0,801.0,883.0,943.0,1124.0,890.0,787.0,893.0,736.0,784.0,854.0,1005.0,840.0,1133.0,1001.0,764.0,899.0,1053.0,829.0,936.0,1009.0,852.0,1182.0,960.0,788.0,954.0,1030.0,1002.0,1058.0,846.0,795.0,753.0,904.0,781.0,861.0,918.0,869.0,798.0,887.0,857.0,817.0,269.0,733.0,691.0,782.0,423.0,596.0,719.0,687.0,750.0,811.0,691.0,764.0,806.0,653.0,826.0,828.0,670.0,711.0,772.0,703.0,696.0,810.0,743.0,666.0,985.0,685.0,729.0,847.0,475.0,750.0,839.0,683.0,574.0,664.0,721.0,723.0,854.0,689.0,747.0,829.0,751.0,574.0,804.0,667.0,781.0,806.0,789.0,521.0,1078.0,785.0,992.0,979.0,890.0,982.0,940.0,558.0,903.0,970.0,844.0,892.0,1207.0,925.0,961.0,1202.0,807.0,669.0,439.0,770.0,815.0,926.0,803.0,959.0,925.0,825.0,931.0,890.0,1128.0,895.0,849.0,610.0,556.0,753.0
561.0,640.0,632.0,583.0,663.0,804.0,641.0,714.0,750.0,740.0,678.0,885.0,733.0,833.0,864.0,766.0,778.0,809.0,742.0,841.0,1113.0,668.0,690.0,845.0,647.0,778.0,883.0,743.0,789.0,848.0,670.0,720.0,732.0,662.0,709.0,901.0,813.0,1039.0,816.0,682.0,831.0,774.0,697.0,748.0,758.0,774.0,851.0,906.0,755.0,913.0,983.0,812.0,876.0,864.0,803.0,1018.0,986.0,754.0,830.0,912.0,930.0,898.0,939.0,783.0,668.0,908.0,756.0,842.0,822.0,805.0,886.0,947.0,863.0,762.0,101.0,622.0,697.0,749.0,402.0,601.0,729.0,704.0,660.0,745.0,653.0,689.0,725.0,663.0,712.0,752.0,603.0,709.0,747.0,644.0,679.0,802.0,659.0,653.0,892.0,734.0,711.0,744.0,599.0,758.0,792.0,660.0,553.0,634.0,716.0,664.0,833.0,690.0,721.0,801.0,658.0,553.0,757.0,676.0,746.0,730.0,715.0,569.0,945.0,897.0,860.0,972.0,872.0,897.0,917.0,603.0,931.0,892.0,821.0,880.0,905.0,751.0,819.0,942.0,750.0,693.0,473.0,649.0,638.0,858.0,676.0,872.0,877.0,758.0,822.0,856.0,1108.0,918.0,854.0,573.0,602.0,699.0
579.0,588.0,674.0,552.0,656.0,745.0,597.0,628.0,735.0,646.0,601.0,777.0,622.0,752.0,789.0,657.0,781.0,781.0,623.0,801.0,908.0,647.0,667.0,758.0,619.0,744.0,828.0,598.0,772.0,793.0,683.0,667.0,730.0,648.0,725.0,915.0,677.0,920.0,884.0,716.0,769.0,710.0,687.0,794.0,796.0,674.0,827.0,890.0,725.0,854.0,899.0,826.0,721.0,931.0,671.0,852.0,856.0,723.0,835.0,841.0,873.0,868.0,845.0,722.0,692.0,915.0,702.0,749.0,759.0,756.0,822.0,861.0,794.0,786.0,219.0,597.0,643.0,721.0,383.0,566.0,657.0,670.0,653.0,739.0,636.0,648.0,686.0,642.0,678.0,746.0,629.0,676.0,671.0,637.0,642.0,722.0,595.0,667.0,894.0,660.0,639.0,709.0,633.0,645.0,786.0,652.0,511.0,597.0,639.0,618.0,721.0,636.0,677.0,750.0,627.0,511.0,724.0,634.0,675.0,790.0,680.0,495.0,984.0,797.0,937.0,909.0,718.0,865.0,898.0,558.0,821.0,842.0,706.0,773.0,855.0,563.0,717.0,871.0,820.0,677.0,479.0,605.0,604.0,727.0,598.0,792.0,741.0,750.0,773.0,838.0,737.0,902.0,806.0,505.0,589.0,634.0
451.0,566.0,573.0,594.0,628.0,773.0,577.0,589.0,785.0,566.0,594.0,806.0,599.0,657.0,698.0,612.0,718.0,752.0,642.0,744.0,845.0,606.0,603.0,686.0,587.0,481.0,635.0,625.0,657.0,767.0,670.0,606.0,793.0,612.0,661.0,785.0,746.0,833.0,803.0,688.0,710.0,752.0,730.0,745.0,811.0,652.0,797.0,818.0,654.0,667.0,746.0,643.0,712.0,782.0,659.0,708.0,862.0,694.0,737.0,838.0,799.0,814.0,833.0,666.0,655.0,777.0,671.0,759.0,736.0,753.0,786.0,813.0,689.0,770.0,138.0,563.0,611.0,674.0,385.0,525.0,627.0,613.0,612.0,696.0,612.0,587.0,657.0,629.0,675.0,679.0,574.0,656.0,717.0,580.0,634.0,748.0,585.0,646.0,729.0,591.0,623.0,609.0,616.0,647.0,786.0,571.0,501.0,568.0,590.0,581.0,644.0,554.0,652.0,712.0,584.0,501.0,683.0,546.0,594.0,714.0,688.0,467.0,919.0,613.0,738.0,895.0,659.0,750.0,805.0,548.0,778.0,867.0,559.0,682.0,801.0,624.0,696.0,788.0,705.0,666.0,536.0,560.0,612.0,768.0,646.0,679.0,734.0,627.0,775.0,818.0,674.0,763.0,885.0,508.0,520.0,618.0
415.0,490.0,605.0,587.0,576.0,705.0,590.0,563.0,668.0,516.0,562.0,621.0,604.0,593.0,653.0,649.0,611.0,699.0,486.0,645.0,829.0,538.0,579.0,628.0,574.0,543.0,619.0,542.0,650.0,717.0,579.0,650.0,699.0,620.0,578.0,816.0,767.0,863.0,742.0,615.0,702.0,675.0,653.0,716.0,869.0,660.0,801.0,759.0,646.0,698.0,710.0,570.0,801.0,732.0,624.0,769.0,926.0,653.0,742.0,738.0,732.0,851.0,892.0,665.0,572.0,826.0,677.0,747.0,803.0,633.0,682.0,828.0,683.0,753.0,118.0,532.0,556.0,635.0,382.0,506.0,657.0,567.0,589.0,632.0,569.0,574.0,656.0,572.0,625.0,693.0,596.0,622.0,710.0,556.0,609.0,684.0,571.0,571.0,722.0,579.0,570.0,653.0,542.0,618.0,726.0,562.0,497.0,559.0,558.0,599.0,686.0,522.0,599.0,680.0,526.0,497.0,704.0,559.0,617.0,684.0,629.0,450.0,796.0,537.0,662.0,898.0,618.0,739.0,707.0,510.0,874.0,703.0,592.0,670.0,676.0,581.0,630.0,695.0,841.0,583.0,506.0,514.0,585.0,556.0,576.0,712.0,690.0,540.0,757.0,665.0,661.0,645.0,738.0,486.0,611.0,623.0
433.0,513.0,585.0,532.0,523.0,697.0,572.0,578.0,715.0,536.0,568.0,632.0,520.0,606.0,641.0,559.0,539.0,727.0,545.0,616.0,784.0,561.0,591.0,602.0,591.0,481.0,657.0,543.0,594.0,250.0,542.0,583.0,712.0,547.0,658.0,772.0,616.0,688.0,807.0,610.0,650.0,606.0,607.0,648.0,696.0,598.0,623.0,815.0,646.0,674.0,809.0,665.0,701.0,698.0,662.0,730.0,832.0,625.0,712.0,619.0,706.0,770.0,750.0,639.0,803.0,789.0,643.0,705.0,827.0,582.0,720.0,813.0,669.0,615.0,114.0,515.0,586.0,692.0,354.0,519.0,606.0,564.0,569.0,637.0,558.0,631.0,681.0,608.0,605.0,616.0,547.0,626.0,638.0,532.0,610.0,659.0,542.0,544.0,619.0,527.0,579.0,610.0,516.0,524.0,704.0,502.0,496.0,557.0,567.0,602.0,620.0,526.0,577.0,635.0,510.0,496.0,562.0,538.0,613.0,663.0,525.0,409.0,748.0,562.0,613.0,821.0,642.0,697.0,782.0,525.0,754.0,707.0,543.0,620.0,693.0,519.0,677.0,669.0,641.0,643.0,527.0,515.0,574.0,773.0,554.0,638.0,676.0,576.0,626.0,707.0,601.0,659.0,856.0,496.0,498.0,556.0
440.0,459.0,568.0,438.0,497.0,568.0,468.0,488.0,522.0,436.0,498.0,616.0,499.0,540.0,705.0,506.0,561.0,625.0,527.0,630.0,725.0,533.0,610.0,657.0,473.0,519.0,536.0,509.0,548.0,0.0,538.0,512.0,614.0,510.0,622.0,640.0,606.0,724.0,730.0,573.0,624.0,647.0,605.0,554.0,705.0,553.0,624.0,596.0,549.0,618.0,661.0,607.0,641.0,707.0,632.0,660.0,775.0,576.0,627.0,781.0,633.0,664.0,739.0,580.0,703.0,678.0,664.0,653.0,789.0,609.0,686.0,816.0,501.0,647.0,132.0,559.0,570.0,648.0,349.0,502.0,620.0,571.0,547.0,622.0,545.0,566.0,633.0,609.0,586.0,629.0,495.0,561.0,634.0,485.0,542.0,655.0,503.0,558.0,647.0,482.0,541.0,657.0,518.0,594.0,681.0,468.0,474.0,531.0,537.0,522.0,608.0,522.0,547.0,622.0,483.0,474.0,640.0,490.0,563.0,642.0,581.0,430.0,721.0,574.0,681.0,740.0,624.0,641.0,762.0,499.0,846.0,645.0,523.0,624.0,682.0,514.0,539.0,622.0,669.0,685.0,428.0,507.0,504.0,658.0,497.0,602.0,713.0,558.0,551.0,686.0,609.0,688.0,828.0,504.0,498.0,596.0
381.0,455.0,523.0,414.0,458.0,543.0,400.0,424.0,383.0,398.0,506.0,630.0,458.0,441.0,583.0,486.0,515.0,553.0,432.0,562.0,618.0,511.0,532.0,639.0,495.0,451.0,553.0,478.0,535.0,73.0,494.0,513.0,632.0,429.0,526.0,718.0,525.0,658.0,702.0,531.0,572.0,558.0,532.0,569.0,645.0,509.0,568.0,435.0,558.0,632.0,698.0,567.0,519.0,703.0,567.0,606.0,691.0,562.0,609.0,699.0,620.0,728.0,748.0,547.0,607.0,593.0,580.0,641.0,798.0,578.0,609.0,806.0,456.0,561.0,92.0,537.0,524.0,633.0,361.0,486.0,587.0,548.0,528.0,618.0,508.0,494.0,586.0,551.0,548.0,615.0,541.0,527.0,691.0,495.0,511.0,561.0,453.0,491.0,604.0,485.0,485.0,631.0,515.0,599.0,670.0,430.0,440.0,510.0,478.0,504.0,580.0,475.0,499.0,568.0,516.0,440.0,569.0,505.0,498.0,574.0,483.0,278.0,648.0,487.0,576.0,696.0,523.0,512.0,672.0,487.0,741.0,623.0,435.0,478.0,573.0,487.0,495.0,526.0,617.0,567.0,455.0,437.0,505.0,623.0,471.0,564.0,718.0,500.0,557.0,632.0,604.0,576.0,770.0,411.0,478.0,481.0
369.0,397.0,490.0,430.0,416.0,575.0,431.0,406.0,422.0,403.0,495.0,576.0,424.0,469.0,496.0,444.0,443.0,546.0,430.0,464.0,578.0,426.0,476.0,525.0,433.0,472.0,425.0,417.0,430.0,605.0,442.0,480.0,580.0,400.0,547.0,733.0,511.0,548.0,620.0,510.0,480.0,518.0,493.0,546.0,596.0,494.0,553.0,364.0,433.0,513.0,680.0,506.0,551.0,589.0,475.0,537.0,673.0,459.0,564.0,571.0,524.0,607.0,712.0,505.0,578.0,600.0,515.0,566.0,734.0,573.0,494.0,710.0,430.0,573.0,101.0,501.0,482.0,600.0,403.0,421.0,609.0,520.0,468.0,590.0,484.0,498.0,574.0,532.0,518.0,567.0,485.0,494.0,654.0,438.0,513.0,577.0,507.0,482.0,589.0,454.0,462.0,572.0,447.0,544.0,668.0,390.0,405.0,492.0,475.0,479.0,515.0,447.0,469.0,596.0,456.0,405.0,546.0,454.0,474.0,532.0,465.0,269.0,605.0,450.0,555.0,643.0,449.0,507.0,606.0,416.0,726.0,561.0,464.0,403.0,592.0,432.0,516.0,591.0,551.0,561.0,442.0,350.0,404.0,611.0,428.0,453.0,663.0,423.0,532.0,605.0,507.0,548.0,737.0,425.0,394.0,469.0
360.0,311.0,448.0,387.0,402.0,530.0,347.0,342.0,475.0,389.0,418.0,491.0,396.0,413.0,499.0,423.0,405.0,557.0,405.0,437.0,596.0,355.0,406.0,491.0,374.0,442.0,469.0,393.0,368.0,473.0,412.0,395.0,598.0,300.0,561.0,781.0,468.0,557.0,617.0,444.0,414.0,518.0,425.0,473.0,491.0,397.0,454.0,346.0,431.0,478.0,590.0,536.0,453.0,609.0,409.0,524.0,605.0,460.0,490.0,617.0,497.0,568.0,653.0,462.0,491.0,675.0,452.0,549.0,643.0,508.0,524.0,644.0,356.0,546.0,34.0,455.0,515.0,559.0,413.0,435.0,526.0,454.0,489.0,543.0,439.0,485.0,562.0,488.0,506.0,558.0,472.0,493.0,646.0,426.0,504.0,591.0,456.0,463.0,520.0,441.0,436.0,533.0,439.0,508.0,645.0,373.0,385.0,480.0,438.0,437.0,553.0,446.0,456.0,535.0,405.0,385.0,518.0,427.0,442.0,513.0,451.0,249.0,627.0,406.0,449.0,631.0,445.0,471.0,540.0,390.0,634.0,625.0,458.0,421.0,500.0,414.0,407.0,534.0,545.0,499.0,455.0,363.0,368.0,592.0,416.0,393.0,606.0,449.0,502.0,620.0,466.0,505.0,710.0,402.0,428.0,487.0
280.0,352.0,405.0,336.0,372.0,450.0,360.0,391.0,491.0,337.0,446.0,507.0,348.0,373.0,516.0,359.0,430.0,470.0,373.0,511.0,529.0,427.0,390.0,428.0,332.0,359.0,456.0,374.0,456.0,509.0,411.0,378.0,525.0,316.0,517.0,758.0,503.0,520.0,605.0,398.0,528.0,435.0,400.0,438.0,564.0,476.0,476.0,387.0,367.0,463.0,592.0,520.0,435.0,523.0,379.0,449.0,629.0,421.0,431.0,602.0,485.0,546.0,635.0,367.0,460.0,602.0,429.0,488.0,646.0,414.0,480.0,594.0,405.0,402.0,80.0,437.0,441.0,546.0,428.0,397.0,521.0,445.0,482.0,520.0,427.0,416.0,539.0,456.0,412.0,543.0,431.0,449.0,565.0,405.0,533.0,553.0,382.0,436.0,506.0,424.0,409.0,525.0,415.0,515.0,544.0,335.0,352.0,449.0,437.0,424.0,536.0,416.0,421.0,498.0,394.0,352.0,534.0,476.0,462.0,503.0,503.0,271.0,585.0,411.0,477.0,612.0,391.0,488.0,580.0,374.0,587.0,562.0,345.0,423.0,487.0,366.0,485.0,421.0,491.0,484.0,389.0,307.0,326.0,492.0,424.0,410.0,569.0,393.0,451.0,586.0,498.0,538.0,756.0,384.0,493.0,533.0
300.0,308.0,374.0,331.0,311.0,460.0,307.0,293.0,398.0,290.0,491.0,458.0,309.0,306.0,418.0,332.0,472.0,465.0,318.0,447.0,482.0,299.0,329.0,432.0,286.0,297.0,430.0,393.0,416.0,419.0,357.0,345.0,496.0,273.0,430.0,804.0,362.0,455.0,586.0,333.0,478.0,416.0,305.0,329.0,493.0,498.0,366.0,328.0,322.0,375.0,492.0,410.0,375.0,557.0,318.0,374.0,581.0,350.0,385.0,543.0,398.0,467.0,516.0,365.0,363.0,483.0,384.0,418.0,578.0,415.0,399.0,614.0,314.0,455.0,75.0,384.0,417.0,514.0,420.0,404.0,518.0,390.0,407.0,493.0,395.0,366.0,472.0,445.0,437.0,493.0,401.0,491.0,553.0,401.0,538.0,519.0,382.0,382.0,481.0,373.0,424.0,497.0,391.0,520.0,581.0,290.0,306.0,406.0,372.0,381.0,464.0,417.0,380.0,475.0,401.0,306.0,516.0,459.0,418.0,487.0,458.0,285.0,565.0,324.0,459.0,489.0,350.0,398.0,458.0,315.0,588.0,517.0,309.0,341.0,455.0,304.0,526.0,444.0,526.0,483.0,387.0,265.0,330.0,544.0,425.0,326.0,443.0,444.0,488.0,569.0,416.0,565.0,641.0,333.0,525.0,439.0
270.0,318.0,357.0,268.0,343.0,378.0,273.0,272.0,420.0,265.0,415.0,388.0,273.0,304.0,429.0,270.0,387.0,397.0,302.0,335.0,440.0,309.0,327.0,428.0,345.0,263.0,414.0,315.0,377.0,411.0,311.0,317.0,453.0,327.0,343.0,845.0,383.0,391.0,498.0,349.0,401.0,403.0,314.0,339.0,451.0,436.0,354.0,297.0,309.0,328.0,471.0,340.0,349.0,550.0,296.0,385.0,488.0,294.0,357.0,464.0,340.0,424.0,520.0,305.0,353.0,504.0,341.0,385.0,523.0,373.0,350.0,517.0,327.0,401.0,74.0,374.0,389.0,474.0,405.0,384.0,485.0,357.0,445.0,458.0,386.0,378.0,453.0,421.0,401.0,504.0,377.0,453.0,537.0,386.0,527.0,485.0,329.0,411.0,459.0,383.0,388.0,491.0,359.0,479.0,474.0,275.0,266.0,360.0,373.0,339.0,482.0,361.0,390.0,452.0,422.0,266.0,461.0,403.0,398.0,500.0,441.0,229.0,532.0,256.0,421.0,457.0,297.0,342.0,433.0,270.0,416.0,475.0,258.0,336.0,375.0,270.0,411.0,435.0,465.0,379.0,343.0,268.0,276.0,489.0,382.0,324.0,500.0,428.0,460.0,605.0,382.0,439.0,586.0,314.0,430.0,365.0
237.0,262.0,325.0,241.0,277.0,363.0,228.0,220.0,451.0,235.0,293.0,320.0,260.0,257.0,348.0,241.0,334.0,404.0,257.0,309.0,406.0,236.0,249.0,387.0,357.0,238.0,309.0,264.0,295.0,363.0,302.0,304.0,440.0,203.0,313.0,793.0,308.0,334.0,452.0,295.0,315.0,471.0,286.0,284.0,425.0,350.0,257.0,262.0,304.0,320.0,448.0,286.0,276.0,425.0,260.0,340.0,433.0,255.0,325.0,460.0,311.0,435.0,529.0,282.0,326.0,476.0,304.0,345.0,422.0,304.0,358.0,491.0,288.0,369.0,4.0,359.0,363.0,456.0,377.0,368.0,454.0,356.0,345.0,425.0,329.0,369.0,460.0,356.0,380.0,456.0,343.0,402.0,432.0,357.0,566.0,474.0,339.0,356.0,463.0,328.0,400.0,467.0,350.0,417.0,470.0,367.0,241.0,335.0,366.0,374.0,450.0,351.0,350.0,412.0,320.0,241.0,407.0,358.0,386.0,441.0,395.0,194.0,492.0,258.0,328.0,418.0,260.0,315.0,480.0,226.0,392.0,381.0,251.0,289.0,393.0,263.0,321.0,417.0,483.0,413.0,291.0,254.0,270.0,402.0,252.0,260.0,373.0,343.0,360.0,485.0,315.0,383.0,553.0,274.0,348.0,323.0
234.0,210.0,323.0,249.0,244.0,308.0,190.0,236.0,352.0,239.0,259.0,320.0,236.0,236.0,341.0,215.0,281.0,347.0,270.0,252.0,349.0,232.0,269.0,324.0,354.0,217.0,334.0,260.0,274.0,347.0,259.0,306.0,356.0,175.0,301.0,654.0,268.0,331.0,409.0,273.0,304.0,404.0,250.0,255.0,396.0,341.0,246.0,274.0,284.0,322.0,399.0,258.0,265.0,435.0,257.0,300.0,438.0,265.0,320.0,431.0,270.0,418.0,480.0,252.0,308.0,429.0,263.0,339.0,436.0,262.0,257.0,375.0,280.0,351.0,45.0,348.0,365.0,420.0,358.0,367.0,413.0,401.0,360.0,420.0,363.0,366.0,460.0,373.0,363.0,425.0,315.0,391.0,433.0,343.0,542.0,503.0,310.0,371.0,427.0,310.0,371.0,436.0,342.0,392.0,476.0,195.0,211.0,298.0,397.0,321.0,404.0,401.0,363.0,471.0,315.0,211.0,394.0,330.0,333.0,402.0,383.0,155.0,372.0,236.0,284.0,406.0,267.0,304.0,381.0,138.0,364.0,415.0,233.0,267.0,354.0,170.0,331.0,329.0,422.0,372.0,291.0,255.0,242.0,388.0,234.0,239.0,375.0,337.0,268.0,453.0,300.0,325.0,450.0,243.0,291.0,334.0
212.0,219.0,258.0,237.0,207.0,273.0,156.0,208.0,287.0,116.0,32.0,352.0,124.0,245.0,272.0,210.0,283.0,323.0,235.0,267.0,330.0,231.0,248.0,279.0,280.0,193.0,285.0,217.0,256.0,311.0,238.0,239.0,344.0,194.0,247.0,645.0,244.0,321.0,373.0,208.0,233.0,343.0,204.0,261.0,341.0,257.0,265.0,239.0,334.0,253.0,410.0,241.0,255.0,428.0,237.0,284.0,458.0,252.0,314.0,401.0,261.0,307.0,451.0,280.0,264.0,434.0,244.0,280.0,366.0,266.0,377.0,403.0,270.0,395.0,38.0,341.0,366.0,401.0,319.0,345.0,376.0,412.0,303.0,394.0,350.0,377.0,457.0,348.0,344.0,427.0,327.0,352.0,409.0,347.0,519.0,430.0,330.0,366.0,407.0,288.0,333.0,388.0,328.0,350.0,425.0,165.0,177.0,262.0,348.0,299.0,373.0,366.0,347.0,453.0,352.0,177.0,405.0,302.0,329.0,406.0,346.0,169.0,357.0,206.0,278.0,388.0,214.0,245.0,322.0,130.0,289.0,350.0,214.0,283.0,345.0,74.0,284.0,329.0,395.0,302.0,251.0,192.0,223.0,336.0,239.0,246.0,329.0,300.0,258.0,434.0,282.0,310.0,455.0,235.0,281.0,301.0
