0.0,2.0,0.0,0.0,2.0,0.0,0.0,0.0
0.2,4.0,0.0,0.0,4.0,0.0,0.0,0.0
0.3,2.0,0.0,0.0,2.0,0.0,0.0,0.0
0.5,1.0,0.0,0.0,1.0,0.0,0.0,0.0
1.0,1.0,0.0,0.0,1.0,0.0,0.0,0.0
1.2,1.0,0.0,0.0,1.0,0.0,0.0,0.0
1.3,0.0,0.0,0.0,0.0,0.0,0.0,0.0
1.5,0.0,0.0,0.0,0.0,0.0,0.0,0.0
2.0,2.0,0.0,0.0,2.0,0.0,0.0,0.0
2.2,0.0,0.0,0.0,0.0,0.0,0.0,0.0
2.3,1.0,0.0,0.0,1.0,0.0,0.0,0.0
2.5,1.0,0.0,0.0,1.0,0.0,0.0,0.0
3.0,0.0,0.0,0.0,0.0,0.0,0.0,0.0
3.2,1.0,0.0,0.0,1.0,0.0,0.0,0.0
3.3,2.0,0.0,0.0,2.0,0.0,0.0,0.0
3.5,2.0,0.0,0.0,2.0,0.0,0.0,0.0
4.0,3.0,0.0,0.0,3.0,0.0,0.0,0.0
4.2,1.0,0.0,0.0,1.0,0.0,0.0,0.0
4.3,1.0,0.0,0.0,1.0,0.0,0.0,0.0
4.5,2.0,0.0,0.0,2.0,0.0,0.0,0.0
5.0,0.0,0.0,0.0,0.0,0.0,0.0,0.0
5.2,2.0,0.0,0.0,2.0,0.0,0.0,0.0
5.3,3.0,0.0,0.0,3.0,0.0,0.0,0.0
5.5,1.0,0.0,0.0,1.0,0.0,0.0,0.0
6.0,2.0,0.0,0.0,2.0,0.0,0.0,0.0
6.2,2.0,0.0,0.0,2.0,0.0,0.0,0.0
6.3,7.0,0.0,0.0,7.0,0.0,0.0,0.0
6.5,5.0,0.0,0.0,5.0,0.0,0.0,0.0
7.0,1.0,0.0,0.0,1.0,0.0,0.0,0.0
7.2,4.0,0.0,0.0,4.0,0.0,0.0,0.0
7.3,2.0,0.0,0.0,2.0,0.0,0.0,0.0
7.5,6.0,0.0,0.0,6.0,0.0,0.0,0.0
8.0,13.0,0.0,0.0,13.0,0.0,0.0,0.0
8.2,4.0,0.0,0.0,4.0,0.0,0.0,0.0
8.3,3.0,0.0,0.0,3.0,0.0,0.0,0.0
8.5,10.0,0.0,0.0,10.0,0.0,0.0,0.0
9.0,3.0,0.0,0.0,3.0,0.0,0.0,0.0
9.2,17.0,0.0,0.0,17.0,0.0,0.0,0.0
9.3,9.0,0.0,0.0,9.0,0.0,0.0,0.0
9.5,8.0,0.0,0.0,8.0,0.0,0.0,0.0
10.0,11.0,0.0,0.0,11.0,0.0,0.0,0.0
10.2,8.0,0.0,0.0,8.0,0.0,0.0,0.0
10.3,10.0,0.0,0.0,10.0,0.0,0.0,0.0
10.5,15.0,0.0,0.0,15.0,0.0,0.0,0.0
11.0,13.0,0.0,0.0,13.0,0.0,0.0,0.0
11.2,7.0,0.0,0.0,7.0,0.0,0.0,0.0
11.3,8.0,0.0,0.0,8.0,0.0,0.0,0.0
11.5,10.0,0.0,0.0,10.0,0.0,0.0,0.0
12.0,5.0,0.0,0.0,5.0,0.0,0.0,0.0
12.2,11.0,0.0,0.0,11.0,0.0,0.0,0.0
12.3,15.0,0.0,0.0,15.0,0.0,0.0,0.0
12.5,3.0,0.0,0.0,3.0,0.0,0.0,0.0
13.0,12.0,0.0,0.0,12.0,0.0,0.0,0.0
13.2,15.0,0.0,0.0,15.0,0.0,0.0,0.0
13.3,9.0,0.0,0.0,9.0,0.0,0.0,0.0
13.5,8.0,0.0,0.0,8.0,0.0,0.0,0.0
14.0,3.0,0.0,0.0,3.0,0.0,0.0,0.0
14.2,7.0,0.0,0.0,7.0,0.0,0.0,0.0
14.3,7.0,0.0,0.0,7.0,0.0,0.0,0.0
14.5,13.0,0.0,0.0,13.0,0.0,0.0,0.0
15.0,8.0,0.0,0.0,8.0,0.0,0.0,0.0
15.2,9.0,0.0,0.0,9.0,0.0,0.0,0.0
15.3,10.0,0.0,0.0,10.0,0.0,0.0,0.0
15.5,8.0,0.0,0.0,8.0,0.0,0.0,0.0
16.0,8.0,0.0,0.0,8.0,0.0,0.0,0.0
16.2,13.0,0.0,0.0,13.0,0.0,0.0,0.0
16.3,11.0,0.0,0.0,11.0,0.0,0.0,0.0
16.5,12.0,0.0,0.0,12.0,0.0,0.0,0.0
17.0,14.0,0.0,0.0,14.0,0.0,0.0,0.0
17.2,8.0,0.0,0.0,8.0,0.0,0.0,0.0
17.3,9.0,0.0,0.0,9.0,0.0,0.0,0.0
17.5,9.0,0.0,0.0,9.0,0.0,0.0,0.0
18.0,13.0,0.0,0.0,13.0,0.0,0.0,0.0
18.2,9.0,0.0,0.0,9.0,0.0,0.0,0.0
18.3,5.0,0.0,0.0,5.0,0.0,0.0,0.0
18.5,8.0,0.0,0.0,8.0,0.0,0.0,0.0
19.0,3.0,0.0,0.0,3.0,0.0,0.0,0.0
19.2,7.0,0.0,0.0,7.0,0.0,0.0,0.0
19.3,6.0,0.0,0.0,6.0,0.0,0.0,0.0
19.5,7.0,0.0,0.0,7.0,0.0,0.0,0.0
20.0,10.0,0.0,0.0,10.0,0.0,0.0,0.0
20.2,3.0,0.0,0.0,3.0,0.0,0.0,0.0
20.3,6.0,0.0,0.0,6.0,0.0,0.0,0.0
20.5,13.0,0.0,0.0,13.0,0.0,0.0,0.0
21.0,8.0,0.0,0.0,8.0,0.0,0.0,0.0
21.2,5.0,0.0,0.0,5.0,0.0,0.0,0.0
21.3,5.0,0.0,0.0,5.0,0.0,0.0,0.0
21.5,3.0,0.0,0.0,3.0,0.0,0.0,0.0
22.0,14.0,0.0,0.0,14.0,0.0,0.0,0.0
22.2,6.0,0.0,0.0,6.0,0.0,0.0,0.0
22.3,3.0,0.0,0.0,3.0,0.0,0.0,0.0
22.5,4.0,0.0,0.0,4.0,0.0,0.0,0.0
23.0,6.0,0.0,0.0,6.0,0.0,0.0,0.0
23.2,2.0,0.0,0.0,2.0,0.0,0.0,0.0
23.3,8.0,0.0,0.0,8.0,0.0,0.0,0.0
23.5,4.0,0.0,0.0,4.0,0.0,0.0,0.0
0.0,3.0,0.0,0.0,3.0,0.0,0.0,0.0
0.2,5.0,0.0,0.0,5.0,0.0,0.0,0.0
0.3,3.0,0.0,0.0,3.0,0.0,0.0,0.0
0.5,2.0,0.0,0.0,2.0,0.0,0.0,0.0
1.0,2.0,0.0,0.0,2.0,0.0,0.0,0.0
1.2,0.0,0.0,0.0,0.0,0.0,0.0,0.0
1.3,0.0,0.0,0.0,0.0,0.0,0.0,0.0
1.5,1.0,0.0,0.0,1.0,0.0,0.0,0.0
2.0,0.0,0.0,0.0,0.0,0.0,0.0,0.0
2.2,1.0,0.0,0.0,1.0,0.0,0.0,0.0
2.3,1.0,0.0,0.0,1.0,0.0,0.0,0.0
2.5,2.0,0.0,0.0,2.0,0.0,0.0,0.0
3.0,0.0,0.0,0.0,0.0,0.0,0.0,0.0
3.2,0.0,0.0,0.0,0.0,0.0,0.0,0.0
3.3,1.0,0.0,0.0,1.0,0.0,0.0,0.0
3.5,0.0,0.0,0.0,0.0,0.0,0.0,0.0
4.0,1.0,0.0,0.0,1.0,0.0,0.0,0.0
4.2,1.0,0.0,0.0,1.0,0.0,0.0,0.0
4.3,2.0,0.0,0.0,2.0,0.0,0.0,0.0
4.5,0.0,0.0,0.0,0.0,0.0,0.0,0.0
5.0,1.0,0.0,0.0,1.0,0.0,0.0,0.0
5.2,0.0,0.0,0.0,0.0,0.0,0.0,0.0
5.3,1.0,0.0,0.0,1.0,0.0,0.0,0.0
5.5,2.0,0.0,0.0,2.0,0.0,0.0,0.0
6.0,9.0,0.0,0.0,9.0,0.0,0.0,0.0
6.2,3.0,0.0,0.0,3.0,0.0,0.0,0.0
6.3,11.0,0.0,0.0,11.0,0.0,0.0,0.0
6.5,7.0,0.0,0.0,7.0,0.0,0.0,0.0
7.0,7.0,0.0,0.0,7.0,0.0,0.0,0.0
7.2,14.0,0.0,0.0,14.0,0.0,0.0,0.0
7.3,22.0,0.0,0.0,22.0,0.0,0.0,0.0
7.5,21.0,0.0,0.0,21.0,0.0,0.0,0.0
8.0,19.0,0.0,0.0,19.0,0.0,0.0,0.0
8.2,21.0,0.0,0.0,21.0,0.0,0.0,0.0
8.3,27.0,0.0,0.0,27.0,0.0,0.0,0.0
8.5,20.0,0.0,0.0,20.0,0.0,0.0,0.0
9.0,18.0,0.0,0.0,18.0,0.0,0.0,0.0
9.2,22.0,0.0,0.0,22.0,0.0,0.0,0.0
9.3,12.0,0.0,0.0,12.0,0.0,0.0,0.0
9.5,15.0,0.0,0.0,15.0,0.0,0.0,0.0
10.0,21.0,0.0,0.0,21.0,0.0,0.0,0.0
10.2,16.0,0.0,0.0,16.0,0.0,0.0,0.0
10.3,17.0,0.0,0.0,17.0,0.0,0.0,0.0
10.5,21.0,0.0,0.0,21.0,0.0,0.0,0.0
11.0,9.0,0.0,0.0,9.0,0.0,0.0,0.0
11.2,11.0,0.0,0.0,11.0,0.0,0.0,0.0
11.3,13.0,0.0,0.0,13.0,0.0,0.0,0.0
11.5,9.0,0.0,0.0,9.0,0.0,0.0,0.0
12.0,10.0,0.0,0.0,10.0,0.0,0.0,0.0
12.2,14.0,0.0,0.0,14.0,0.0,0.0,0.0
12.3,17.0,0.0,0.0,17.0,0.0,0.0,0.0
12.5,5.0,0.0,0.0,5.0,0.0,0.0,0.0
13.0,11.0,0.0,0.0,11.0,0.0,0.0,0.0
13.2,13.0,0.0,0.0,13.0,0.0,0.0,0.0
13.3,16.0,0.0,0.0,16.0,0.0,0.0,0.0
13.5,8.0,0.0,0.0,8.0,0.0,0.0,0.0
14.0,14.0,0.0,0.0,14.0,0.0,0.0,0.0
14.2,18.0,0.0,0.0,18.0,0.0,0.0,0.0
14.3,15.0,0.0,0.0,15.0,0.0,0.0,0.0
14.5,11.0,0.0,0.0,11.0,0.0,0.0,0.0
15.0,12.0,0.0,0.0,12.0,0.0,0.0,0.0
15.2,13.0,0.0,0.0,13.0,0.0,0.0,0.0
15.3,15.0,0.0,0.0,15.0,0.0,0.0,0.0
15.5,14.0,0.0,0.0,14.0,0.0,0.0,0.0
16.0,25.0,0.0,0.0,25.0,0.0,0.0,0.0
16.2,17.0,0.0,0.0,17.0,0.0,0.0,0.0
16.3,16.0,0.0,0.0,16.0,0.0,0.0,0.0
16.5,20.0,0.0,0.0,20.0,0.0,0.0,0.0
17.0,22.0,0.0,0.0,22.0,0.0,0.0,0.0
17.2,12.0,0.0,0.0,12.0,0.0,0.0,0.0
17.3,12.0,0.0,0.0,12.0,0.0,0.0,0.0
17.5,9.0,0.0,0.0,9.0,0.0,0.0,0.0
18.0,18.0,0.0,0.0,18.0,0.0,0.0,0.0
18.2,13.0,0.0,0.0,13.0,0.0,0.0,0.0
18.3,16.0,0.0,0.0,16.0,0.0,0.0,0.0
18.5,16.0,0.0,0.0,16.0,0.0,0.0,0.0
19.0,10.0,0.0,0.0,10.0,0.0,0.0,0.0
19.2,11.0,0.0,0.0,11.0,0.0,0.0,0.0
19.3,8.0,0.0,0.0,8.0,0.0,0.0,0.0
19.5,8.0,0.0,0.0,8.0,0.0,0.0,0.0
20.0,11.0,0.0,0.0,11.0,0.0,0.0,0.0
20.2,6.0,0.0,0.0,6.0,0.0,0.0,0.0
20.3,5.0,0.0,0.0,5.0,0.0,0.0,0.0
20.5,3.0,0.0,0.0,3.0,0.0,0.0,0.0
21.0,7.0,0.0,0.0,7.0,0.0,0.0,0.0
21.2,4.0,0.0,0.0,4.0,0.0,0.0,0.0
21.3,3.0,0.0,0.0,3.0,0.0,0.0,0.0
21.5,3.0,0.0,0.0,3.0,0.0,0.0,0.0
22.0,3.0,0.0,0.0,3.0,0.0,0.0,0.0
22.2,5.0,0.0,0.0,5.0,0.0,0.0,0.0
22.3,5.0,0.0,0.0,5.0,0.0,0.0,0.0
22.5,1.0,0.0,0.0,1.0,0.0,0.0,0.0
23.0,3.0,0.0,0.0,3.0,0.0,0.0,0.0
23.2,2.0,0.0,0.0,2.0,0.0,0.0,0.0
23.3,5.0,0.0,0.0,5.0,0.0,0.0,0.0
23.5,4.0,0.0,0.0,4.0,0.0,0.0,0.0
0.0,2.0,0.0,0.0,2.0,0.0,0.0,0.0
0.2,0.0,0.0,0.0,0.0,0.0,0.0,0.0
0.3,0.0,0.0,0.0,0.0,0.0,0.0,0.0
0.5,0.0,0.0,0.0,0.0,0.0,0.0,0.0
1.0,0.0,0.0,0.0,0.0,0.0,0.0,0.0
1.2,0.0,0.0,0.0,0.0,0.0,0.0,0.0
1.3,0.0,0.0,0.0,0.0,0.0,0.0,0.0
1.5,0.0,0.0,0.0,0.0,0.0,0.0,0.0
2.0,0.0,0.0,0.0,0.0,0.0,0.0,0.0
2.2,2.0,0.0,0.0,2.0,0.0,0.0,0.0
2.3,0.0,0.0,0.0,0.0,0.0,0.0,0.0
2.5,0.0,0.0,0.0,0.0,0.0,0.0,0.0
3.0,0.0,0.0,0.0,0.0,0.0,0.0,0.0
3.2,1.0,0.0,0.0,1.0,0.0,0.0,0.0
3.3,2.0,0.0,0.0,2.0,0.0,0.0,0.0
3.5,0.0,0.0,0.0,0.0,0.0,0.0,0.0
4.0,1.0,0.0,0.0,1.0,0.0,0.0,0.0
4.2,0.0,0.0,0.0,0.0,0.0,0.0,0.0
4.3,2.0,0.0,0.0,2.0,0.0,0.0,0.0
4.5,0.0,0.0,0.0,0.0,0.0,0.0,0.0
5.0,2.0,0.0,0.0,2.0,0.0,0.0,0.0
5.2,2.0,0.0,0.0,2.0,0.0,0.0,0.0
5.3,0.0,0.0,0.0,0.0,0.0,0.0,0.0
5.5,3.0,0.0,0.0,3.0,0.0,0.0,0.0
6.0,6.0,0.0,0.0,6.0,0.0,0.0,0.0
6.2,4.0,0.0,0.0,4.0,0.0,0.0,0.0
6.3,9.0,0.0,0.0,9.0,0.0,0.0,0.0
6.5,8.0,0.0,0.0,8.0,0.0,0.0,0.0
7.0,18.0,0.0,0.0,18.0,0.0,0.0,0.0
7.2,19.0,0.0,0.0,19.0,0.0,0.0,0.0
7.3,24.0,0.0,0.0,24.0,0.0,0.0,0.0
7.5,22.0,0.0,0.0,22.0,0.0,0.0,0.0
8.0,17.0,0.0,0.0,17.0,0.0,0.0,0.0
8.2,21.0,0.0,0.0,21.0,0.0,0.0,0.0
8.3,44.0,0.0,0.0,44.0,0.0,0.0,0.0
8.5,13.0,0.0,0.0,13.0,0.0,0.0,0.0
9.0,13.0,0.0,0.0,13.0,0.0,0.0,0.0
9.2,20.0,0.0,0.0,20.0,0.0,0.0,0.0
9.3,14.0,0.0,0.0,14.0,0.0,0.0,0.0
9.5,18.0,0.0,0.0,18.0,0.0,0.0,0.0
10.0,10.0,0.0,0.0,10.0,0.0,0.0,0.0
10.2,16.0,0.0,0.0,16.0,0.0,0.0,0.0
10.3,18.0,0.0,0.0,18.0,0.0,0.0,0.0
10.5,12.0,0.0,0.0,12.0,0.0,0.0,0.0
11.0,12.0,0.0,0.0,12.0,0.0,0.0,0.0
11.2,19.0,0.0,0.0,19.0,0.0,0.0,0.0
11.3,6.0,0.0,0.0,6.0,0.0,0.0,0.0
11.5,10.0,0.0,0.0,10.0,0.0,0.0,0.0
12.0,16.0,0.0,0.0,16.0,0.0,0.0,0.0
12.2,10.0,0.0,0.0,10.0,0.0,0.0,0.0
12.3,13.0,0.0,0.0,13.0,0.0,0.0,0.0
12.5,8.0,0.0,0.0,8.0,0.0,0.0,0.0
13.0,6.0,0.0,0.0,6.0,0.0,0.0,0.0
13.2,14.0,0.0,0.0,14.0,0.0,0.0,0.0
13.3,16.0,0.0,0.0,16.0,0.0,0.0,0.0
13.5,10.0,0.0,0.0,10.0,0.0,0.0,0.0
14.0,13.0,0.0,0.0,13.0,0.0,0.0,0.0
14.2,7.0,0.0,0.0,7.0,0.0,0.0,0.0
14.3,13.0,0.0,0.0,13.0,0.0,0.0,0.0
14.5,12.0,0.0,0.0,12.0,0.0,0.0,0.0
15.0,19.0,0.0,0.0,19.0,0.0,0.0,0.0
15.2,16.0,0.0,0.0,16.0,0.0,0.0,0.0
15.3,22.0,0.0,0.0,22.0,0.0,0.0,0.0
15.5,23.0,0.0,0.0,23.0,0.0,0.0,0.0
16.0,24.0,0.0,0.0,24.0,0.0,0.0,0.0
16.2,17.0,0.0,0.0,17.0,0.0,0.0,0.0
16.3,24.0,0.0,0.0,24.0,0.0,0.0,0.0
16.5,25.0,0.0,0.0,25.0,0.0,0.0,0.0
17.0,20.0,0.0,0.0,20.0,0.0,0.0,0.0
17.2,18.0,0.0,0.0,18.0,0.0,0.0,0.0
17.3,23.0,0.0,0.0,23.0,0.0,0.0,0.0
17.5,15.0,0.0,0.0,15.0,0.0,0.0,0.0
18.0,19.0,0.0,0.0,19.0,0.0,0.0,0.0
18.2,10.0,0.0,0.0,10.0,0.0,0.0,0.0
18.3,12.0,0.0,0.0,12.0,0.0,0.0,0.0
18.5,14.0,0.0,0.0,14.0,0.0,0.0,0.0
19.0,13.0,0.0,0.0,13.0,0.0,0.0,0.0
19.2,6.0,0.0,0.0,6.0,0.0,0.0,0.0
19.3,7.0,0.0,0.0,7.0,0.0,0.0,0.0
19.5,5.0,0.0,0.0,5.0,0.0,0.0,0.0
20.0,8.0,0.0,0.0,8.0,0.0,0.0,0.0
20.2,7.0,0.0,0.0,7.0,0.0,0.0,0.0
20.3,3.0,0.0,0.0,3.0,0.0,0.0,0.0
20.5,5.0,0.0,0.0,5.0,0.0,0.0,0.0
21.0,5.0,0.0,0.0,5.0,0.0,0.0,0.0
21.2,5.0,0.0,0.0,5.0,0.0,0.0,0.0
21.3,7.0,0.0,0.0,7.0,0.0,0.0,0.0
21.5,2.0,0.0,0.0,2.0,0.0,0.0,0.0
22.0,5.0,0.0,0.0,5.0,0.0,0.0,0.0
22.2,9.0,0.0,0.0,9.0,0.0,0.0,0.0
22.3,3.0,0.0,0.0,3.0,0.0,0.0,0.0
22.5,3.0,0.0,0.0,3.0,0.0,0.0,0.0
23.0,4.0,0.0,0.0,4.0,0.0,0.0,0.0
23.2,0.0,0.0,0.0,0.0,0.0,0.0,0.0
23.3,2.0,0.0,0.0,2.0,0.0,0.0,0.0
23.5,1.0,0.0,0.0,1.0,0.0,0.0,0.0
0.0,1.0,0.0,0.0,1.0,0.0,0.0,0.0
0.2,0.0,0.0,0.0,0.0,0.0,0.0,0.0
0.3,1.0,0.0,0.0,1.0,0.0,0.0,0.0
0.5,2.0,0.0,0.0,2.0,0.0,0.0,0.0
1.0,0.0,0.0,0.0,0.0,0.0,0.0,0.0
1.2,1.0,0.0,0.0,1.0,0.0,0.0,0.0
1.3,0.0,0.0,0.0,0.0,0.0,0.0,0.0
1.5,0.0,0.0,0.0,0.0,0.0,0.0,0.0
2.0,0.0,0.0,0.0,0.0,0.0,0.0,0.0
2.2,0.0,0.0,0.0,0.0,0.0,0.0,0.0
2.3,1.0,0.0,0.0,1.0,0.0,0.0,0.0
2.5,0.0,0.0,0.0,0.0,0.0,0.0,0.0
3.0,0.0,0.0,0.0,0.0,0.0,0.0,0.0
3.2,1.0,0.0,0.0,1.0,0.0,0.0,0.0
3.3,0.0,0.0,0.0,0.0,0.0,0.0,0.0
3.5,0.0,0.0,0.0,0.0,0.0,0.0,0.0
4.0,0.0,0.0,0.0,0.0,0.0,0.0,0.0
4.2,0.0,0.0,0.0,0.0,0.0,0.0,0.0
4.3,2.0,0.0,0.0,2.0,0.0,0.0,0.0
4.5,0.0,0.0,0.0,0.0,0.0,0.0,0.0
5.0,5.0,0.0,0.0,5.0,0.0,0.0,0.0
5.2,2.0,0.0,0.0,2.0,0.0,0.0,0.0
5.3,3.0,0.0,0.0,3.0,0.0,0.0,0.0
5.5,6.0,0.0,0.0,6.0,0.0,0.0,0.0
6.0,3.0,0.0,0.0,3.0,0.0,0.0,0.0
6.2,5.0,0.0,0.0,5.0,0.0,0.0,0.0
6.3,13.0,0.0,0.0,13.0,0.0,0.0,0.0
6.5,9.0,0.0,0.0,9.0,0.0,0.0,0.0
7.0,13.0,0.0,0.0,13.0,0.0,0.0,0.0
7.2,9.0,0.0,0.0,9.0,0.0,0.0,0.0
7.3,26.0,0.0,0.0,26.0,0.0,0.0,0.0
7.5,26.0,0.0,0.0,26.0,0.0,0.0,0.0
8.0,19.0,0.0,0.0,19.0,0.0,0.0,0.0
8.2,22.0,0.0,0.0,22.0,0.0,0.0,0.0
8.3,27.0,0.0,0.0,27.0,0.0,0.0,0.0
8.5,24.0,0.0,0.0,24.0,0.0,0.0,0.0
9.0,22.0,0.0,0.0,22.0,0.0,0.0,0.0
9.2,21.0,0.0,0.0,21.0,0.0,0.0,0.0
9.3,15.0,0.0,0.0,15.0,0.0,0.0,0.0
9.5,20.0,0.0,0.0,20.0,0.0,0.0,0.0
10.0,15.0,0.0,0.0,15.0,0.0,0.0,0.0
10.2,24.0,0.0,0.0,24.0,0.0,0.0,0.0
10.3,19.0,0.0,0.0,19.0,0.0,0.0,0.0
10.5,16.0,0.0,0.0,16.0,0.0,0.0,0.0
11.0,20.0,0.0,0.0,20.0,0.0,0.0,0.0
11.2,14.0,0.0,0.0,14.0,0.0,0.0,0.0
11.3,8.0,0.0,0.0,8.0,0.0,0.0,0.0
11.5,9.0,0.0,0.0,9.0,0.0,0.0,0.0
12.0,15.0,0.0,0.0,15.0,0.0,0.0,0.0
12.2,16.0,0.0,0.0,16.0,0.0,0.0,0.0
12.3,12.0,0.0,0.0,12.0,0.0,0.0,0.0
12.5,8.0,0.0,0.0,8.0,0.0,0.0,0.0
13.0,11.0,0.0,0.0,11.0,0.0,0.0,0.0
13.2,6.0,0.0,0.0,6.0,0.0,0.0,0.0
13.3,4.0,0.0,0.0,4.0,0.0,0.0,0.0
13.5,15.0,0.0,0.0,15.0,0.0,0.0,0.0
14.0,15.0,0.0,0.0,15.0,0.0,0.0,0.0
14.2,15.0,0.0,0.0,15.0,0.0,0.0,0.0
14.3,15.0,0.0,0.0,15.0,0.0,0.0,0.0
14.5,11.0,0.0,0.0,11.0,0.0,0.0,0.0
15.0,9.0,0.0,0.0,9.0,0.0,0.0,0.0
15.2,15.0,0.0,0.0,15.0,0.0,0.0,0.0
15.3,11.0,0.0,0.0,11.0,0.0,0.0,0.0
15.5,17.0,0.0,0.0,17.0,0.0,0.0,0.0
16.0,25.0,0.0,0.0,25.0,0.0,0.0,0.0
16.2,23.0,0.0,0.0,23.0,0.0,0.0,0.0
16.3,22.0,0.0,0.0,22.0,0.0,0.0,0.0
16.5,14.0,0.0,0.0,14.0,0.0,0.0,0.0
17.0,24.0,0.0,0.0,24.0,0.0,0.0,0.0
17.2,20.0,0.0,0.0,20.0,0.0,0.0,0.0
17.3,16.0,0.0,0.0,16.0,0.0,0.0,0.0
17.5,12.0,0.0,0.0,12.0,0.0,0.0,0.0
18.0,20.0,0.0,0.0,20.0,0.0,0.0,0.0
18.2,14.0,0.0,0.0,14.0,0.0,0.0,0.0
18.3,16.0,0.0,0.0,16.0,0.0,0.0,0.0
18.5,17.0,0.0,0.0,17.0,0.0,0.0,0.0
19.0,11.0,0.0,0.0,11.0,0.0,0.0,0.0
19.2,4.0,0.0,0.0,4.0,0.0,0.0,0.0
19.3,7.0,0.0,0.0,7.0,0.0,0.0,0.0
19.5,6.0,0.0,0.0,6.0,0.0,0.0,0.0
20.0,10.0,0.0,0.0,10.0,0.0,0.0,0.0
20.2,8.0,0.0,0.0,8.0,0.0,0.0,0.0
20.3,2.0,0.0,0.0,2.0,0.0,0.0,0.0
20.5,5.0,0.0,0.0,5.0,0.0,0.0,0.0
21.0,7.0,0.0,0.0,7.0,0.0,0.0,0.0
21.2,5.0,0.0,0.0,5.0,0.0,0.0,0.0
21.3,5.0,0.0,0.0,5.0,0.0,0.0,0.0
21.5,4.0,0.0,0.0,4.0,0.0,0.0,0.0
22.0,6.0,0.0,0.0,6.0,0.0,0.0,0.0
22.2,9.0,0.0,0.0,9.0,0.0,0.0,0.0
22.3,5.0,0.0,0.0,5.0,0.0,0.0,0.0
22.5,1.0,0.0,0.0,1.0,0.0,0.0,0.0
23.0,2.0,0.0,0.0,2.0,0.0,0.0,0.0
23.2,4.0,0.0,0.0,4.0,0.0,0.0,0.0
23.3,2.0,0.0,0.0,2.0,0.0,0.0,0.0
23.5,0.0,0.0,0.0,0.0,0.0,0.0,0.0
0.0,0.0,0.0,0.0,0.0,0.0,0.0,0.0
0.2,0.0,0.0,0.0,0.0,0.0,0.0,0.0
0.3,1.0,0.0,0.0,1.0,0.0,0.0,0.0
0.5,2.0,0.0,0.0,2.0,0.0,0.0,0.0
1.0,0.0,0.0,0.0,0.0,0.0,0.0,0.0
1.2,1.0,0.0,0.0,1.0,0.0,0.0,0.0
1.3,0.0,0.0,0.0,0.0,0.0,0.0,0.0
1.5,0.0,0.0,0.0,0.0,0.0,0.0,0.0
2.0,0.0,0.0,0.0,0.0,0.0,0.0,0.0
2.2,0.0,0.0,0.0,0.0,0.0,0.0,0.0
2.3,1.0,0.0,0.0,1.0,0.0,0.0,0.0
2.5,0.0,0.0,0.0,0.0,0.0,0.0,0.0
3.0,1.0,0.0,0.0,1.0,0.0,0.0,0.0
3.2,1.0,0.0,0.0,1.0,0.0,0.0,0.0
3.3,0.0,0.0,0.0,0.0,0.0,0.0,0.0
3.5,2.0,0.0,0.0,2.0,0.0,0.0,0.0
4.0,1.0,0.0,0.0,1.0,0.0,0.0,0.0
4.2,2.0,0.0,0.0,2.0,0.0,0.0,0.0
4.3,2.0,0.0,0.0,2.0,0.0,0.0,0.0
4.5,2.0,0.0,0.0,2.0,0.0,0.0,0.0
5.0,3.0,0.0,0.0,3.0,0.0,0.0,0.0
5.2,3.0,0.0,0.0,3.0,0.0,0.0,0.0
5.3,1.0,0.0,0.0,1.0,0.0,0.0,0.0
5.5,2.0,0.0,0.0,2.0,0.0,0.0,0.0
6.0,8.0,0.0,0.0,8.0,0.0,0.0,0.0
6.2,6.0,0.0,0.0,6.0,0.0,0.0,0.0
6.3,9.0,0.0,0.0,9.0,0.0,0.0,0.0
6.5,5.0,0.0,0.0,5.0,0.0,0.0,0.0
7.0,9.0,0.0,0.0,9.0,0.0,0.0,0.0
7.2,13.0,0.0,0.0,13.0,0.0,0.0,0.0
7.3,22.0,0.0,0.0,22.0,0.0,0.0,0.0
7.5,18.0,0.0,0.0,18.0,0.0,0.0,0.0
8.0,24.0,0.0,0.0,24.0,0.0,0.0,0.0
8.2,22.0,0.0,0.0,22.0,0.0,0.0,0.0
8.3,35.0,0.0,0.0,35.0,0.0,0.0,0.0
8.5,17.0,0.0,0.0,17.0,0.0,0.0,0.0
9.0,22.0,0.0,0.0,22.0,0.0,0.0,0.0
9.2,13.0,0.0,0.0,13.0,0.0,0.0,0.0
9.3,9.0,0.0,0.0,9.0,0.0,0.0,0.0
9.5,14.0,0.0,0.0,14.0,0.0,0.0,0.0
10.0,23.0,0.0,0.0,23.0,0.0,0.0,0.0
10.2,7.0,0.0,0.0,7.0,0.0,0.0,0.0
10.3,16.0,0.0,0.0,16.0,0.0,0.0,0.0
10.5,16.0,0.0,0.0,16.0,0.0,0.0,0.0
11.0,19.0,0.0,0.0,19.0,0.0,0.0,0.0
11.2,11.0,0.0,0.0,11.0,0.0,0.0,0.0
11.3,10.0,0.0,0.0,10.0,0.0,0.0,0.0
11.5,23.0,0.0,0.0,23.0,0.0,0.0,0.0
12.0,12.0,0.0,0.0,12.0,0.0,0.0,0.0
12.2,18.0,0.0,0.0,18.0,0.0,0.0,0.0
12.3,15.0,0.0,0.0,15.0,0.0,0.0,0.0
12.5,8.0,0.0,0.0,8.0,0.0,0.0,0.0
13.0,16.0,0.0,0.0,16.0,0.0,0.0,0.0
13.2,16.0,0.0,0.0,16.0,0.0,0.0,0.0
13.3,14.0,0.0,0.0,14.0,0.0,0.0,0.0
13.5,8.0,0.0,0.0,8.0,0.0,0.0,0.0
14.0,11.0,0.0,0.0,11.0,0.0,0.0,0.0
14.2,10.0,0.0,0.0,10.0,0.0,0.0,0.0
14.3,10.0,0.0,0.0,10.0,0.0,0.0,0.0
14.5,11.0,0.0,0.0,11.0,0.0,0.0,0.0
15.0,21.0,0.0,0.0,21.0,0.0,0.0,0.0
15.2,18.0,0.0,0.0,18.0,0.0,0.0,0.0
15.3,18.0,0.0,0.0,18.0,0.0,0.0,0.0
15.5,14.0,0.0,0.0,14.0,0.0,0.0,0.0
16.0,26.0,0.0,0.0,26.0,0.0,0.0,0.0
16.2,18.0,0.0,0.0,18.0,0.0,0.0,0.0
16.3,22.0,0.0,0.0,22.0,0.0,0.0,0.0
16.5,20.0,0.0,0.0,20.0,0.0,0.0,0.0
17.0,24.0,0.0,0.0,24.0,0.0,0.0,0.0
17.2,13.0,0.0,0.0,13.0,0.0,0.0,0.0
17.3,21.0,0.0,0.0,21.0,0.0,0.0,0.0
17.5,19.0,0.0,0.0,19.0,0.0,0.0,0.0
18.0,17.0,0.0,0.0,17.0,0.0,0.0,0.0
18.2,19.0,0.0,0.0,19.0,0.0,0.0,0.0
18.3,17.0,0.0,0.0,17.0,0.0,0.0,0.0
18.5,8.0,0.0,0.0,8.0,0.0,0.0,0.0
19.0,11.0,0.0,0.0,11.0,0.0,0.0,0.0
19.2,10.0,0.0,0.0,10.0,0.0,0.0,0.0
19.3,6.0,0.0,0.0,6.0,0.0,0.0,0.0
19.5,9.0,0.0,0.0,9.0,0.0,0.0,0.0
20.0,12.0,0.0,0.0,12.0,0.0,0.0,0.0
20.2,6.0,0.0,0.0,6.0,0.0,0.0,0.0
20.3,3.0,0.0,0.0,3.0,0.0,0.0,0.0
20.5,5.0,0.0,0.0,5.0,0.0,0.0,0.0
21.0,3.0,0.0,0.0,3.0,0.0,0.0,0.0
21.2,5.0,0.0,0.0,5.0,0.0,0.0,0.0
21.3,5.0,0.0,0.0,5.0,0.0,0.0,0.0
21.5,3.0,0.0,0.0,3.0,0.0,0.0,0.0
22.0,5.0,0.0,0.0,5.0,0.0,0.0,0.0
22.2,0.0,0.0,0.0,0.0,0.0,0.0,0.0
22.3,2.0,0.0,0.0,2.0,0.0,0.0,0.0
22.5,4.0,0.0,0.0,4.0,0.0,0.0,0.0
23.0,2.0,0.0,0.0,2.0,0.0,0.0,0.0
23.2,2.0,0.0,0.0,2.0,0.0,0.0,0.0
23.3,2.0,0.0,0.0,2.0,0.0,0.0,0.0
23.5,0.0,0.0,0.0,0.0,0.0,0.0,0.0
0.0,1.0,0.0,0.0,1.0,0.0,0.0,0.0
0.2,3.0,0.0,0.0,3.0,0.0,0.0,0.0
0.3,3.0,0.0,0.0,3.0,0.0,0.0,0.0
0.5,1.0,0.0,0.0,1.0,0.0,0.0,0.0
1.0,2.0,0.0,0.0,2.0,0.0,0.0,0.0
1.2,1.0,0.0,0.0,1.0,0.0,0.0,0.0
1.3,1.0,0.0,0.0,1.0,0.0,0.0,0.0
1.5,0.0,0.0,0.0,0.0,0.0,0.0,0.0
2.0,0.0,0.0,0.0,0.0,0.0,0.0,0.0
2.2,1.0,0.0,0.0,1.0,0.0,0.0,0.0
2.3,1.0,0.0,0.0,1.0,0.0,0.0,0.0
2.5,1.0,0.0,0.0,1.0,0.0,0.0,0.0
3.0,2.0,0.0,0.0,2.0,0.0,0.0,0.0
3.2,2.0,0.0,0.0,2.0,0.0,0.0,0.0
3.3,1.0,0.0,0.0,1.0,0.0,0.0,0.0
3.5,2.0,0.0,0.0,2.0,0.0,0.0,0.0
4.0,0.0,0.0,0.0,0.0,0.0,0.0,0.0
4.2,1.0,0.0,0.0,1.0,0.0,0.0,0.0
4.3,2.0,0.0,0.0,2.0,0.0,0.0,0.0
4.5,1.0,0.0,0.0,1.0,0.0,0.0,0.0
5.0,6.0,0.0,0.0,6.0,0.0,0.0,0.0
5.2,4.0,0.0,0.0,4.0,0.0,0.0,0.0
5.3,4.0,0.0,0.0,4.0,0.0,0.0,0.0
5.5,4.0,0.0,0.0,4.0,0.0,0.0,0.0
6.0,3.0,0.0,0.0,3.0,0.0,0.0,0.0
6.2,3.0,0.0,0.0,3.0,0.0,0.0,0.0
6.3,6.0,0.0,0.0,6.0,0.0,0.0,0.0
6.5,12.0,0.0,0.0,12.0,0.0,0.0,0.0
7.0,8.0,0.0,0.0,8.0,0.0,0.0,0.0
7.2,9.0,0.0,0.0,9.0,0.0,0.0,0.0
7.3,18.0,0.0,0.0,18.0,0.0,0.0,0.0
7.5,19.0,0.0,0.0,19.0,0.0,0.0,0.0
8.0,19.0,0.0,0.0,19.0,0.0,0.0,0.0
8.2,27.0,0.0,0.0,27.0,0.0,0.0,0.0
8.3,21.0,0.0,0.0,21.0,0.0,0.0,0.0
8.5,13.0,0.0,0.0,13.0,0.0,0.0,0.0
9.0,22.0,0.0,0.0,22.0,0.0,0.0,0.0
9.2,15.0,0.0,0.0,15.0,0.0,0.0,0.0
9.3,20.0,0.0,0.0,20.0,0.0,0.0,0.0
9.5,23.0,0.0,0.0,23.0,0.0,0.0,0.0
10.0,13.0,0.0,0.0,13.0,0.0,0.0,0.0
10.2,12.0,0.0,0.0,12.0,0.0,0.0,0.0
10.3,15.0,0.0,0.0,15.0,0.0,0.0,0.0
10.5,15.0,0.0,0.0,15.0,0.0,0.0,0.0
11.0,10.0,0.0,0.0,10.0,0.0,0.0,0.0
11.2,17.0,0.0,0.0,17.0,0.0,0.0,0.0
11.3,23.0,0.0,0.0,23.0,0.0,0.0,0.0
11.5,8.0,0.0,0.0,8.0,0.0,0.0,0.0
12.0,13.0,0.0,0.0,13.0,0.0,0.0,0.0
12.2,27.0,0.0,0.0,27.0,0.0,0.0,0.0
12.3,19.0,0.0,0.0,19.0,0.0,0.0,0.0
12.5,16.0,0.0,0.0,16.0,0.0,0.0,0.0
13.0,9.0,0.0,0.0,9.0,0.0,0.0,0.0
13.2,17.0,0.0,0.0,17.0,0.0,0.0,0.0
13.3,11.0,0.0,0.0,11.0,0.0,0.0,0.0
13.5,13.0,0.0,0.0,13.0,0.0,0.0,0.0
14.0,10.0,0.0,0.0,10.0,0.0,0.0,0.0
14.2,18.0,0.0,0.0,18.0,0.0,0.0,0.0
14.3,25.0,0.0,0.0,25.0,0.0,0.0,0.0
14.5,12.0,0.0,0.0,12.0,0.0,0.0,0.0
15.0,18.0,0.0,0.0,18.0,0.0,0.0,0.0
15.2,24.0,0.0,0.0,24.0,0.0,0.0,0.0
15.3,17.0,0.0,0.0,17.0,0.0,0.0,0.0
15.5,21.0,0.0,0.0,21.0,0.0,0.0,0.0
16.0,26.0,0.0,0.0,26.0,0.0,0.0,0.0
16.2,22.0,0.0,0.0,22.0,0.0,0.0,0.0
16.3,23.0,0.0,0.0,23.0,0.0,0.0,0.0
16.5,23.0,0.0,0.0,23.0,0.0,0.0,0.0
17.0,20.0,0.0,0.0,20.0,0.0,0.0,0.0
17.2,26.0,0.0,0.0,26.0,0.0,0.0,0.0
17.3,24.0,0.0,0.0,24.0,0.0,0.0,0.0
17.5,21.0,0.0,0.0,21.0,0.0,0.0,0.0
18.0,21.0,0.0,0.0,21.0,0.0,0.0,0.0
18.2,17.0,0.0,0.0,17.0,0.0,0.0,0.0
18.3,13.0,0.0,0.0,13.0,0.0,0.0,0.0
18.5,16.0,0.0,0.0,16.0,0.0,0.0,0.0
19.0,15.0,0.0,0.0,15.0,0.0,0.0,0.0
19.2,8.0,0.0,0.0,8.0,0.0,0.0,0.0
19.3,4.0,0.0,0.0,4.0,0.0,0.0,0.0
19.5,12.0,0.0,0.0,12.0,0.0,0.0,0.0
20.0,11.0,0.0,0.0,11.0,0.0,0.0,0.0
20.2,14.0,0.0,0.0,14.0,0.0,0.0,0.0
20.3,6.0,0.0,0.0,6.0,0.0,0.0,0.0
20.5,2.0,0.0,0.0,2.0,0.0,0.0,0.0
21.0,3.0,0.0,0.0,3.0,0.0,0.0,0.0
21.2,9.0,0.0,0.0,9.0,0.0,0.0,0.0
21.3,5.0,0.0,0.0,5.0,0.0,0.0,0.0
21.5,6.0,0.0,0.0,6.0,0.0,0.0,0.0
22.0,6.0,0.0,0.0,6.0,0.0,0.0,0.0
22.2,5.0,0.0,0.0,5.0,0.0,0.0,0.0
22.3,4.0,0.0,0.0,4.0,0.0,0.0,0.0
22.5,6.0,0.0,0.0,6.0,0.0,0.0,0.0
23.0,0.0,0.0,0.0,0.0,0.0,0.0,0.0
23.2,3.0,0.0,0.0,3.0,0.0,0.0,0.0
23.3,3.0,0.0,0.0,3.0,0.0,0.0,0.0
23.5,5.0,0.0,0.0,5.0,0.0,0.0,0.0
0.0,4.0,0.0,0.0,4.0,0.0,0.0,0.0
0.2,5.0,0.0,0.0,5.0,0.0,0.0,0.0
0.3,0.0,0.0,0.0,0.0,0.0,0.0,0.0
0.5,3.0,0.0,0.0,3.0,0.0,0.0,0.0
1.0,1.0,0.0,0.0,1.0,0.0,0.0,0.0
1.2,0.0,0.0,0.0,0.0,0.0,0.0,0.0
1.3,0.0,0.0,0.0,0.0,0.0,0.0,0.0
1.5,1.0,0.0,0.0,1.0,0.0,0.0,0.0
2.0,0.0,0.0,0.0,0.0,0.0,0.0,0.0
2.2,1.0,0.0,0.0,1.0,0.0,0.0,0.0
2.3,0.0,0.0,0.0,0.0,0.0,0.0,0.0
2.5,0.0,0.0,0.0,0.0,0.0,0.0,0.0
3.0,1.0,0.0,0.0,1.0,0.0,0.0,0.0
3.2,0.0,0.0,0.0,0.0,0.0,0.0,0.0
3.3,3.0,0.0,0.0,3.0,0.0,0.0,0.0
3.5,0.0,0.0,0.0,0.0,0.0,0.0,0.0
4.0,1.0,0.0,0.0,1.0,0.0,0.0,0.0
4.2,1.0,0.0,0.0,1.0,0.0,0.0,0.0
4.3,2.0,0.0,0.0,2.0,0.0,0.0,0.0
4.5,0.0,0.0,0.0,0.0,0.0,0.0,0.0
5.0,2.0,0.0,0.0,2.0,0.0,0.0,0.0
5.2,1.0,0.0,0.0,1.0,0.0,0.0,0.0
5.3,0.0,0.0,0.0,0.0,0.0,0.0,0.0
5.5,4.0,0.0,0.0,4.0,0.0,0.0,0.0
6.0,2.0,0.0,0.0,2.0,0.0,0.0,0.0
6.2,7.0,0.0,0.0,7.0,0.0,0.0,0.0
6.3,1.0,0.0,0.0,1.0,0.0,0.0,0.0
6.5,4.0,0.0,0.0,4.0,0.0,0.0,0.0
7.0,1.0,0.0,0.0,1.0,0.0,0.0,0.0
7.2,10.0,0.0,0.0,10.0,0.0,0.0,0.0
7.3,10.0,0.0,0.0,10.0,0.0,0.0,0.0
7.5,6.0,0.0,0.0,6.0,0.0,0.0,0.0
8.0,8.0,0.0,0.0,8.0,0.0,0.0,0.0
8.2,9.0,0.0,0.0,9.0,0.0,0.0,0.0
8.3,10.0,0.0,0.0,10.0,0.0,0.0,0.0
8.5,11.0,0.0,0.0,11.0,0.0,0.0,0.0
9.0,12.0,0.0,0.0,12.0,0.0,0.0,0.0
9.2,11.0,0.0,0.0,11.0,0.0,0.0,0.0
9.3,4.0,0.0,0.0,4.0,0.0,0.0,0.0
9.5,12.0,0.0,0.0,12.0,0.0,0.0,0.0
10.0,4.0,0.0,0.0,4.0,0.0,0.0,0.0
10.2,18.0,0.0,0.0,18.0,0.0,0.0,0.0
10.3,11.0,0.0,0.0,11.0,0.0,0.0,0.0
10.5,21.0,0.0,0.0,21.0,0.0,0.0,0.0
11.0,12.0,0.0,0.0,12.0,0.0,0.0,0.0
11.2,12.0,0.0,0.0,12.0,0.0,0.0,0.0
11.3,12.0,0.0,0.0,12.0,0.0,0.0,0.0
11.5,12.0,0.0,0.0,12.0,0.0,0.0,0.0
12.0,18.0,0.0,0.0,18.0,0.0,0.0,0.0
12.2,11.0,0.0,0.0,11.0,0.0,0.0,0.0
12.3,8.0,0.0,0.0,8.0,0.0,0.0,0.0
12.5,9.0,0.0,0.0,9.0,0.0,0.0,0.0
13.0,16.0,0.0,0.0,16.0,0.0,0.0,0.0
13.2,7.0,0.0,0.0,7.0,0.0,0.0,0.0
13.3,7.0,0.0,0.0,7.0,0.0,0.0,0.0
13.5,9.0,0.0,0.0,9.0,0.0,0.0,0.0
14.0,15.0,0.0,0.0,15.0,0.0,0.0,0.0
14.2,5.0,0.0,0.0,5.0,0.0,0.0,0.0
14.3,11.0,0.0,0.0,11.0,0.0,0.0,0.0
14.5,11.0,0.0,0.0,11.0,0.0,0.0,0.0
15.0,10.0,0.0,0.0,10.0,0.0,0.0,0.0
15.2,10.0,0.0,0.0,10.0,0.0,0.0,0.0
15.3,14.0,0.0,0.0,14.0,0.0,0.0,0.0
15.5,10.0,0.0,0.0,10.0,0.0,0.0,0.0
16.0,7.0,0.0,0.0,7.0,0.0,0.0,0.0
16.2,16.0,0.0,0.0,16.0,0.0,0.0,0.0
16.3,8.0,0.0,0.0,8.0,0.0,0.0,0.0
16.5,3.0,0.0,0.0,3.0,0.0,0.0,0.0
17.0,6.0,0.0,0.0,6.0,0.0,0.0,0.0
17.2,11.0,0.0,0.0,11.0,0.0,0.0,0.0
17.3,7.0,0.0,0.0,7.0,0.0,0.0,0.0
17.5,12.0,0.0,0.0,12.0,0.0,0.0,0.0
18.0,17.0,0.0,0.0,17.0,0.0,0.0,0.0
18.2,6.0,0.0,0.0,6.0,0.0,0.0,0.0
18.3,10.0,0.0,0.0,10.0,0.0,0.0,0.0
18.5,9.0,0.0,0.0,9.0,0.0,0.0,0.0
19.0,11.0,0.0,0.0,11.0,0.0,0.0,0.0
19.2,9.0,0.0,0.0,9.0,0.0,0.0,0.0
19.3,14.0,0.0,0.0,14.0,0.0,0.0,0.0
19.5,4.0,0.0,0.0,4.0,0.0,0.0,0.0
20.0,6.0,0.0,0.0,6.0,0.0,0.0,0.0
20.2,6.0,0.0,0.0,6.0,0.0,0.0,0.0
20.3,9.0,0.0,0.0,9.0,0.0,0.0,0.0
20.5,6.0,0.0,0.0,6.0,0.0,0.0,0.0
21.0,4.0,0.0,0.0,4.0,0.0,0.0,0.0
21.2,5.0,0.0,0.0,5.0,0.0,0.0,0.0
21.3,9.0,0.0,0.0,9.0,0.0,0.0,0.0
21.5,7.0,0.0,0.0,7.0,0.0,0.0,0.0
22.0,4.0,0.0,0.0,4.0,0.0,0.0,0.0
22.2,9.0,0.0,0.0,9.0,0.0,0.0,0.0
22.3,3.0,0.0,0.0,3.0,0.0,0.0,0.0
22.5,0.0,0.0,0.0,0.0,0.0,0.0,0.0
23.0,5.0,0.0,0.0,5.0,0.0,0.0,0.0
23.2,0.0,0.0,0.0,0.0,0.0,0.0,0.0
23.3,1.0,0.0,0.0,1.0,0.0,0.0,0.0
23.5,3.0,0.0,0.0,3.0,0.0,0.0,0.0
0.0,3.0,0.0,0.0,3.0,0.0,0.0,0.0
0.2,1.0,0.0,0.0,1.0,0.0,0.0,0.0
0.3,0.0,0.0,0.0,0.0,0.0,0.0,0.0
0.5,5.0,0.0,0.0,5.0,0.0,0.0,0.0
1.0,1.0,0.0,0.0,1.0,0.0,0.0,0.0
1.2,0.0,0.0,0.0,0.0,0.0,0.0,0.0
1.3,1.0,0.0,0.0,1.0,0.0,0.0,0.0
1.5,2.0,0.0,0.0,2.0,0.0,0.0,0.0
2.0,1.0,0.0,0.0,1.0,0.0,0.0,0.0
2.2,0.0,0.0,0.0,0.0,0.0,0.0,0.0
2.3,0.0,0.0,0.0,0.0,0.0,0.0,0.0
2.5,1.0,0.0,0.0,1.0,0.0,0.0,0.0
3.0,0.0,0.0,0.0,0.0,0.0,0.0,0.0
3.2,2.0,0.0,0.0,2.0,0.0,0.0,0.0
3.3,1.0,0.0,0.0,1.0,0.0,0.0,0.0
3.5,1.0,0.0,0.0,1.0,0.0,0.0,0.0
4.0,0.0,0.0,0.0,0.0,0.0,0.0,0.0
4.2,0.0,0.0,0.0,0.0,0.0,0.0,0.0
4.3,2.0,0.0,0.0,2.0,0.0,0.0,0.0
4.5,0.0,0.0,0.0,0.0,0.0,0.0,0.0
5.0,1.0,0.0,0.0,1.0,0.0,0.0,0.0
5.2,1.0,0.0,0.0,1.0,0.0,0.0,0.0
5.3,1.0,0.0,0.0,1.0,0.0,0.0,0.0
5.5,1.0,0.0,0.0,1.0,0.0,0.0,0.0
6.0,2.0,0.0,0.0,2.0,0.0,0.0,0.0
6.2,1.0,0.0,0.0,1.0,0.0,0.0,0.0
6.3,2.0,0.0,0.0,2.0,0.0,0.0,0.0
6.5,2.0,0.0,0.0,2.0,0.0,0.0,0.0
7.0,1.0,0.0,0.0,1.0,0.0,0.0,0.0
7.2,3.0,0.0,0.0,3.0,0.0,0.0,0.0
7.3,2.0,0.0,0.0,2.0,0.0,0.0,0.0
7.5,2.0,0.0,0.0,2.0,0.0,0.0,0.0
8.0,4.0,0.0,0.0,4.0,0.0,0.0,0.0
8.2,6.0,0.0,0.0,6.0,0.0,0.0,0.0
8.3,5.0,0.0,0.0,5.0,0.0,0.0,0.0
8.5,7.0,0.0,0.0,7.0,0.0,0.0,0.0
9.0,5.0,0.0,0.0,5.0,0.0,0.0,0.0
9.2,4.0,0.0,0.0,4.0,0.0,0.0,0.0
9.3,5.0,0.0,0.0,5.0,0.0,0.0,0.0
9.5,11.0,0.0,0.0,11.0,0.0,0.0,0.0
10.0,4.0,0.0,0.0,4.0,0.0,0.0,0.0
10.2,13.0,0.0,0.0,13.0,0.0,0.0,0.0
10.3,10.0,0.0,0.0,10.0,0.0,0.0,0.0
10.5,13.0,0.0,0.0,13.0,0.0,0.0,0.0
11.0,12.0,0.0,0.0,12.0,0.0,0.0,0.0
11.2,13.0,0.0,0.0,13.0,0.0,0.0,0.0
11.3,13.0,0.0,0.0,13.0,0.0,0.0,0.0
11.5,14.0,0.0,0.0,14.0,0.0,0.0,0.0
12.0,11.0,0.0,0.0,11.0,0.0,0.0,0.0
12.2,6.0,0.0,0.0,6.0,0.0,0.0,0.0
12.3,8.0,0.0,0.0,8.0,0.0,0.0,0.0
12.5,8.0,0.0,0.0,8.0,0.0,0.0,0.0
13.0,8.0,0.0,0.0,8.0,0.0,0.0,0.0
13.2,7.0,0.0,0.0,7.0,0.0,0.0,0.0
13.3,5.0,0.0,0.0,5.0,0.0,0.0,0.0
13.5,9.0,0.0,0.0,9.0,0.0,0.0,0.0
14.0,8.0,0.0,0.0,8.0,0.0,0.0,0.0
14.2,11.0,0.0,0.0,11.0,0.0,0.0,0.0
14.3,9.0,0.0,0.0,9.0,0.0,0.0,0.0
14.5,15.0,0.0,0.0,15.0,0.0,0.0,0.0
15.0,14.0,0.0,0.0,14.0,0.0,0.0,0.0
15.2,11.0,0.0,0.0,11.0,0.0,0.0,0.0
15.3,12.0,0.0,0.0,12.0,0.0,0.0,0.0
15.5,7.0,0.0,0.0,7.0,0.0,0.0,0.0
16.0,11.0,0.0,0.0,11.0,0.0,0.0,0.0
16.2,11.0,0.0,0.0,11.0,0.0,0.0,0.0
16.3,9.0,0.0,0.0,9.0,0.0,0.0,0.0
16.5,9.0,0.0,0.0,9.0,0.0,0.0,0.0
17.0,12.0,0.0,0.0,12.0,0.0,0.0,0.0
17.2,11.0,0.0,0.0,11.0,0.0,0.0,0.0
17.3,11.0,0.0,0.0,11.0,0.0,0.0,0.0
17.5,5.0,0.0,0.0,5.0,0.0,0.0,0.0
18.0,11.0,0.0,0.0,11.0,0.0,0.0,0.0
18.2,10.0,0.0,0.0,10.0,0.0,0.0,0.0
18.3,9.0,0.0,0.0,9.0,0.0,0.0,0.0
18.5,8.0,0.0,0.0,8.0,0.0,0.0,0.0
19.0,9.0,0.0,0.0,9.0,0.0,0.0,0.0
19.2,11.0,0.0,0.0,11.0,0.0,0.0,0.0
19.3,15.0,0.0,0.0,15.0,0.0,0.0,0.0
19.5,9.0,0.0,0.0,9.0,0.0,0.0,0.0
20.0,6.0,0.0,0.0,6.0,0.0,0.0,0.0
20.2,4.0,0.0,0.0,4.0,0.0,0.0,0.0
20.3,9.0,0.0,0.0,9.0,0.0,0.0,0.0
20.5,8.0,0.0,0.0,8.0,0.0,0.0,0.0
21.0,4.0,0.0,0.0,4.0,0.0,0.0,0.0
21.2,4.0,0.0,0.0,4.0,0.0,0.0,0.0
21.3,10.0,0.0,0.0,10.0,0.0,0.0,0.0
21.5,11.0,0.0,0.0,11.0,0.0,0.0,0.0
22.0,7.0,0.0,0.0,7.0,0.0,0.0,0.0
22.2,6.0,0.0,0.0,6.0,0.0,0.0,0.0
22.3,4.0,0.0,0.0,4.0,0.0,0.0,0.0
22.5,1.0,0.0,0.0,1.0,0.0,0.0,0.0
23.0,3.0,0.0,0.0,3.0,0.0,0.0,0.0
23.2,2.0,0.0,0.0,2.0,0.0,0.0,0.0
23.3,2.0,0.0,0.0,2.0,0.0,0.0,0.0
23.5,2.0,0.0,0.0,2.0,0.0,0.0,0.0
0.0,2.0,0.0,0.0,2.0,0.0,0.0,0.0
0.2,1.0,0.0,0.0,1.0,0.0,0.0,0.0
0.3,4.0,0.0,0.0,4.0,0.0,0.0,0.0
0.5,1.0,0.0,0.0,1.0,0.0,0.0,0.0
1.0,1.0,0.0,0.0,1.0,0.0,0.0,0.0
1.2,0.0,0.0,0.0,0.0,0.0,0.0,0.0
1.3,1.0,0.0,0.0,1.0,0.0,0.0,0.0
1.5,0.0,0.0,0.0,0.0,0.0,0.0,0.0
2.0,0.0,0.0,0.0,0.0,0.0,0.0,0.0
2.2,1.0,0.0,0.0,1.0,0.0,0.0,0.0
2.3,0.0,0.0,0.0,0.0,0.0,0.0,0.0
2.5,0.0,0.0,0.0,0.0,0.0,0.0,0.0
3.0,0.0,0.0,0.0,0.0,0.0,0.0,0.0
3.2,0.0,0.0,0.0,0.0,0.0,0.0,0.0
3.3,2.0,0.0,0.0,2.0,0.0,0.0,0.0
3.5,1.0,0.0,0.0,1.0,0.0,0.0,0.0
4.0,0.0,0.0,0.0,0.0,0.0,0.0,0.0
4.2,2.0,0.0,0.0,2.0,0.0,0.0,0.0
4.3,3.0,0.0,0.0,3.0,0.0,0.0,0.0
4.5,1.0,0.0,0.0,1.0,0.0,0.0,0.0
5.0,5.0,0.0,0.0,5.0,0.0,0.0,0.0
5.2,3.0,0.0,0.0,3.0,0.0,0.0,0.0
5.3,2.0,0.0,0.0,2.0,0.0,0.0,0.0
5.5,2.0,0.0,0.0,2.0,0.0,0.0,0.0
6.0,2.0,0.0,0.0,2.0,0.0,0.0,0.0
6.2,4.0,0.0,0.0,4.0,0.0,0.0,0.0
6.3,8.0,0.0,0.0,8.0,0.0,0.0,0.0
6.5,10.0,0.0,0.0,10.0,0.0,0.0,0.0
7.0,12.0,0.0,0.0,12.0,0.0,0.0,0.0
7.2,7.0,0.0,0.0,7.0,0.0,0.0,0.0
7.3,15.0,0.0,0.0,15.0,0.0,0.0,0.0
7.5,23.0,0.0,0.0,23.0,0.0,0.0,0.0
8.0,22.0,0.0,0.0,22.0,0.0,0.0,0.0
8.2,29.0,0.0,0.0,29.0,0.0,0.0,0.0
8.3,25.0,0.0,0.0,25.0,0.0,0.0,0.0
8.5,27.0,0.0,0.0,27.0,0.0,0.0,0.0
9.0,19.0,0.0,0.0,19.0,0.0,0.0,0.0
9.2,16.0,0.0,0.0,16.0,0.0,0.0,0.0
9.3,18.0,0.0,0.0,18.0,0.0,0.0,0.0
9.5,17.0,0.0,0.0,17.0,0.0,0.0,0.0
10.0,17.0,0.0,0.0,17.0,0.0,0.0,0.0
10.2,17.0,0.0,0.0,17.0,0.0,0.0,0.0
10.3,12.0,0.0,0.0,12.0,0.0,0.0,0.0
10.5,9.0,0.0,0.0,9.0,0.0,0.0,0.0
11.0,12.0,0.0,0.0,12.0,0.0,0.0,0.0
11.2,13.0,0.0,0.0,13.0,0.0,0.0,0.0
11.3,13.0,0.0,0.0,13.0,0.0,0.0,0.0
11.5,19.0,0.0,0.0,19.0,0.0,0.0,0.0
12.0,20.0,0.0,0.0,20.0,0.0,0.0,0.0
12.2,9.0,0.0,0.0,9.0,0.0,0.0,0.0
12.3,15.0,0.0,0.0,15.0,0.0,0.0,0.0
12.5,8.0,0.0,0.0,8.0,0.0,0.0,0.0
13.0,12.0,0.0,0.0,12.0,0.0,0.0,0.0
13.2,12.0,0.0,0.0,12.0,0.0,0.0,0.0
13.3,6.0,0.0,0.0,6.0,0.0,0.0,0.0
13.5,9.0,0.0,0.0,9.0,0.0,0.0,0.0
14.0,18.0,0.0,0.0,18.0,0.0,0.0,0.0
14.2,10.0,0.0,0.0,10.0,0.0,0.0,0.0
14.3,11.0,0.0,0.0,11.0,0.0,0.0,0.0
14.5,13.0,0.0,0.0,13.0,0.0,0.0,0.0
15.0,20.0,0.0,0.0,20.0,0.0,0.0,0.0
15.2,16.0,0.0,0.0,16.0,0.0,0.0,0.0
15.3,16.0,0.0,0.0,16.0,0.0,0.0,0.0
15.5,24.0,0.0,0.0,24.0,0.0,0.0,0.0
16.0,24.0,0.0,0.0,24.0,0.0,0.0,0.0
16.2,29.0,0.0,0.0,29.0,0.0,0.0,0.0
16.3,25.0,0.0,0.0,25.0,0.0,0.0,0.0
16.5,19.0,0.0,0.0,19.0,0.0,0.0,0.0
17.0,18.0,0.0,0.0,18.0,0.0,0.0,0.0
17.2,21.0,0.0,0.0,21.0,0.0,0.0,0.0
17.3,16.0,0.0,0.0,16.0,0.0,0.0,0.0
17.5,16.0,0.0,0.0,16.0,0.0,0.0,0.0
18.0,13.0,0.0,0.0,13.0,0.0,0.0,0.0
18.2,13.0,0.0,0.0,13.0,0.0,0.0,0.0
18.3,14.0,0.0,0.0,14.0,0.0,0.0,0.0
18.5,12.0,0.0,0.0,12.0,0.0,0.0,0.0
19.0,17.0,0.0,0.0,17.0,0.0,0.0,0.0
19.2,9.0,0.0,0.0,9.0,0.0,0.0,0.0
19.3,8.0,0.0,0.0,8.0,0.0,0.0,0.0
19.5,4.0,0.0,0.0,4.0,0.0,0.0,0.0
20.0,9.0,0.0,0.0,9.0,0.0,0.0,0.0
20.2,7.0,0.0,0.0,7.0,0.0,0.0,0.0
20.3,9.0,0.0,0.0,9.0,0.0,0.0,0.0
20.5,6.0,0.0,0.0,6.0,0.0,0.0,0.0
21.0,5.0,0.0,0.0,5.0,0.0,0.0,0.0
21.2,6.0,0.0,0.0,6.0,0.0,0.0,0.0
21.3,3.0,0.0,0.0,3.0,0.0,0.0,0.0
21.5,4.0,0.0,0.0,4.0,0.0,0.0,0.0
22.0,2.0,0.0,0.0,2.0,0.0,0.0,0.0
22.2,3.0,0.0,0.0,3.0,0.0,0.0,0.0
22.3,2.0,0.0,0.0,2.0,0.0,0.0,0.0
22.5,1.0,0.0,0.0,1.0,0.0,0.0,0.0
23.0,1.0,0.0,0.0,1.0,0.0,0.0,0.0
23.2,0.0,0.0,0.0,0.0,0.0,0.0,0.0
23.3,0.0,0.0,0.0,0.0,0.0,0.0,0.0
23.5,0.0,0.0,0.0,0.0,0.0,0.0,0.0
0.0,0.0,0.0,0.0,0.0,0.0,0.0,0.0
0.2,4.0,0.0,0.0,4.0,0.0,0.0,0.0
0.3,0.0,0.0,0.0,0.0,0.0,0.0,0.0
0.5,1.0,0.0,0.0,1.0,0.0,0.0,0.0
1.0,1.0,0.0,0.0,1.0,0.0,0.0,0.0
1.2,1.0,0.0,0.0,1.0,0.0,0.0,0.0
1.3,1.0,0.0,0.0,1.0,0.0,0.0,0.0
1.5,1.0,0.0,0.0,1.0,0.0,0.0,0.0
2.0,3.0,0.0,0.0,3.0,0.0,0.0,0.0
2.2,3.0,0.0,0.0,3.0,0.0,0.0,0.0
2.3,0.0,0.0,0.0,0.0,0.0,0.0,0.0
2.5,0.0,0.0,0.0,0.0,0.0,0.0,0.0
3.0,2.0,0.0,0.0,2.0,0.0,0.0,0.0
3.2,1.0,0.0,0.0,1.0,0.0,0.0,0.0
3.3,1.0,0.0,0.0,1.0,0.0,0.0,0.0
3.5,1.0,0.0,0.0,1.0,0.0,0.0,0.0
4.0,2.0,0.0,0.0,2.0,0.0,0.0,0.0
4.2,0.0,0.0,0.0,0.0,0.0,0.0,0.0
4.3,0.0,0.0,0.0,0.0,0.0,0.0,0.0
4.5,1.0,0.0,0.0,1.0,0.0,0.0,0.0
5.0,2.0,0.0,0.0,2.0,0.0,0.0,0.0
5.2,1.0,0.0,0.0,1.0,0.0,0.0,0.0
5.3,2.0,0.0,0.0,2.0,0.0,0.0,0.0
5.5,6.0,0.0,0.0,6.0,0.0,0.0,0.0
6.0,5.0,0.0,0.0,5.0,0.0,0.0,0.0
6.2,3.0,0.0,0.0,3.0,0.0,0.0,0.0
6.3,4.0,0.0,0.0,4.0,0.0,0.0,0.0
6.5,15.0,0.0,0.0,15.0,0.0,0.0,0.0
7.0,10.0,0.0,0.0,10.0,0.0,0.0,0.0
7.2,9.0,0.0,0.0,9.0,0.0,0.0,0.0
7.3,19.0,0.0,0.0,19.0,0.0,0.0,0.0
7.5,28.0,0.0,0.0,28.0,0.0,0.0,0.0
8.0,21.0,0.0,0.0,21.0,0.0,0.0,0.0
8.2,22.0,0.0,0.0,22.0,0.0,0.0,0.0
8.3,24.0,0.0,0.0,24.0,0.0,0.0,0.0
8.5,35.0,0.0,0.0,35.0,0.0,0.0,0.0
9.0,23.0,0.0,0.0,23.0,0.0,0.0,0.0
9.2,23.0,0.0,0.0,23.0,0.0,0.0,0.0
9.3,19.0,0.0,0.0,19.0,0.0,0.0,0.0
9.5,23.0,0.0,0.0,23.0,0.0,0.0,0.0
10.0,15.0,0.0,0.0,15.0,0.0,0.0,0.0
10.2,16.0,0.0,0.0,16.0,0.0,0.0,0.0
10.3,18.0,0.0,0.0,18.0,0.0,0.0,0.0
10.5,13.0,0.0,0.0,13.0,0.0,0.0,0.0
11.0,16.0,0.0,0.0,16.0,0.0,0.0,0.0
11.2,7.0,0.0,0.0,7.0,0.0,0.0,0.0
11.3,12.0,0.0,0.0,12.0,0.0,0.0,0.0
11.5,12.0,0.0,0.0,12.0,0.0,0.0,0.0
12.0,12.0,0.0,0.0,12.0,0.0,0.0,0.0
12.2,18.0,0.0,0.0,18.0,0.0,0.0,0.0
12.3,11.0,0.0,0.0,11.0,0.0,0.0,0.0
12.5,8.0,0.0,0.0,8.0,0.0,0.0,0.0
13.0,13.0,0.0,0.0,13.0,0.0,0.0,0.0
13.2,13.0,0.0,0.0,13.0,0.0,0.0,0.0
13.3,18.0,0.0,0.0,18.0,0.0,0.0,0.0
13.5,12.0,0.0,0.0,12.0,0.0,0.0,0.0
14.0,19.0,0.0,0.0,19.0,0.0,0.0,0.0
14.2,14.0,0.0,0.0,14.0,0.0,0.0,0.0
14.3,21.0,0.0,0.0,21.0,0.0,0.0,0.0
14.5,21.0,0.0,0.0,21.0,0.0,0.0,0.0
15.0,13.0,0.0,0.0,13.0,0.0,0.0,0.0
15.2,21.0,0.0,0.0,21.0,0.0,0.0,0.0
15.3,17.0,0.0,0.0,17.0,0.0,0.0,0.0
15.5,24.0,0.0,0.0,24.0,0.0,0.0,0.0
16.0,14.0,0.0,0.0,14.0,0.0,0.0,0.0
16.2,17.0,0.0,0.0,17.0,0.0,0.0,0.0
16.3,17.0,0.0,0.0,17.0,0.0,0.0,0.0
16.5,28.0,0.0,0.0,28.0,0.0,0.0,0.0
17.0,23.0,0.0,0.0,23.0,0.0,0.0,0.0
17.2,22.0,0.0,0.0,22.0,0.0,0.0,0.0
17.3,11.0,0.0,0.0,11.0,0.0,0.0,0.0
17.5,10.0,0.0,0.0,10.0,0.0,0.0,0.0
18.0,20.0,0.0,0.0,20.0,0.0,0.0,0.0
18.2,14.0,0.0,0.0,14.0,0.0,0.0,0.0
18.3,10.0,0.0,0.0,10.0,0.0,0.0,0.0
18.5,20.0,0.0,0.0,20.0,0.0,0.0,0.0
19.0,18.0,0.0,0.0,18.0,0.0,0.0,0.0
19.2,6.0,0.0,0.0,6.0,0.0,0.0,0.0
19.3,6.0,0.0,0.0,6.0,0.0,0.0,0.0
19.5,11.0,0.0,0.0,11.0,0.0,0.0,0.0
20.0,4.0,0.0,0.0,4.0,0.0,0.0,0.0
20.2,6.0,0.0,0.0,6.0,0.0,0.0,0.0
20.3,4.0,0.0,0.0,4.0,0.0,0.0,0.0
20.5,5.0,0.0,0.0,5.0,0.0,0.0,0.0
21.0,1.0,0.0,0.0,1.0,0.0,0.0,0.0
21.2,3.0,0.0,0.0,3.0,0.0,0.0,0.0
21.3,5.0,0.0,0.0,5.0,0.0,0.0,0.0
21.5,5.0,0.0,0.0,5.0,0.0,0.0,0.0
22.0,1.0,0.0,0.0,1.0,0.0,0.0,0.0
22.2,6.0,0.0,0.0,6.0,0.0,0.0,0.0
22.3,6.0,0.0,0.0,6.0,0.0,0.0,0.0
22.5,3.0,0.0,0.0,3.0,0.0,0.0,0.0
23.0,3.0,0.0,0.0,3.0,0.0,0.0,0.0
23.2,4.0,0.0,0.0,4.0,0.0,0.0,0.0
23.3,1.0,0.0,0.0,1.0,0.0,0.0,0.0
23.5,0.0,0.0,0.0,0.0,0.0,0.0,0.0
0.0,2.0,0.0,0.0,2.0,0.0,0.0,0.0
0.2,2.0,0.0,0.0,2.0,0.0,0.0,0.0
0.3,2.0,0.0,0.0,2.0,0.0,0.0,0.0
0.5,0.0,0.0,0.0,0.0,0.0,0.0,0.0
1.0,1.0,0.0,0.0,1.0,0.0,0.0,0.0
1.2,0.0,0.0,0.0,0.0,0.0,0.0,0.0
1.3,1.0,0.0,0.0,1.0,0.0,0.0,0.0
1.5,0.0,0.0,0.0,0.0,0.0,0.0,0.0
2.0,0.0,0.0,0.0,0.0,0.0,0.0,0.0
2.2,0.0,0.0,0.0,0.0,0.0,0.0,0.0
2.3,0.0,0.0,0.0,0.0,0.0,0.0,0.0
2.5,1.0,0.0,0.0,1.0,0.0,0.0,0.0
3.0,1.0,0.0,0.0,1.0,0.0,0.0,0.0
3.2,1.0,0.0,0.0,1.0,0.0,0.0,0.0
3.3,0.0,0.0,0.0,0.0,0.0,0.0,0.0
3.5,1.0,0.0,0.0,1.0,0.0,0.0,0.0
4.0,1.0,0.0,0.0,1.0,0.0,0.0,0.0
4.2,2.0,0.0,0.0,2.0,0.0,0.0,0.0
4.3,1.0,0.0,0.0,1.0,0.0,0.0,0.0
4.5,4.0,0.0,0.0,4.0,0.0,0.0,0.0
5.0,4.0,0.0,0.0,4.0,0.0,0.0,0.0
5.2,1.0,0.0,0.0,1.0,0.0,0.0,0.0
5.3,1.0,0.0,0.0,1.0,0.0,0.0,0.0
5.5,6.0,0.0,0.0,6.0,0.0,0.0,0.0
6.0,2.0,0.0,0.0,2.0,0.0,0.0,0.0
6.2,7.0,0.0,0.0,7.0,0.0,0.0,0.0
6.3,9.0,0.0,0.0,9.0,0.0,0.0,0.0
6.5,4.0,0.0,0.0,4.0,0.0,0.0,0.0
7.0,13.0,0.0,0.0,13.0,0.0,0.0,0.0
7.2,13.0,0.0,0.0,13.0,0.0,0.0,0.0
7.3,19.0,0.0,0.0,19.0,0.0,0.0,0.0
7.5,15.0,0.0,0.0,15.0,0.0,0.0,0.0
8.0,26.0,0.0,0.0,26.0,0.0,0.0,0.0
8.2,26.0,0.0,0.0,26.0,0.0,0.0,0.0
8.3,32.0,0.0,0.0,32.0,0.0,0.0,0.0
8.5,30.0,0.0,0.0,30.0,0.0,0.0,0.0
9.0,17.0,0.0,0.0,17.0,0.0,0.0,0.0
9.2,23.0,0.0,0.0,23.0,0.0,0.0,0.0
9.3,20.0,0.0,0.0,20.0,0.0,0.0,0.0
9.5,22.0,0.0,0.0,22.0,0.0,0.0,0.0
10.0,18.0,0.0,0.0,18.0,0.0,0.0,0.0
10.2,17.0,0.0,0.0,17.0,0.0,0.0,0.0
10.3,18.0,0.0,0.0,18.0,0.0,0.0,0.0
10.5,12.0,0.0,0.0,12.0,0.0,0.0,0.0
11.0,10.0,0.0,0.0,10.0,0.0,0.0,0.0
11.2,9.0,0.0,0.0,9.0,0.0,0.0,0.0
11.3,10.0,0.0,0.0,10.0,0.0,0.0,0.0
11.5,21.0,0.0,0.0,21.0,0.0,0.0,0.0
12.0,19.0,0.0,0.0,19.0,0.0,0.0,0.0
12.2,15.0,0.0,0.0,15.0,0.0,0.0,0.0
12.3,12.0,0.0,0.0,12.0,0.0,0.0,0.0
12.5,15.0,0.0,0.0,15.0,0.0,0.0,0.0
13.0,14.0,0.0,0.0,14.0,0.0,0.0,0.0
13.2,20.0,0.0,0.0,20.0,0.0,0.0,0.0
13.3,11.0,0.0,0.0,11.0,0.0,0.0,0.0
13.5,15.0,0.0,0.0,15.0,0.0,0.0,0.0
14.0,9.0,0.0,0.0,9.0,0.0,0.0,0.0
14.2,16.0,0.0,0.0,16.0,0.0,0.0,0.0
14.3,17.0,0.0,0.0,17.0,0.0,0.0,0.0
14.5,16.0,0.0,0.0,16.0,0.0,0.0,0.0
15.0,11.0,0.0,0.0,11.0,0.0,0.0,0.0
15.2,12.0,0.0,0.0,12.0,0.0,0.0,0.0
15.3,18.0,0.0,0.0,18.0,0.0,0.0,0.0
15.5,14.0,0.0,0.0,14.0,0.0,0.0,0.0
16.0,21.0,0.0,0.0,21.0,0.0,0.0,0.0
16.2,16.0,0.0,0.0,16.0,0.0,0.0,0.0
16.3,25.0,0.0,0.0,25.0,0.0,0.0,0.0
16.5,22.0,0.0,0.0,22.0,0.0,0.0,0.0
17.0,26.0,0.0,0.0,26.0,0.0,0.0,0.0
17.2,18.0,0.0,0.0,18.0,0.0,0.0,0.0
17.3,21.0,0.0,0.0,21.0,0.0,0.0,0.0
17.5,14.0,0.0,0.0,14.0,0.0,0.0,0.0
18.0,21.0,0.0,0.0,21.0,0.0,0.0,0.0
18.2,12.0,0.0,0.0,12.0,0.0,0.0,0.0
18.3,8.0,0.0,0.0,8.0,0.0,0.0,0.0
18.5,8.0,0.0,0.0,8.0,0.0,0.0,0.0
19.0,11.0,0.0,0.0,11.0,0.0,0.0,0.0
19.2,10.0,0.0,0.0,10.0,0.0,0.0,0.0
19.3,7.0,0.0,0.0,7.0,0.0,0.0,0.0
19.5,2.0,0.0,0.0,2.0,0.0,0.0,0.0
20.0,7.0,0.0,0.0,7.0,0.0,0.0,0.0
20.2,8.0,0.0,0.0,8.0,0.0,0.0,0.0
20.3,5.0,0.0,0.0,5.0,0.0,0.0,0.0
20.5,8.0,0.0,0.0,8.0,0.0,0.0,0.0
21.0,8.0,0.0,0.0,8.0,0.0,0.0,0.0
21.2,6.0,0.0,0.0,6.0,0.0,0.0,0.0
21.3,7.0,0.0,0.0,7.0,0.0,0.0,0.0
21.5,5.0,0.0,0.0,5.0,0.0,0.0,0.0
22.0,7.0,0.0,0.0,7.0,0.0,0.0,0.0
22.2,4.0,0.0,0.0,4.0,0.0,0.0,0.0
22.3,4.0,0.0,0.0,4.0,0.0,0.0,0.0
22.5,0.0,0.0,0.0,0.0,0.0,0.0,0.0
23.0,2.0,0.0,0.0,2.0,0.0,0.0,0.0
23.2,3.0,0.0,0.0,3.0,0.0,0.0,0.0
23.3,1.0,0.0,0.0,1.0,0.0,0.0,0.0
23.5,3.0,0.0,0.0,3.0,0.0,0.0,0.0
0.0,0.0,0.0,0.0,0.0,0.0,0.0,0.0
0.2,0.0,0.0,0.0,0.0,0.0,0.0,0.0
0.3,0.0,0.0,0.0,0.0,0.0,0.0,0.0
0.5,2.0,0.0,0.0,2.0,0.0,0.0,0.0
1.0,1.0,0.0,0.0,1.0,0.0,0.0,0.0
1.2,0.0,0.0,0.0,0.0,0.0,0.0,0.0
1.3,0.0,0.0,0.0,0.0,0.0,0.0,0.0
1.5,0.0,0.0,0.0,0.0,0.0,0.0,0.0
2.0,0.0,0.0,0.0,0.0,0.0,0.0,0.0
2.2,0.0,0.0,0.0,0.0,0.0,0.0,0.0
2.3,0.0,0.0,0.0,0.0,0.0,0.0,0.0
2.5,0.0,0.0,0.0,0.0,0.0,0.0,0.0
3.0,1.0,0.0,0.0,1.0,0.0,0.0,0.0
3.2,1.0,0.0,0.0,1.0,0.0,0.0,0.0
3.3,1.0,0.0,0.0,1.0,0.0,0.0,0.0
3.5,0.0,0.0,0.0,0.0,0.0,0.0,0.0
4.0,0.0,0.0,0.0,0.0,0.0,0.0,0.0
4.2,4.0,0.0,0.0,4.0,0.0,0.0,0.0
4.3,1.0,0.0,0.0,1.0,0.0,0.0,0.0
4.5,4.0,0.0,0.0,4.0,0.0,0.0,0.0
5.0,4.0,0.0,0.0,4.0,0.0,0.0,0.0
5.2,1.0,0.0,0.0,1.0,0.0,0.0,0.0
5.3,2.0,0.0,0.0,2.0,0.0,0.0,0.0
5.5,3.0,0.0,0.0,3.0,0.0,0.0,0.0
6.0,3.0,0.0,0.0,3.0,0.0,0.0,0.0
6.2,5.0,0.0,0.0,5.0,0.0,0.0,0.0
6.3,5.0,0.0,0.0,5.0,0.0,0.0,0.0
6.5,6.0,0.0,0.0,6.0,0.0,0.0,0.0
7.0,10.0,0.0,0.0,10.0,0.0,0.0,0.0
7.2,14.0,0.0,0.0,14.0,0.0,0.0,0.0
7.3,22.0,0.0,0.0,22.0,0.0,0.0,0.0
7.5,27.0,0.0,0.0,27.0,0.0,0.0,0.0
8.0,29.0,0.0,0.0,29.0,0.0,0.0,0.0
8.2,20.0,0.0,0.0,20.0,0.0,0.0,0.0
8.3,31.0,0.0,0.0,31.0,0.0,0.0,0.0
8.5,29.0,0.0,0.0,29.0,0.0,0.0,0.0
9.0,15.0,0.0,0.0,15.0,0.0,0.0,0.0
9.2,21.0,0.0,0.0,21.0,0.0,0.0,0.0
9.3,14.0,0.0,0.0,14.0,0.0,0.0,0.0
9.5,17.0,0.0,0.0,17.0,0.0,0.0,0.0
10.0,13.0,0.0,0.0,13.0,0.0,0.0,0.0
10.2,12.0,0.0,0.0,12.0,0.0,0.0,0.0
10.3,17.0,0.0,0.0,17.0,0.0,0.0,0.0
10.5,22.0,0.0,0.0,22.0,0.0,0.0,0.0
11.0,11.0,0.0,0.0,11.0,0.0,0.0,0.0
11.2,10.0,0.0,0.0,10.0,0.0,0.0,0.0
11.3,21.0,0.0,0.0,21.0,0.0,0.0,0.0
11.5,16.0,0.0,0.0,16.0,0.0,0.0,0.0
12.0,14.0,0.0,0.0,14.0,0.0,0.0,0.0
12.2,9.0,0.0,0.0,9.0,0.0,0.0,0.0
12.3,19.0,0.0,0.0,19.0,0.0,0.0,0.0
12.5,12.0,0.0,0.0,12.0,0.0,0.0,0.0
13.0,11.0,0.0,0.0,11.0,0.0,0.0,0.0
13.2,14.0,0.0,0.0,14.0,0.0,0.0,0.0
13.3,20.0,0.0,0.0,20.0,0.0,0.0,0.0
13.5,18.0,0.0,0.0,18.0,0.0,0.0,0.0
14.0,21.0,0.0,0.0,21.0,0.0,0.0,0.0
14.2,14.0,0.0,0.0,14.0,0.0,0.0,0.0
14.3,15.0,0.0,0.0,15.0,0.0,0.0,0.0
14.5,21.0,0.0,0.0,21.0,0.0,0.0,0.0
15.0,15.0,0.0,0.0,15.0,0.0,0.0,0.0
15.2,22.0,0.0,0.0,22.0,0.0,0.0,0.0
15.3,18.0,0.0,0.0,18.0,0.0,0.0,0.0
15.5,29.0,0.0,0.0,29.0,0.0,0.0,0.0
16.0,43.0,0.1,0.0,43.0,0.1,0.0,0.0
16.2,30.0,0.0,0.0,30.0,0.0,0.0,0.0
16.3,15.0,0.0,0.0,15.0,0.0,0.0,0.0
16.5,22.0,0.0,0.0,22.0,0.0,0.0,0.0
17.0,19.0,0.0,0.0,19.0,0.0,0.0,0.0
17.2,18.0,0.0,0.0,18.0,0.0,0.0,0.0
17.3,16.0,0.0,0.0,16.0,0.0,0.0,0.0
17.5,17.0,0.0,0.0,17.0,0.0,0.0,0.0
18.0,11.0,0.0,0.0,11.0,0.0,0.0,0.0
18.2,14.0,0.0,0.0,14.0,0.0,0.0,0.0
18.3,14.0,0.0,0.0,14.0,0.0,0.0,0.0
18.5,17.0,0.0,0.0,17.0,0.0,0.0,0.0
19.0,15.0,0.0,0.0,15.0,0.0,0.0,0.0
19.2,13.0,0.0,0.0,13.0,0.0,0.0,0.0
19.3,9.0,0.0,0.0,9.0,0.0,0.0,0.0
19.5,6.0,0.0,0.0,6.0,0.0,0.0,0.0
20.0,7.0,0.0,0.0,7.0,0.0,0.0,0.0
20.2,6.0,0.0,0.0,6.0,0.0,0.0,0.0
20.3,7.0,0.0,0.0,7.0,0.0,0.0,0.0
20.5,1.0,0.0,0.0,1.0,0.0,0.0,0.0
21.0,7.0,0.0,0.0,7.0,0.0,0.0,0.0
21.2,5.0,0.0,0.0,5.0,0.0,0.0,0.0
21.3,5.0,0.0,0.0,5.0,0.0,0.0,0.0
21.5,7.0,0.0,0.0,7.0,0.0,0.0,0.0
22.0,4.0,0.0,0.0,4.0,0.0,0.0,0.0
22.2,1.0,0.0,0.0,1.0,0.0,0.0,0.0
22.3,3.0,0.0,0.0,3.0,0.0,0.0,0.0
22.5,2.0,0.0,0.0,2.0,0.0,0.0,0.0
23.0,5.0,0.0,0.0,5.0,0.0,0.0,0.0
23.2,0.0,0.0,0.0,0.0,0.0,0.0,0.0
23.3,3.0,0.0,0.0,3.0,0.0,0.0,0.0
23.5,3.0,0.0,0.0,3.0,0.0,0.0,0.0
0.0,2.0,0.0,0.0,2.0,0.0,0.0,0.0
0.2,2.0,0.0,0.0,2.0,0.0,0.0,0.0
0.3,1.0,0.0,0.0,1.0,0.0,0.0,0.0
0.5,2.0,0.0,0.0,2.0,0.0,0.0,0.0
1.0,1.0,0.0,0.0,1.0,0.0,0.0,0.0
1.2,0.0,0.0,0.0,0.0,0.0,0.0,0.0
1.3,0.0,0.0,0.0,0.0,0.0,0.0,0.0
1.5,1.0,0.0,0.0,1.0,0.0,0.0,0.0
2.0,0.0,0.0,0.0,0.0,0.0,0.0,0.0
2.2,1.0,0.0,0.0,1.0,0.0,0.0,0.0
2.3,0.0,0.0,0.0,0.0,0.0,0.0,0.0
2.5,0.0,0.0,0.0,0.0,0.0,0.0,0.0
3.0,0.0,0.0,0.0,0.0,0.0,0.0,0.0
3.2,1.0,0.0,0.0,1.0,0.0,0.0,0.0
3.3,2.0,0.0,0.0,2.0,0.0,0.0,0.0
3.5,1.0,0.0,0.0,1.0,0.0,0.0,0.0
4.0,1.0,0.0,0.0,1.0,0.0,0.0,0.0
4.2,0.0,0.0,0.0,0.0,0.0,0.0,0.0
4.3,3.0,0.0,0.0,3.0,0.0,0.0,0.0
4.5,0.0,0.0,0.0,0.0,0.0,0.0,0.0
5.0,4.0,0.0,0.0,4.0,0.0,0.0,0.0
5.2,1.0,0.0,0.0,1.0,0.0,0.0,0.0
5.3,2.0,0.0,0.0,2.0,0.0,0.0,0.0
5.5,3.0,0.0,0.0,3.0,0.0,0.0,0.0
6.0,5.0,0.0,0.0,5.0,0.0,0.0,0.0
6.2,4.0,0.0,0.0,4.0,0.0,0.0,0.0
6.3,8.0,0.0,0.0,8.0,0.0,0.0,0.0
6.5,10.0,0.0,0.0,10.0,0.0,0.0,0.0
7.0,8.0,0.0,0.0,8.0,0.0,0.0,0.0
7.2,11.0,0.0,0.0,11.0,0.0,0.0,0.0
7.3,12.0,0.0,0.0,12.0,0.0,0.0,0.0
7.5,17.0,0.0,0.0,17.0,0.0,0.0,0.0
8.0,19.0,0.0,0.0,19.0,0.0,0.0,0.0
8.2,20.0,0.0,0.0,20.0,0.0,0.0,0.0
8.3,30.0,0.0,0.0,30.0,0.0,0.0,0.0
8.5,25.0,0.0,0.0,25.0,0.0,0.0,0.0
9.0,26.0,0.0,0.0,26.0,0.0,0.0,0.0
9.2,17.0,0.0,0.0,17.0,0.0,0.0,0.0
9.3,17.0,0.0,0.0,17.0,0.0,0.0,0.0
9.5,16.0,0.0,0.0,16.0,0.0,0.0,0.0
10.0,16.0,0.0,0.0,16.0,0.0,0.0,0.0
10.2,10.0,0.0,0.0,10.0,0.0,0.0,0.0
10.3,14.0,0.0,0.0,14.0,0.0,0.0,0.0
10.5,15.0,0.0,0.0,15.0,0.0,0.0,0.0
11.0,17.0,0.0,0.0,17.0,0.0,0.0,0.0
11.2,11.0,0.0,0.0,11.0,0.0,0.0,0.0
11.3,16.0,0.0,0.0,16.0,0.0,0.0,0.0
11.5,17.0,0.0,0.0,17.0,0.0,0.0,0.0
12.0,19.0,0.0,0.0,19.0,0.0,0.0,0.0
12.2,23.0,0.0,0.0,23.0,0.0,0.0,0.0
12.3,19.0,0.0,0.0,19.0,0.0,0.0,0.0
12.5,18.0,0.0,0.0,18.0,0.0,0.0,0.0
13.0,17.0,0.0,0.0,17.0,0.0,0.0,0.0
13.2,15.0,0.0,0.0,15.0,0.0,0.0,0.0
13.3,11.0,0.0,0.0,11.0,0.0,0.0,0.0
13.5,15.0,0.0,0.0,15.0,0.0,0.0,0.0
14.0,17.0,0.0,0.0,17.0,0.0,0.0,0.0
14.2,19.0,0.0,0.0,19.0,0.0,0.0,0.0
14.3,22.0,0.0,0.0,22.0,0.0,0.0,0.0
14.5,13.0,0.0,0.0,13.0,0.0,0.0,0.0
15.0,16.0,0.0,0.0,16.0,0.0,0.0,0.0
15.2,28.0,0.0,0.0,28.0,0.0,0.0,0.0
15.3,23.0,0.0,0.0,23.0,0.0,0.0,0.0
15.5,25.0,0.0,0.0,25.0,0.0,0.0,0.0
16.0,23.0,0.0,0.0,23.0,0.0,0.0,0.0
16.2,18.0,0.0,0.0,18.0,0.0,0.0,0.0
16.3,21.0,0.0,0.0,21.0,0.0,0.0,0.0
16.5,20.0,0.0,0.0,20.0,0.0,0.0,0.0
17.0,22.0,0.0,0.0,22.0,0.0,0.0,0.0
17.2,16.0,0.0,0.0,16.0,0.0,0.0,0.0
17.3,25.0,0.0,0.0,25.0,0.0,0.0,0.0
17.5,27.0,0.0,0.0,27.0,0.0,0.0,0.0
18.0,21.0,0.0,0.0,21.0,0.0,0.0,0.0
18.2,21.0,0.0,0.0,21.0,0.0,0.0,0.0
18.3,19.0,0.0,0.0,19.0,0.0,0.0,0.0
18.5,14.0,0.0,0.0,14.0,0.0,0.0,0.0
19.0,16.0,0.0,0.0,16.0,0.0,0.0,0.0
19.2,15.0,0.0,0.0,15.0,0.0,0.0,0.0
19.3,14.0,0.0,0.0,14.0,0.0,0.0,0.0
19.5,13.0,0.0,0.0,13.0,0.0,0.0,0.0
20.0,14.0,0.0,0.0,14.0,0.0,0.0,0.0
20.2,8.0,0.0,0.0,8.0,0.0,0.0,0.0
20.3,13.0,0.0,0.0,13.0,0.0,0.0,0.0
20.5,12.0,0.0,0.0,12.0,0.0,0.0,0.0
21.0,7.0,0.0,0.0,7.0,0.0,0.0,0.0
21.2,8.0,0.0,0.0,8.0,0.0,0.0,0.0
21.3,5.0,0.0,0.0,5.0,0.0,0.0,0.0
21.5,7.0,0.0,0.0,7.0,0.0,0.0,0.0
22.0,3.0,0.0,0.0,3.0,0.0,0.0,0.0
22.2,1.0,0.0,0.0,1.0,0.0,0.0,0.0
22.3,6.0,0.0,0.0,6.0,0.0,0.0,0.0
22.5,4.0,0.0,0.0,4.0,0.0,0.0,0.0
23.0,4.0,0.0,0.0,4.0,0.0,0.0,0.0
23.2,3.0,0.0,0.0,3.0,0.0,0.0,0.0
23.3,4.0,0.0,0.0,4.0,0.0,0.0,0.0
23.5,0.0,0.0,0.0,0.0,0.0,0.0,0.0
0.0,1.0,0.0,0.0,1.0,0.0,0.0,0.0
0.2,0.0,0.0,0.0,0.0,0.0,0.0,0.0
0.3,0.0,0.0,0.0,0.0,0.0,0.0,0.0
0.5,1.0,0.0,0.0,1.0,0.0,0.0,0.0
1.0,1.0,0.0,0.0,1.0,0.0,0.0,0.0
1.2,0.0,0.0,0.0,0.0,0.0,0.0,0.0
1.3,2.0,0.0,0.0,2.0,0.0,0.0,0.0
1.5,0.0,0.0,0.0,0.0,0.0,0.0,0.0
2.0,1.0,0.0,0.0,1.0,0.0,0.0,0.0
2.2,0.0,0.0,0.0,0.0,0.0,0.0,0.0
2.3,0.0,0.0,0.0,0.0,0.0,0.0,0.0
2.5,0.0,0.0,0.0,0.0,0.0,0.0,0.0
3.0,1.0,0.0,0.0,1.0,0.0,0.0,0.0
3.2,1.0,0.0,0.0,1.0,0.0,0.0,0.0
3.3,1.0,0.0,0.0,1.0,0.0,0.0,0.0
3.5,2.0,0.0,0.0,2.0,0.0,0.0,0.0
4.0,2.0,0.0,0.0,2.0,0.0,0.0,0.0
4.2,0.0,0.0,0.0,0.0,0.0,0.0,0.0
4.3,2.0,0.0,0.0,2.0,0.0,0.0,0.0
4.5,0.0,0.0,0.0,0.0,0.0,0.0,0.0
5.0,0.0,0.0,0.0,0.0,0.0,0.0,0.0
5.2,0.0,0.0,0.0,0.0,0.0,0.0,0.0
5.3,0.0,0.0,0.0,0.0,0.0,0.0,0.0
5.5,3.0,0.0,0.0,3.0,0.0,0.0,0.0
6.0,3.0,0.0,0.0,3.0,0.0,0.0,0.0
6.2,4.0,0.0,0.0,4.0,0.0,0.0,0.0
6.3,2.0,0.0,0.0,2.0,0.0,0.0,0.0
6.5,7.0,0.0,0.0,7.0,0.0,0.0,0.0
7.0,4.0,0.0,0.0,4.0,0.0,0.0,0.0
7.2,6.0,0.0,0.0,6.0,0.0,0.0,0.0
7.3,3.0,0.0,0.0,3.0,0.0,0.0,0.0
7.5,8.0,0.0,0.0,8.0,0.0,0.0,0.0
8.0,3.0,0.0,0.0,3.0,0.0,0.0,0.0
8.2,9.0,0.0,0.0,9.0,0.0,0.0,0.0
8.3,6.0,0.0,0.0,6.0,0.0,0.0,0.0
8.5,10.0,0.0,0.0,10.0,0.0,0.0,0.0
9.0,13.0,0.0,0.0,13.0,0.0,0.0,0.0
9.2,13.0,0.0,0.0,13.0,0.0,0.0,0.0
9.3,13.0,0.0,0.0,13.0,0.0,0.0,0.0
9.5,14.0,0.0,0.0,14.0,0.0,0.0,0.0
10.0,18.0,0.0,0.0,18.0,0.0,0.0,0.0
10.2,9.0,0.0,0.0,9.0,0.0,0.0,0.0
10.3,14.0,0.0,0.0,14.0,0.0,0.0,0.0
10.5,7.0,0.0,0.0,7.0,0.0,0.0,0.0
11.0,18.0,0.0,0.0,18.0,0.0,0.0,0.0
11.2,17.0,0.0,0.0,17.0,0.0,0.0,0.0
11.3,13.0,0.0,0.0,13.0,0.0,0.0,0.0
11.5,16.0,0.0,0.0,16.0,0.0,0.0,0.0
12.0,8.0,0.0,0.0,8.0,0.0,0.0,0.0
12.2,17.0,0.0,0.0,17.0,0.0,0.0,0.0
12.3,5.0,0.0,0.0,5.0,0.0,0.0,0.0
12.5,13.0,0.0,0.0,13.0,0.0,0.0,0.0
13.0,10.0,0.0,0.0,10.0,0.0,0.0,0.0
13.2,9.0,0.0,0.0,9.0,0.0,0.0,0.0
13.3,10.0,0.0,0.0,10.0,0.0,0.0,0.0
13.5,8.0,0.0,0.0,8.0,0.0,0.0,0.0
14.0,6.0,0.0,0.0,6.0,0.0,0.0,0.0
14.2,14.0,0.0,0.0,14.0,0.0,0.0,0.0
14.3,4.0,0.0,0.0,4.0,0.0,0.0,0.0
14.5,8.0,0.0,0.0,8.0,0.0,0.0,0.0
15.0,13.0,0.0,0.0,13.0,0.0,0.0,0.0
15.2,17.0,0.0,0.0,17.0,0.0,0.0,0.0
15.3,14.0,0.0,0.0,14.0,0.0,0.0,0.0
15.5,5.0,0.0,0.0,5.0,0.0,0.0,0.0
16.0,12.0,0.0,0.0,12.0,0.0,0.0,0.0
16.2,8.0,0.0,0.0,8.0,0.0,0.0,0.0
16.3,7.0,0.0,0.0,7.0,0.0,0.0,0.0
16.5,10.0,0.0,0.0,10.0,0.0,0.0,0.0
17.0,11.0,0.0,0.0,11.0,0.0,0.0,0.0
17.2,13.0,0.0,0.0,13.0,0.0,0.0,0.0
17.3,10.0,0.0,0.0,10.0,0.0,0.0,0.0
17.5,10.0,0.0,0.0,10.0,0.0,0.0,0.0
18.0,7.0,0.0,0.0,7.0,0.0,0.0,0.0
18.2,7.0,0.0,0.0,7.0,0.0,0.0,0.0
18.3,11.0,0.0,0.0,11.0,0.0,0.0,0.0
18.5,11.0,0.0,0.0,11.0,0.0,0.0,0.0
19.0,7.0,0.0,0.0,7.0,0.0,0.0,0.0
19.2,8.0,0.0,0.0,8.0,0.0,0.0,0.0
19.3,10.0,0.0,0.0,10.0,0.0,0.0,0.0
19.5,2.0,0.0,0.0,2.0,0.0,0.0,0.0
20.0,5.0,0.0,0.0,5.0,0.0,0.0,0.0
20.2,7.0,0.0,0.0,7.0,0.0,0.0,0.0
20.3,1.0,0.0,0.0,1.0,0.0,0.0,0.0
20.5,5.0,0.0,0.0,5.0,0.0,0.0,0.0
21.0,5.0,0.0,0.0,5.0,0.0,0.0,0.0
21.2,10.0,0.0,0.0,10.0,0.0,0.0,0.0
21.3,6.0,0.0,0.0,6.0,0.0,0.0,0.0
21.5,2.0,0.0,0.0,2.0,0.0,0.0,0.0
22.0,4.0,0.0,0.0,4.0,0.0,0.0,0.0
22.2,1.0,0.0,0.0,1.0,0.0,0.0,0.0
22.3,3.0,0.0,0.0,3.0,0.0,0.0,0.0
22.5,3.0,0.0,0.0,3.0,0.0,0.0,0.0
23.0,4.0,0.0,0.0,4.0,0.0,0.0,0.0
23.2,4.0,0.0,0.0,4.0,0.0,0.0,0.0
23.3,2.0,0.0,0.0,2.0,0.0,0.0,0.0
23.5,3.0,0.0,0.0,3.0,0.0,0.0,0.0
0.0,0.0,0.0,0.0,0.0,0.0,0.0,0.0
0.2,2.0,0.0,0.0,2.0,0.0,0.0,0.0
0.3,1.0,0.0,0.0,1.0,0.0,0.0,0.0
0.5,2.0,0.0,0.0,2.0,0.0,0.0,0.0
1.0,2.0,0.0,0.0,2.0,0.0,0.0,0.0
1.2,0.0,0.0,0.0,0.0,0.0,0.0,0.0
1.3,0.0,0.0,0.0,0.0,0.0,0.0,0.0
1.5,0.0,0.0,0.0,0.0,0.0,0.0,0.0
2.0,1.0,0.0,0.0,1.0,0.0,0.0,0.0
2.2,1.0,0.0,0.0,1.0,0.0,0.0,0.0
2.3,1.0,0.0,0.0,1.0,0.0,0.0,0.0
2.5,1.0,0.0,0.0,1.0,0.0,0.0,0.0
3.0,0.0,0.0,0.0,0.0,0.0,0.0,0.0
3.2,2.0,0.0,0.0,2.0,0.0,0.0,0.0
3.3,2.0,0.0,0.0,2.0,0.0,0.0,0.0
3.5,4.0,0.0,0.0,4.0,0.0,0.0,0.0
4.0,0.0,0.0,0.0,0.0,0.0,0.0,0.0
4.2,1.0,0.0,0.0,1.0,0.0,0.0,0.0
4.3,2.0,0.0,0.0,2.0,0.0,0.0,0.0
4.5,1.0,0.0,0.0,1.0,0.0,0.0,0.0
5.0,0.0,0.0,0.0,0.0,0.0,0.0,0.0
5.2,1.0,0.0,0.0,1.0,0.0,0.0,0.0
5.3,0.0,0.0,0.0,0.0,0.0,0.0,0.0
5.5,1.0,0.0,0.0,1.0,0.0,0.0,0.0
6.0,2.0,0.0,0.0,2.0,0.0,0.0,0.0
6.2,2.0,0.0,0.0,2.0,0.0,0.0,0.0
6.3,1.0,0.0,0.0,1.0,0.0,0.0,0.0
6.5,1.0,0.0,0.0,1.0,0.0,0.0,0.0
7.0,1.0,0.0,0.0,1.0,0.0,0.0,0.0
7.2,3.0,0.0,0.0,3.0,0.0,0.0,0.0
7.3,3.0,0.0,0.0,3.0,0.0,0.0,0.0
7.5,3.0,0.0,0.0,3.0,0.0,0.0,0.0
8.0,9.0,0.0,0.0,9.0,0.0,0.0,0.0
8.2,8.0,0.0,0.0,8.0,0.0,0.0,0.0
8.3,10.0,0.0,0.0,10.0,0.0,0.0,0.0
8.5,5.0,0.0,0.0,5.0,0.0,0.0,0.0
9.0,9.0,0.0,0.0,9.0,0.0,0.0,0.0
9.2,6.0,0.0,0.0,6.0,0.0,0.0,0.0
9.3,6.0,0.0,0.0,6.0,0.0,0.0,0.0
9.5,4.0,0.0,0.0,4.0,0.0,0.0,0.0
10.0,14.0,0.0,0.0,14.0,0.0,0.0,0.0
10.2,10.0,0.0,0.0,10.0,0.0,0.0,0.0
10.3,14.0,0.0,0.0,14.0,0.0,0.0,0.0
10.5,16.0,0.0,0.0,16.0,0.0,0.0,0.0
11.0,17.0,0.0,0.0,17.0,0.0,0.0,0.0
11.2,9.0,0.0,0.0,9.0,0.0,0.0,0.0
11.3,7.0,0.0,0.0,7.0,0.0,0.0,0.0
11.5,11.0,0.0,0.0,11.0,0.0,0.0,0.0
12.0,11.0,0.0,0.0,11.0,0.0,0.0,0.0
12.2,9.0,0.0,0.0,9.0,0.0,0.0,0.0
12.3,7.0,0.0,0.0,7.0,0.0,0.0,0.0
12.5,14.0,0.0,0.0,14.0,0.0,0.0,0.0
13.0,10.0,0.0,0.0,10.0,0.0,0.0,0.0
13.2,9.0,0.0,0.0,9.0,0.0,0.0,0.0
13.3,10.0,0.0,0.0,10.0,0.0,0.0,0.0
13.5,3.0,0.0,0.0,3.0,0.0,0.0,0.0
14.0,9.0,0.0,0.0,9.0,0.0,0.0,0.0
14.2,6.0,0.0,0.0,6.0,0.0,0.0,0.0
14.3,6.0,0.0,0.0,6.0,0.0,0.0,0.0
14.5,11.0,0.0,0.0,11.0,0.0,0.0,0.0
15.0,10.0,0.0,0.0,10.0,0.0,0.0,0.0
15.2,5.0,0.0,0.0,5.0,0.0,0.0,0.0
15.3,11.0,0.0,0.0,11.0,0.0,0.0,0.0
15.5,11.0,0.0,0.0,11.0,0.0,0.0,0.0
16.0,6.0,0.0,0.0,6.0,0.0,0.0,0.0
16.2,6.0,0.0,0.0,6.0,0.0,0.0,0.0
16.3,14.0,0.0,0.0,14.0,0.0,0.0,0.0
16.5,16.0,0.0,0.0,16.0,0.0,0.0,0.0
17.0,16.0,0.0,0.0,16.0,0.0,0.0,0.0
17.2,12.0,0.0,0.0,12.0,0.0,0.0,0.0
17.3,12.0,0.0,0.0,12.0,0.0,0.0,0.0
17.5,3.0,0.0,0.0,3.0,0.0,0.0,0.0
18.0,3.0,0.0,0.0,3.0,0.0,0.0,0.0
18.2,6.0,0.0,0.0,6.0,0.0,0.0,0.0
18.3,6.0,0.0,0.0,6.0,0.0,0.0,0.0
18.5,11.0,0.0,0.0,11.0,0.0,0.0,0.0
19.0,7.0,0.0,0.0,7.0,0.0,0.0,0.0
19.2,5.0,0.0,0.0,5.0,0.0,0.0,0.0
19.3,9.0,0.0,0.0,9.0,0.0,0.0,0.0
19.5,3.0,0.0,0.0,3.0,0.0,0.0,0.0
20.0,7.0,0.0,0.0,7.0,0.0,0.0,0.0
20.2,7.0,0.0,0.0,7.0,0.0,0.0,0.0
20.3,6.0,0.0,0.0,6.0,0.0,0.0,0.0
20.5,6.0,0.0,0.0,6.0,0.0,0.0,0.0
21.0,7.0,0.0,0.0,7.0,0.0,0.0,0.0
21.2,10.0,0.0,0.0,10.0,0.0,0.0,0.0
21.3,5.0,0.0,0.0,5.0,0.0,0.0,0.0
21.5,2.0,0.0,0.0,2.0,0.0,0.0,0.0
22.0,0.0,0.0,0.0,0.0,0.0,0.0,0.0
22.2,3.0,0.0,0.0,3.0,0.0,0.0,0.0
22.3,3.0,0.0,0.0,3.0,0.0,0.0,0.0
22.5,5.0,0.0,0.0,5.0,0.0,0.0,0.0
23.0,5.0,0.0,0.0,5.0,0.0,0.0,0.0
23.2,2.0,0.0,0.0,2.0,0.0,0.0,0.0
23.3,3.0,0.0,0.0,3.0,0.0,0.0,0.0
23.5,2.0,0.0,0.0,2.0,0.0,0.0,0.0
0.0,0.0,0.0,0.0,0.0,0.0,0.0,0.0
0.2,1.0,0.0,0.0,1.0,0.0,0.0,0.0
0.3,0.0,0.0,0.0,0.0,0.0,0.0,0.0
0.5,4.0,0.0,0.0,4.0,0.0,0.0,0.0
1.0,1.0,0.0,0.0,1.0,0.0,0.0,0.0
1.2,1.0,0.0,0.0,1.0,0.0,0.0,0.0
1.3,3.0,0.0,0.0,3.0,0.0,0.0,0.0
1.5,0.0,0.0,0.0,0.0,0.0,0.0,0.0
2.0,0.0,0.0,0.0,0.0,0.0,0.0,0.0
2.2,1.0,0.0,0.0,1.0,0.0,0.0,0.0
2.3,0.0,0.0,0.0,0.0,0.0,0.0,0.0
2.5,0.0,0.0,0.0,0.0,0.0,0.0,0.0
3.0,0.0,0.0,0.0,0.0,0.0,0.0,0.0
3.2,2.0,0.0,0.0,2.0,0.0,0.0,0.0
3.3,3.0,0.0,0.0,3.0,0.0,0.0,0.0
3.5,0.0,0.0,0.0,0.0,0.0,0.0,0.0
4.0,0.0,0.0,0.0,0.0,0.0,0.0,0.0
4.2,1.0,0.0,0.0,1.0,0.0,0.0,0.0
4.3,3.0,0.0,0.0,3.0,0.0,0.0,0.0
4.5,0.0,0.0,0.0,0.0,0.0,0.0,0.0
5.0,2.0,0.0,0.0,2.0,0.0,0.0,0.0
5.2,2.0,0.0,0.0,2.0,0.0,0.0,0.0
5.3,3.0,0.0,0.0,3.0,0.0,0.0,0.0
5.5,2.0,0.0,0.0,2.0,0.0,0.0,0.0
6.0,7.0,0.0,0.0,7.0,0.0,0.0,0.0
6.2,4.0,0.0,0.0,4.0,0.0,0.0,0.0
6.3,11.0,0.0,0.0,11.0,0.0,0.0,0.0
6.5,8.0,0.0,0.0,8.0,0.0,0.0,0.0
7.0,9.0,0.0,0.0,9.0,0.0,0.0,0.0
7.2,7.0,0.0,0.0,7.0,0.0,0.0,0.0
7.3,18.0,0.0,0.0,18.0,0.0,0.0,0.0
7.5,18.0,0.0,0.0,18.0,0.0,0.0,0.0
8.0,17.0,0.0,0.0,17.0,0.0,0.0,0.0
8.2,18.0,0.0,0.0,18.0,0.0,0.0,0.0
8.3,30.0,0.0,0.0,30.0,0.0,0.0,0.0
8.5,28.0,0.0,0.0,28.0,0.0,0.0,0.0
9.0,23.0,0.0,0.0,23.0,0.0,0.0,0.0
9.2,16.0,0.0,0.0,16.0,0.0,0.0,0.0
9.3,18.0,0.0,0.0,18.0,0.0,0.0,0.0
9.5,21.0,0.0,0.0,21.0,0.0,0.0,0.0
10.0,16.0,0.0,0.0,16.0,0.0,0.0,0.0
10.2,16.0,0.0,0.0,16.0,0.0,0.0,0.0
10.3,13.0,0.0,0.0,13.0,0.0,0.0,0.0
10.5,18.0,0.0,0.0,18.0,0.0,0.0,0.0
11.0,17.0,0.0,0.0,17.0,0.0,0.0,0.0
11.2,11.0,0.0,0.0,11.0,0.0,0.0,0.0
11.3,20.0,0.0,0.0,20.0,0.0,0.0,0.0
11.5,13.0,0.0,0.0,13.0,0.0,0.0,0.0
12.0,12.0,0.0,0.0,12.0,0.0,0.0,0.0
12.2,21.0,0.0,0.0,21.0,0.0,0.0,0.0
12.3,15.0,0.0,0.0,15.0,0.0,0.0,0.0
12.5,14.0,0.0,0.0,14.0,0.0,0.0,0.0
13.0,13.0,0.0,0.0,13.0,0.0,0.0,0.0
13.2,14.0,0.0,0.0,14.0,0.0,0.0,0.0
13.3,14.0,0.0,0.0,14.0,0.0,0.0,0.0
13.5,15.0,0.0,0.0,15.0,0.0,0.0,0.0
14.0,14.0,0.0,0.0,14.0,0.0,0.0,0.0
14.2,17.0,0.0,0.0,17.0,0.0,0.0,0.0
14.3,16.0,0.0,0.0,16.0,0.0,0.0,0.0
14.5,13.0,0.0,0.0,13.0,0.0,0.0,0.0
15.0,28.0,0.0,0.0,28.0,0.0,0.0,0.0
15.2,9.0,0.0,0.0,9.0,0.0,0.0,0.0
15.3,23.0,0.0,0.0,23.0,0.0,0.0,0.0
15.5,16.0,0.0,0.0,16.0,0.0,0.0,0.0
16.0,13.0,0.0,0.0,13.0,0.0,0.0,0.0
16.2,25.0,0.0,0.0,25.0,0.0,0.0,0.0
16.3,22.0,0.0,0.0,22.0,0.0,0.0,0.0
16.5,14.0,0.0,0.0,14.0,0.0,0.0,0.0
17.0,16.0,0.0,0.0,16.0,0.0,0.0,0.0
17.2,12.0,0.0,0.0,12.0,0.0,0.0,0.0
17.3,25.0,0.0,0.0,25.0,0.0,0.0,0.0
17.5,17.0,0.0,0.0,17.0,0.0,0.0,0.0
18.0,15.0,0.0,0.0,15.0,0.0,0.0,0.0
18.2,23.0,0.0,0.0,23.0,0.0,0.0,0.0
18.3,12.0,0.0,0.0,12.0,0.0,0.0,0.0
18.5,9.0,0.0,0.0,9.0,0.0,0.0,0.0
19.0,8.0,0.0,0.0,8.0,0.0,0.0,0.0
19.2,11.0,0.0,0.0,11.0,0.0,0.0,0.0
19.3,7.0,0.0,0.0,7.0,0.0,0.0,0.0
19.5,5.0,0.0,0.0,5.0,0.0,0.0,0.0
20.0,7.0,0.0,0.0,7.0,0.0,0.0,0.0
20.2,2.0,0.0,0.0,2.0,0.0,0.0,0.0
20.3,7.0,0.0,0.0,7.0,0.0,0.0,0.0
20.5,8.0,0.0,0.0,8.0,0.0,0.0,0.0
21.0,6.0,0.0,0.0,6.0,0.0,0.0,0.0
21.2,5.0,0.0,0.0,5.0,0.0,0.0,0.0
21.3,7.0,0.0,0.0,7.0,0.0,0.0,0.0
21.5,7.0,0.0,0.0,7.0,0.0,0.0,0.0
22.0,121.0,0.1,0.0,121.0,0.1,0.0,0.0
22.2,95.0,0.0,0.0,95.0,0.0,0.0,0.0
22.3,70.0,0.0,0.0,70.0,0.0,0.0,0.0
22.5,70.0,0.0,0.0,70.0,0.0,0.0,0.0
23.0,59.0,0.0,0.0,59.0,0.0,0.0,0.0
23.2,31.0,0.0,0.0,31.0,0.0,0.0,0.0
23.3,58.0,0.0,0.0,58.0,0.0,0.0,0.0
23.5,38.0,0.0,0.0,38.0,0.0,0.0,0.0
0.0,24.0,0.0,0.0,24.0,0.0,0.0,0.0
0.2,26.0,0.0,0.0,26.0,0.0,0.0,0.0
0.3,30.0,0.0,0.0,30.0,0.0,0.0,0.0
0.5,26.0,0.0,0.0,26.0,0.0,0.0,0.0
1.0,22.0,0.0,0.0,22.0,0.0,0.0,0.0
1.2,15.0,0.0,0.0,15.0,0.0,0.0,0.0
1.3,34.0,0.0,0.0,34.0,0.0,0.0,0.0
1.5,25.0,0.0,0.0,25.0,0.0,0.0,0.0
2.0,20.0,0.0,0.0,20.0,0.0,0.0,0.0
2.2,8.0,0.0,0.0,8.0,0.0,0.0,0.0
2.3,12.0,0.0,0.0,12.0,0.0,0.0,0.0
2.5,12.0,0.0,0.0,12.0,0.0,0.0,0.0
3.0,8.0,0.0,0.0,8.0,0.0,0.0,0.0
3.2,13.0,0.0,0.0,13.0,0.0,0.0,0.0
3.3,9.0,0.0,0.0,9.0,0.0,0.0,0.0
3.5,0.0,0.0,0.0,0.0,0.0,0.0,0.0
4.0,0.0,0.0,0.0,0.0,0.0,0.0,0.0
4.2,0.0,0.0,0.0,0.0,0.0,0.0,0.0
4.3,4.0,0.0,0.0,4.0,0.0,0.0,0.0
4.5,1.0,0.0,0.0,1.0,0.0,0.0,0.0
5.0,2.0,0.0,0.0,2.0,0.0,0.0,0.0
5.2,0.0,0.0,0.0,0.0,0.0,0.0,0.0
5.3,7.0,0.0,0.0,7.0,0.0,0.0,0.0
5.5,7.0,0.0,0.0,7.0,0.0,0.0,0.0
6.0,6.0,0.0,0.0,6.0,0.0,0.0,0.0
6.2,6.0,0.0,0.0,6.0,0.0,0.0,0.0
6.3,5.0,0.0,0.0,5.0,0.0,0.0,0.0
6.5,10.0,0.0,0.0,10.0,0.0,0.0,0.0
7.0,10.0,0.0,0.0,10.0,0.0,0.0,0.0
7.2,17.0,0.0,0.0,17.0,0.0,0.0,0.0
7.3,21.0,0.0,0.0,21.0,0.0,0.0,0.0
7.5,21.0,0.0,0.0,21.0,0.0,0.0,0.0
8.0,29.0,0.0,0.0,29.0,0.0,0.0,0.0
8.2,19.0,0.0,0.0,19.0,0.0,0.0,0.0
8.3,35.0,0.0,0.0,35.0,0.0,0.0,0.0
8.5,22.0,0.0,0.0,22.0,0.0,0.0,0.0
9.0,23.0,0.0,0.0,23.0,0.0,0.0,0.0
9.2,21.0,0.0,0.0,21.0,0.0,0.0,0.0
9.3,22.0,0.0,0.0,22.0,0.0,0.0,0.0
9.5,12.0,0.0,0.0,12.0,0.0,0.0,0.0
10.0,18.0,0.0,0.0,18.0,0.0,0.0,0.0
10.2,12.0,0.0,0.0,12.0,0.0,0.0,0.0
10.3,18.0,0.0,0.0,18.0,0.0,0.0,0.0
10.5,16.0,0.0,0.0,16.0,0.0,0.0,0.0
11.0,6.0,0.0,0.0,6.0,0.0,0.0,0.0
11.2,13.0,0.0,0.0,13.0,0.0,0.0,0.0
11.3,14.0,0.0,0.0,14.0,0.0,0.0,0.0
11.5,12.0,0.0,0.0,12.0,0.0,0.0,0.0
12.0,15.0,0.0,0.0,15.0,0.0,0.0,0.0
12.2,17.0,0.0,0.0,17.0,0.0,0.0,0.0
12.3,13.0,0.0,0.0,13.0,0.0,0.0,0.0
12.5,13.0,0.0,0.0,13.0,0.0,0.0,0.0
13.0,15.0,0.0,0.0,15.0,0.0,0.0,0.0
13.2,10.0,0.0,0.0,10.0,0.0,0.0,0.0
13.3,12.0,0.0,0.0,12.0,0.0,0.0,0.0
13.5,19.0,0.0,0.0,19.0,0.0,0.0,0.0
14.0,17.0,0.0,0.0,17.0,0.0,0.0,0.0
14.2,10.0,0.0,0.0,10.0,0.0,0.0,0.0
14.3,11.0,0.0,0.0,11.0,0.0,0.0,0.0
14.5,9.0,0.0,0.0,9.0,0.0,0.0,0.0
15.0,6.0,0.0,0.0,6.0,0.0,0.0,0.0
15.2,17.0,0.0,0.0,17.0,0.0,0.0,0.0
15.3,21.0,0.0,0.0,21.0,0.0,0.0,0.0
15.5,20.0,0.0,0.0,20.0,0.0,0.0,0.0
16.0,20.0,0.0,0.0,20.0,0.0,0.0,0.0
16.2,17.0,0.0,0.0,17.0,0.0,0.0,0.0
16.3,36.0,0.0,0.0,36.0,0.0,0.0,0.0
16.5,18.0,0.0,0.0,18.0,0.0,0.0,0.0
17.0,18.0,0.0,0.0,18.0,0.0,0.0,0.0
17.2,20.0,0.0,0.0,20.0,0.0,0.0,0.0
17.3,12.0,0.0,0.0,12.0,0.0,0.0,0.0
17.5,16.0,0.0,0.0,16.0,0.0,0.0,0.0
18.0,18.0,0.0,0.0,18.0,0.0,0.0,0.0
18.2,16.0,0.0,0.0,16.0,0.0,0.0,0.0
18.3,13.0,0.0,0.0,13.0,0.0,0.0,0.0
18.5,10.0,0.0,0.0,10.0,0.0,0.0,0.0
19.0,7.0,0.0,0.0,7.0,0.0,0.0,0.0
19.2,9.0,0.0,0.0,9.0,0.0,0.0,0.0
19.3,9.0,0.0,0.0,9.0,0.0,0.0,0.0
19.5,8.0,0.0,0.0,8.0,0.0,0.0,0.0
20.0,7.0,0.0,0.0,7.0,0.0,0.0,0.0
20.2,5.0,0.0,0.0,5.0,0.0,0.0,0.0
20.3,11.0,0.0,0.0,11.0,0.0,0.0,0.0
20.5,6.0,0.0,0.0,6.0,0.0,0.0,0.0
21.0,5.0,0.0,0.0,5.0,0.0,0.0,0.0
21.2,5.0,0.0,0.0,5.0,0.0,0.0,0.0
21.3,6.0,0.0,0.0,6.0,0.0,0.0,0.0
21.5,4.0,0.0,0.0,4.0,0.0,0.0,0.0
22.0,11.0,0.0,0.0,11.0,0.0,0.0,0.0
22.2,9.0,0.0,0.0,9.0,0.0,0.0,0.0
22.3,7.0,0.0,0.0,7.0,0.0,0.0,0.0
22.5,1.0,0.0,0.0,1.0,0.0,0.0,0.0
23.0,1.0,0.0,0.0,1.0,0.0,0.0,0.0
23.2,6.0,0.0,0.0,6.0,0.0,0.0,0.0
23.3,3.0,0.0,0.0,3.0,0.0,0.0,0.0
23.5,3.0,0.0,0.0,3.0,0.0,0.0,0.0
0.0,3.0,0.0,0.0,3.0,0.0,0.0,0.0
0.2,1.0,0.0,0.0,1.0,0.0,0.0,0.0
0.3,1.0,0.0,0.0,1.0,0.0,0.0,0.0
0.5,1.0,0.0,0.0,1.0,0.0,0.0,0.0
1.0,0.0,0.0,0.0,0.0,0.0,0.0,0.0
1.2,4.0,0.0,0.0,4.0,0.0,0.0,0.0
1.3,0.0,0.0,0.0,0.0,0.0,0.0,0.0
1.5,0.0,0.0,0.0,0.0,0.0,0.0,0.0
2.0,0.0,0.0,0.0,0.0,0.0,0.0,0.0
2.2,0.0,0.0,0.0,0.0,0.0,0.0,0.0
2.3,2.0,0.0,0.0,2.0,0.0,0.0,0.0
2.5,0.0,0.0,0.0,0.0,0.0,0.0,0.0
3.0,0.0,0.0,0.0,0.0,0.0,0.0,0.0
3.2,1.0,0.0,0.0,1.0,0.0,0.0,0.0
3.3,1.0,0.0,0.0,1.0,0.0,0.0,0.0
3.5,0.0,0.0,0.0,0.0,0.0,0.0,0.0
4.0,2.0,0.0,0.0,2.0,0.0,0.0,0.0
4.2,0.0,0.0,0.0,0.0,0.0,0.0,0.0
4.3,2.0,0.0,0.0,2.0,0.0,0.0,0.0
4.5,2.0,0.0,0.0,2.0,0.0,0.0,0.0
5.0,6.0,0.0,0.0,6.0,0.0,0.0,0.0
5.2,3.0,0.0,0.0,3.0,0.0,0.0,0.0
5.3,4.0,0.0,0.0,4.0,0.0,0.0,0.0
5.5,4.0,0.0,0.0,4.0,0.0,0.0,0.0
6.0,5.0,0.0,0.0,5.0,0.0,0.0,0.0
6.2,3.0,0.0,0.0,3.0,0.0,0.0,0.0
6.3,7.0,0.0,0.0,7.0,0.0,0.0,0.0
6.5,12.0,0.0,0.0,12.0,0.0,0.0,0.0
7.0,7.0,0.0,0.0,7.0,0.0,0.0,0.0
7.2,12.0,0.0,0.0,12.0,0.0,0.0,0.0
7.3,19.0,0.0,0.0,19.0,0.0,0.0,0.0
7.5,27.0,0.0,0.0,27.0,0.0,0.0,0.0
8.0,29.0,0.0,0.0,29.0,0.0,0.0,0.0
8.2,17.0,0.0,0.0,17.0,0.0,0.0,0.0
8.3,37.0,0.0,0.0,37.0,0.0,0.0,0.0
8.5,30.0,0.0,0.0,30.0,0.0,0.0,0.0
9.0,23.0,0.0,0.0,23.0,0.0,0.0,0.0
9.2,30.0,0.0,0.0,30.0,0.0,0.0,0.0
9.3,21.0,0.0,0.0,21.0,0.0,0.0,0.0
9.5,34.0,0.0,0.0,34.0,0.0,0.0,0.0
10.0,19.0,0.0,0.0,19.0,0.0,0.0,0.0
10.2,17.0,0.0,0.0,17.0,0.0,0.0,0.0
10.3,15.0,0.0,0.0,15.0,0.0,0.0,0.0
10.5,15.0,0.0,0.0,15.0,0.0,0.0,0.0
11.0,20.0,0.0,0.0,20.0,0.0,0.0,0.0
11.2,8.0,0.0,0.0,8.0,0.0,0.0,0.0
11.3,12.0,0.0,0.0,12.0,0.0,0.0,0.0
11.5,14.0,0.0,0.0,14.0,0.0,0.0,0.0
12.0,18.0,0.0,0.0,18.0,0.0,0.0,0.0
12.2,7.0,0.0,0.0,7.0,0.0,0.0,0.0
12.3,22.0,0.0,0.0,22.0,0.0,0.0,0.0
12.5,15.0,0.0,0.0,15.0,0.0,0.0,0.0
13.0,18.0,0.0,0.0,18.0,0.0,0.0,0.0
13.2,11.0,0.0,0.0,11.0,0.0,0.0,0.0
13.3,17.0,0.0,0.0,17.0,0.0,0.0,0.0
13.5,8.0,0.0,0.0,8.0,0.0,0.0,0.0
14.0,27.0,0.0,0.0,27.0,0.0,0.0,0.0
14.2,13.0,0.0,0.0,13.0,0.0,0.0,0.0
14.3,9.0,0.0,0.0,9.0,0.0,0.0,0.0
14.5,18.0,0.0,0.0,18.0,0.0,0.0,0.0
15.0,14.0,0.0,0.0,14.0,0.0,0.0,0.0
15.2,17.0,0.0,0.0,17.0,0.0,0.0,0.0
15.3,25.0,0.0,0.0,25.0,0.0,0.0,0.0
15.5,23.0,0.0,0.0,23.0,0.0,0.0,0.0
16.0,22.0,0.0,0.0,22.0,0.0,0.0,0.0
16.2,17.0,0.0,0.0,17.0,0.0,0.0,0.0
16.3,26.0,0.0,0.0,26.0,0.0,0.0,0.0
16.5,11.0,0.0,0.0,11.0,0.0,0.0,0.0
17.0,27.0,0.0,0.0,27.0,0.0,0.0,0.0
17.2,19.0,0.0,0.0,19.0,0.0,0.0,0.0
17.3,15.0,0.0,0.0,15.0,0.0,0.0,0.0
17.5,12.0,0.0,0.0,12.0,0.0,0.0,0.0
18.0,18.0,0.0,0.0,18.0,0.0,0.0,0.0
18.2,18.0,0.0,0.0,18.0,0.0,0.0,0.0
18.3,14.0,0.0,0.0,14.0,0.0,0.0,0.0
18.5,7.0,0.0,0.0,7.0,0.0,0.0,0.0
19.0,10.0,0.0,0.0,10.0,0.0,0.0,0.0
19.2,12.0,0.0,0.0,12.0,0.0,0.0,0.0
19.3,15.0,0.0,0.0,15.0,0.0,0.0,0.0
19.5,13.0,0.0,0.0,13.0,0.0,0.0,0.0
20.0,7.0,0.0,0.0,7.0,0.0,0.0,0.0
20.2,4.0,0.0,0.0,4.0,0.0,0.0,0.0
20.3,1.0,0.0,0.0,1.0,0.0,0.0,0.0
20.5,9.0,0.0,0.0,9.0,0.0,0.0,0.0
21.0,7.0,0.0,0.0,7.0,0.0,0.0,0.0
21.2,6.0,0.0,0.0,6.0,0.0,0.0,0.0
21.3,3.0,0.0,0.0,3.0,0.0,0.0,0.0
21.5,7.0,0.0,0.0,7.0,0.0,0.0,0.0
22.0,13.0,0.0,0.0,13.0,0.0,0.0,0.0
22.2,11.0,0.0,0.0,11.0,0.0,0.0,0.0
22.3,0.0,0.0,0.0,0.0,0.0,0.0,0.0
22.5,6.0,0.0,0.0,6.0,0.0,0.0,0.0
23.0,2.0,0.0,0.0,2.0,0.0,0.0,0.0
23.2,3.0,0.0,0.0,3.0,0.0,0.0,0.0
23.3,1.0,0.0,0.0,1.0,0.0,0.0,0.0
23.5,2.0,0.0,0.0,2.0,0.0,0.0,0.0
0.0,1.0,0.0,0.0,1.0,0.0,0.0,0.0
0.2,22.0,0.0,0.0,22.0,0.0,0.0,0.0
0.3,49.0,0.0,0.0,49.0,0.0,0.0,0.0
0.5,44.0,0.0,0.0,44.0,0.0,0.0,0.0
1.0,41.0,0.0,0.0,41.0,0.0,0.0,0.0
1.2,20.0,0.0,0.0,20.0,0.0,0.0,0.0
1.3,32.0,0.0,0.0,32.0,0.0,0.0,0.0
1.5,26.0,0.0,0.0,26.0,0.0,0.0,0.0
2.0,1.0,0.0,0.0,1.0,0.0,0.0,0.0
2.2,2.0,0.0,0.0,2.0,0.0,0.0,0.0
2.3,1.0,0.0,0.0,1.0,0.0,0.0,0.0
2.5,0.0,0.0,0.0,0.0,0.0,0.0,0.0
3.0,0.0,0.0,0.0,0.0,0.0,0.0,0.0
3.2,4.0,0.0,0.0,4.0,0.0,0.0,0.0
3.3,2.0,0.0,0.0,2.0,0.0,0.0,0.0
3.5,0.0,0.0,0.0,0.0,0.0,0.0,0.0
4.0,2.0,0.0,0.0,2.0,0.0,0.0,0.0
4.2,1.0,0.0,0.0,1.0,0.0,0.0,0.0
4.3,0.0,0.0,0.0,0.0,0.0,0.0,0.0
4.5,0.0,0.0,0.0,0.0,0.0,0.0,0.0
5.0,3.0,0.0,0.0,3.0,0.0,0.0,0.0
5.2,3.0,0.0,0.0,3.0,0.0,0.0,0.0
5.3,2.0,0.0,0.0,2.0,0.0,0.0,0.0
5.5,4.0,0.0,0.0,4.0,0.0,0.0,0.0
6.0,3.0,0.0,0.0,3.0,0.0,0.0,0.0
6.2,4.0,0.0,0.0,4.0,0.0,0.0,0.0
6.3,6.0,0.0,0.0,6.0,0.0,0.0,0.0
6.5,9.0,0.0,0.0,9.0,0.0,0.0,0.0
7.0,7.0,0.0,0.0,7.0,0.0,0.0,0.0
7.2,10.0,0.0,0.0,10.0,0.0,0.0,0.0
7.3,12.0,0.0,0.0,12.0,0.0,0.0,0.0
7.5,15.0,0.0,0.0,15.0,0.0,0.0,0.0
8.0,15.0,0.0,0.0,15.0,0.0,0.0,0.0
8.2,18.0,0.0,0.0,18.0,0.0,0.0,0.0
8.3,24.0,0.0,0.0,24.0,0.0,0.0,0.0
8.5,17.0,0.0,0.0,17.0,0.0,0.0,0.0
9.0,14.0,0.0,0.0,14.0,0.0,0.0,0.0
9.2,15.0,0.0,0.0,15.0,0.0,0.0,0.0
9.3,17.0,0.0,0.0,17.0,0.0,0.0,0.0
9.5,13.0,0.0,0.0,13.0,0.0,0.0,0.0
10.0,15.0,0.0,0.0,15.0,0.0,0.0,0.0
10.2,29.0,0.0,0.0,29.0,0.0,0.0,0.0
10.3,18.0,0.0,0.0,18.0,0.0,0.0,0.0
10.5,12.0,0.0,0.0,12.0,0.0,0.0,0.0
11.0,22.0,0.0,0.0,22.0,0.0,0.0,0.0
11.2,15.0,0.0,0.0,15.0,0.0,0.0,0.0
11.3,18.0,0.0,0.0,18.0,0.0,0.0,0.0
11.5,19.0,0.0,0.0,19.0,0.0,0.0,0.0
12.0,18.0,0.0,0.0,18.0,0.0,0.0,0.0
12.2,9.0,0.0,0.0,9.0,0.0,0.0,0.0
12.3,22.0,0.0,0.0,22.0,0.0,0.0,0.0
12.5,18.0,0.0,0.0,18.0,0.0,0.0,0.0
13.0,12.0,0.0,0.0,12.0,0.0,0.0,0.0
13.2,16.0,0.0,0.0,16.0,0.0,0.0,0.0
13.3,12.0,0.0,0.0,12.0,0.0,0.0,0.0
13.5,18.0,0.0,0.0,18.0,0.0,0.0,0.0
14.0,12.0,0.0,0.0,12.0,0.0,0.0,0.0
14.2,20.0,0.0,0.0,20.0,0.0,0.0,0.0
14.3,18.0,0.0,0.0,18.0,0.0,0.0,0.0
14.5,18.0,0.0,0.0,18.0,0.0,0.0,0.0
15.0,13.0,0.0,0.0,13.0,0.0,0.0,0.0
15.2,24.0,0.0,0.0,24.0,0.0,0.0,0.0
15.3,17.0,0.0,0.0,17.0,0.0,0.0,0.0
15.5,24.0,0.0,0.0,24.0,0.0,0.0,0.0
16.0,30.0,0.0,0.0,30.0,0.0,0.0,0.0
16.2,17.0,0.0,0.0,17.0,0.0,0.0,0.0
16.3,25.0,0.0,0.0,25.0,0.0,0.0,0.0
16.5,23.0,0.0,0.0,23.0,0.0,0.0,0.0
17.0,20.0,0.0,0.0,20.0,0.0,0.0,0.0
17.2,17.0,0.0,0.0,17.0,0.0,0.0,0.0
17.3,17.0,0.0,0.0,17.0,0.0,0.0,0.0
17.5,21.0,0.0,0.0,21.0,0.0,0.0,0.0
18.0,26.0,0.0,0.0,26.0,0.0,0.0,0.0
18.2,12.0,0.0,0.0,12.0,0.0,0.0,0.0
18.3,16.0,0.0,0.0,16.0,0.0,0.0,0.0
18.5,12.0,0.0,0.0,12.0,0.0,0.0,0.0
19.0,16.0,0.0,0.0,16.0,0.0,0.0,0.0
19.2,9.0,0.0,0.0,9.0,0.0,0.0,0.0
19.3,11.0,0.0,0.0,11.0,0.0,0.0,0.0
19.5,3.0,0.0,0.0,3.0,0.0,0.0,0.0
20.0,7.0,0.0,0.0,7.0,0.0,0.0,0.0
20.2,5.0,0.0,0.0,5.0,0.0,0.0,0.0
20.3,5.0,0.0,0.0,5.0,0.0,0.0,0.0
20.5,6.0,0.0,0.0,6.0,0.0,0.0,0.0
21.0,9.0,0.0,0.0,9.0,0.0,0.0,0.0
21.2,8.0,0.0,0.0,8.0,0.0,0.0,0.0
21.3,1.0,0.0,0.0,1.0,0.0,0.0,0.0
21.5,6.0,0.0,0.0,6.0,0.0,0.0,0.0
22.0,12.0,0.0,0.0,12.0,0.0,0.0,0.0
22.2,10.0,0.0,0.0,10.0,0.0,0.0,0.0
22.3,7.0,0.0,0.0,7.0,0.0,0.0,0.0
22.5,4.0,0.0,0.0,4.0,0.0,0.0,0.0
23.0,4.0,0.0,0.0,4.0,0.0,0.0,0.0
23.2,3.0,0.0,0.0,3.0,0.0,0.0,0.0
23.3,4.0,0.0,0.0,4.0,0.0,0.0,0.0
23.5,2.0,0.0,0.0,2.0,0.0,0.0,0.0
0.0,2.0,0.0,0.0,2.0,0.0,0.0,0.0
0.2,3.0,0.0,0.0,3.0,0.0,0.0,0.0
0.3,1.0,0.0,0.0,1.0,0.0,0.0,0.0
0.5,3.0,0.0,0.0,3.0,0.0,0.0,0.0
1.0,0.0,0.0,0.0,0.0,0.0,0.0,0.0
1.2,0.0,0.0,0.0,0.0,0.0,0.0,0.0
1.3,2.0,0.0,0.0,2.0,0.0,0.0,0.0
1.5,1.0,0.0,0.0,1.0,0.0,0.0,0.0
2.0,1.0,0.0,0.0,1.0,0.0,0.0,0.0
2.2,0.0,0.0,0.0,0.0,0.0,0.0,0.0
2.3,1.0,0.0,0.0,1.0,0.0,0.0,0.0
2.5,0.0,0.0,0.0,0.0,0.0,0.0,0.0
3.0,0.0,0.0,0.0,0.0,0.0,0.0,0.0
3.2,1.0,0.0,0.0,1.0,0.0,0.0,0.0
3.3,3.0,0.0,0.0,3.0,0.0,0.0,0.0
3.5,0.0,0.0,0.0,0.0,0.0,0.0,0.0
4.0,1.0,0.0,0.0,1.0,0.0,0.0,0.0
4.2,1.0,0.0,0.0,1.0,0.0,0.0,0.0
4.3,0.0,0.0,0.0,0.0,0.0,0.0,0.0
4.5,1.0,0.0,0.0,1.0,0.0,0.0,0.0
5.0,1.0,0.0,0.0,1.0,0.0,0.0,0.0
5.2,2.0,0.0,0.0,2.0,0.0,0.0,0.0
5.3,4.0,0.0,0.0,4.0,0.0,0.0,0.0
5.5,1.0,0.0,0.0,1.0,0.0,0.0,0.0
6.0,4.0,0.0,0.0,4.0,0.0,0.0,0.0
6.2,7.0,0.0,0.0,7.0,0.0,0.0,0.0
6.3,8.0,0.0,0.0,8.0,0.0,0.0,0.0
6.5,12.0,0.0,0.0,12.0,0.0,0.0,0.0
7.0,10.0,0.0,0.0,10.0,0.0,0.0,0.0
7.2,10.0,0.0,0.0,10.0,0.0,0.0,0.0
7.3,21.0,0.0,0.0,21.0,0.0,0.0,0.0
7.5,15.0,0.0,0.0,15.0,0.0,0.0,0.0
8.0,21.0,0.0,0.0,21.0,0.0,0.0,0.0
8.2,22.0,0.0,0.0,22.0,0.0,0.0,0.0
8.3,20.0,0.0,0.0,20.0,0.0,0.0,0.0
8.5,36.0,0.0,0.0,36.0,0.0,0.0,0.0
9.0,21.0,0.0,0.0,21.0,0.0,0.0,0.0
9.2,19.0,0.0,0.0,19.0,0.0,0.0,0.0
9.3,17.0,0.0,0.0,17.0,0.0,0.0,0.0
9.5,17.0,0.0,0.0,17.0,0.0,0.0,0.0
10.0,13.0,0.0,0.0,13.0,0.0,0.0,0.0
10.2,10.0,0.0,0.0,10.0,0.0,0.0,0.0
10.3,17.0,0.0,0.0,17.0,0.0,0.0,0.0
10.5,14.0,0.0,0.0,14.0,0.0,0.0,0.0
11.0,15.0,0.0,0.0,15.0,0.0,0.0,0.0
11.2,14.0,0.0,0.0,14.0,0.0,0.0,0.0
11.3,11.0,0.0,0.0,11.0,0.0,0.0,0.0
11.5,24.0,0.0,0.0,24.0,0.0,0.0,0.0
12.0,17.0,0.0,0.0,17.0,0.0,0.0,0.0
12.2,24.0,0.0,0.0,24.0,0.0,0.0,0.0
12.3,25.0,0.0,0.0,25.0,0.0,0.0,0.0
12.5,15.0,0.0,0.0,15.0,0.0,0.0,0.0
13.0,21.0,0.0,0.0,21.0,0.0,0.0,0.0
13.2,18.0,0.0,0.0,18.0,0.0,0.0,0.0
13.3,12.0,0.0,0.0,12.0,0.0,0.0,0.0
13.5,23.0,0.0,0.0,23.0,0.0,0.0,0.0
14.0,18.0,0.0,0.0,18.0,0.0,0.0,0.0
14.2,17.0,0.0,0.0,17.0,0.0,0.0,0.0
14.3,19.0,0.0,0.0,19.0,0.0,0.0,0.0
14.5,21.0,0.0,0.0,21.0,0.0,0.0,0.0
15.0,19.0,0.0,0.0,19.0,0.0,0.0,0.0
15.2,17.0,0.0,0.0,17.0,0.0,0.0,0.0
15.3,23.0,0.0,0.0,23.0,0.0,0.0,0.0
15.5,27.0,0.0,0.0,27.0,0.0,0.0,0.0
16.0,26.0,0.0,0.0,26.0,0.0,0.0,0.0
16.2,19.0,0.0,0.0,19.0,0.0,0.0,0.0
16.3,24.0,0.0,0.0,24.0,0.0,0.0,0.0
16.5,19.0,0.0,0.0,19.0,0.0,0.0,0.0
17.0,23.0,0.0,0.0,23.0,0.0,0.0,0.0
17.2,28.0,0.0,0.0,28.0,0.0,0.0,0.0
17.3,17.0,0.0,0.0,17.0,0.0,0.0,0.0
17.5,12.0,0.0,0.0,12.0,0.0,0.0,0.0
18.0,17.0,0.0,0.0,17.0,0.0,0.0,0.0
18.2,13.0,0.0,0.0,13.0,0.0,0.0,0.0
18.3,17.0,0.0,0.0,17.0,0.0,0.0,0.0
18.5,12.0,0.0,0.0,12.0,0.0,0.0,0.0
19.0,9.0,0.0,0.0,9.0,0.0,0.0,0.0
19.2,10.0,0.0,0.0,10.0,0.0,0.0,0.0
19.3,4.0,0.0,0.0,4.0,0.0,0.0,0.0
19.5,11.0,0.0,0.0,11.0,0.0,0.0,0.0
20.0,9.0,0.0,0.0,9.0,0.0,0.0,0.0
20.2,10.0,0.0,0.0,10.0,0.0,0.0,0.0
20.3,1.0,0.0,0.0,1.0,0.0,0.0,0.0
20.5,4.0,0.0,0.0,4.0,0.0,0.0,0.0
21.0,7.0,0.0,0.0,7.0,0.0,0.0,0.0
21.2,7.0,0.0,0.0,7.0,0.0,0.0,0.0
21.3,7.0,0.0,0.0,7.0,0.0,0.0,0.0
21.5,1.0,0.0,0.0,1.0,0.0,0.0,0.0
22.0,9.0,0.0,0.0,9.0,0.0,0.0,0.0
22.2,3.0,0.0,0.0,3.0,0.0,0.0,0.0
22.3,6.0,0.0,0.0,6.0,0.0,0.0,0.0
22.5,6.0,0.0,0.0,6.0,0.0,0.0,0.0
23.0,9.0,0.0,0.0,9.0,0.0,0.0,0.0
23.2,2.0,0.0,0.0,2.0,0.0,0.0,0.0
23.3,3.0,0.0,0.0,3.0,0.0,0.0,0.0
23.5,6.0,0.0,0.0,6.0,0.0,0.0,0.0
0.0,7.0,0.0,0.0,7.0,0.0,0.0,0.0
0.2,4.0,0.0,0.0,4.0,0.0,0.0,0.0
0.3,2.0,0.0,0.0,2.0,0.0,0.0,0.0
0.5,2.0,0.0,0.0,2.0,0.0,0.0,0.0
1.0,2.0,0.0,0.0,2.0,0.0,0.0,0.0
1.2,0.0,0.0,0.0,0.0,0.0,0.0,0.0
1.3,0.0,0.0,0.0,0.0,0.0,0.0,0.0
1.5,0.0,0.0,0.0,0.0,0.0,0.0,0.0
2.0,1.0,0.0,0.0,1.0,0.0,0.0,0.0
2.2,2.0,0.0,0.0,2.0,0.0,0.0,0.0
2.3,0.0,0.0,0.0,0.0,0.0,0.0,0.0
2.5,0.0,0.0,0.0,0.0,0.0,0.0,0.0
3.0,1.0,0.0,0.0,1.0,0.0,0.0,0.0
3.2,1.0,0.0,0.0,1.0,0.0,0.0,0.0
3.3,1.0,0.0,0.0,1.0,0.0,0.0,0.0
3.5,1.0,0.0,0.0,1.0,0.0,0.0,0.0
4.0,3.0,0.0,0.0,3.0,0.0,0.0,0.0
4.2,1.0,0.0,0.0,1.0,0.0,0.0,0.0
4.3,1.0,0.0,0.0,1.0,0.0,0.0,0.0
4.5,2.0,0.0,0.0,2.0,0.0,0.0,0.0
5.0,2.0,0.0,0.0,2.0,0.0,0.0,0.0
5.2,0.0,0.0,0.0,0.0,0.0,0.0,0.0
5.3,1.0,0.0,0.0,1.0,0.0,0.0,0.0
5.5,1.0,0.0,0.0,1.0,0.0,0.0,0.0
6.0,0.0,0.0,0.0,0.0,0.0,0.0,0.0
6.2,5.0,0.0,0.0,5.0,0.0,0.0,0.0
6.3,1.0,0.0,0.0,1.0,0.0,0.0,0.0
6.5,2.0,0.0,0.0,2.0,0.0,0.0,0.0
7.0,1.0,0.0,0.0,1.0,0.0,0.0,0.0
7.2,7.0,0.0,0.0,7.0,0.0,0.0,0.0
7.3,4.0,0.0,0.0,4.0,0.0,0.0,0.0
7.5,7.0,0.0,0.0,7.0,0.0,0.0,0.0
8.0,3.0,0.0,0.0,3.0,0.0,0.0,0.0
8.2,9.0,0.0,0.0,9.0,0.0,0.0,0.0
8.3,8.0,0.0,0.0,8.0,0.0,0.0,0.0
8.5,19.0,0.0,0.0,19.0,0.0,0.0,0.0
9.0,7.0,0.0,0.0,7.0,0.0,0.0,0.0
9.2,9.0,0.0,0.0,9.0,0.0,0.0,0.0
9.3,13.0,0.0,0.0,13.0,0.0,0.0,0.0
9.5,10.0,0.0,0.0,10.0,0.0,0.0,0.0
10.0,21.0,0.0,0.0,21.0,0.0,0.0,0.0
10.2,15.0,0.0,0.0,15.0,0.0,0.0,0.0
10.3,12.0,0.0,0.0,12.0,0.0,0.0,0.0
10.5,14.0,0.0,0.0,14.0,0.0,0.0,0.0
11.0,16.0,0.0,0.0,16.0,0.0,0.0,0.0
11.2,18.0,0.0,0.0,18.0,0.0,0.0,0.0
11.3,11.0,0.0,0.0,11.0,0.0,0.0,0.0
11.5,16.0,0.0,0.0,16.0,0.0,0.0,0.0
12.0,17.0,0.0,0.0,17.0,0.0,0.0,0.0
12.2,11.0,0.0,0.0,11.0,0.0,0.0,0.0
12.3,15.0,0.0,0.0,15.0,0.0,0.0,0.0
12.5,11.0,0.0,0.0,11.0,0.0,0.0,0.0
13.0,11.0,0.0,0.0,11.0,0.0,0.0,0.0
13.2,12.0,0.0,0.0,12.0,0.0,0.0,0.0
13.3,6.0,0.0,0.0,6.0,0.0,0.0,0.0
13.5,6.0,0.0,0.0,6.0,0.0,0.0,0.0
14.0,4.0,0.0,0.0,4.0,0.0,0.0,0.0
14.2,10.0,0.0,0.0,10.0,0.0,0.0,0.0
14.3,11.0,0.0,0.0,11.0,0.0,0.0,0.0
14.5,7.0,0.0,0.0,7.0,0.0,0.0,0.0
15.0,9.0,0.0,0.0,9.0,0.0,0.0,0.0
15.2,11.0,0.0,0.0,11.0,0.0,0.0,0.0
15.3,5.0,0.0,0.0,5.0,0.0,0.0,0.0
15.5,10.0,0.0,0.0,10.0,0.0,0.0,0.0
16.0,12.0,0.0,0.0,12.0,0.0,0.0,0.0
16.2,11.0,0.0,0.0,11.0,0.0,0.0,0.0
16.3,9.0,0.0,0.0,9.0,0.0,0.0,0.0
16.5,13.0,0.0,0.0,13.0,0.0,0.0,0.0
17.0,12.0,0.0,0.0,12.0,0.0,0.0,0.0
17.2,19.0,0.0,0.0,19.0,0.0,0.0,0.0
17.3,11.0,0.0,0.0,11.0,0.0,0.0,0.0
17.5,8.0,0.0,0.0,8.0,0.0,0.0,0.0
18.0,14.0,0.0,0.0,14.0,0.0,0.0,0.0
18.2,8.0,0.0,0.0,8.0,0.0,0.0,0.0
18.3,7.0,0.0,0.0,7.0,0.0,0.0,0.0
18.5,10.0,0.0,0.0,10.0,0.0,0.0,0.0
19.0,17.0,0.0,0.0,17.0,0.0,0.0,0.0
19.2,4.0,0.0,0.0,4.0,0.0,0.0,0.0
19.3,10.0,0.0,0.0,10.0,0.0,0.0,0.0
19.5,6.0,0.0,0.0,6.0,0.0,0.0,0.0
20.0,6.0,0.0,0.0,6.0,0.0,0.0,0.0
20.2,3.0,0.0,0.0,3.0,0.0,0.0,0.0
20.3,5.0,0.0,0.0,5.0,0.0,0.0,0.0
20.5,7.0,0.0,0.0,7.0,0.0,0.0,0.0
21.0,12.0,0.0,0.0,12.0,0.0,0.0,0.0
21.2,9.0,0.0,0.0,9.0,0.0,0.0,0.0
21.3,7.0,0.0,0.0,7.0,0.0,0.0,0.0
21.5,5.0,0.0,0.0,5.0,0.0,0.0,0.0
22.0,3.0,0.0,0.0,3.0,0.0,0.0,0.0
22.2,4.0,0.0,0.0,4.0,0.0,0.0,0.0
22.3,5.0,0.0,0.0,5.0,0.0,0.0,0.0
22.5,5.0,0.0,0.0,5.0,0.0,0.0,0.0
23.0,0.0,0.0,0.0,0.0,0.0,0.0,0.0
23.2,2.0,0.0,0.0,2.0,0.0,0.0,0.0
23.3,1.0,0.0,0.0,1.0,0.0,0.0,0.0
23.5,0.0,0.0,0.0,0.0,0.0,0.0,0.0
0.0,4.0,0.0,0.0,4.0,0.0,0.0,0.0
0.2,0.0,0.0,0.0,0.0,0.0,0.0,0.0
0.3,1.0,0.0,0.0,1.0,0.0,0.0,0.0
0.5,2.0,0.0,0.0,2.0,0.0,0.0,0.0
1.0,3.0,0.0,0.0,3.0,0.0,0.0,0.0
1.2,0.0,0.0,0.0,0.0,0.0,0.0,0.0
1.3,3.0,0.0,0.0,3.0,0.0,0.0,0.0
1.5,1.0,0.0,0.0,1.0,0.0,0.0,0.0
2.0,3.0,0.0,0.0,3.0,0.0,0.0,0.0
2.2,1.0,0.0,0.0,1.0,0.0,0.0,0.0
2.3,0.0,0.0,0.0,0.0,0.0,0.0,0.0
2.5,0.0,0.0,0.0,0.0,0.0,0.0,0.0
3.0,1.0,0.0,0.0,1.0,0.0,0.0,0.0
3.2,1.0,0.0,0.0,1.0,0.0,0.0,0.0
3.3,1.0,0.0,0.0,1.0,0.0,0.0,0.0
3.5,1.0,0.0,0.0,1.0,0.0,0.0,0.0
4.0,1.0,0.0,0.0,1.0,0.0,0.0,0.0
4.2,0.0,0.0,0.0,0.0,0.0,0.0,0.0
4.3,1.0,0.0,0.0,1.0,0.0,0.0,0.0
4.5,0.0,0.0,0.0,0.0,0.0,0.0,0.0
5.0,0.0,0.0,0.0,0.0,0.0,0.0,0.0
5.2,1.0,0.0,0.0,1.0,0.0,0.0,0.0
5.3,2.0,0.0,0.0,2.0,0.0,0.0,0.0
5.5,2.0,0.0,0.0,2.0,0.0,0.0,0.0
6.0,3.0,0.0,0.0,3.0,0.0,0.0,0.0
6.2,2.0,0.0,0.0,2.0,0.0,0.0,0.0
6.3,5.0,0.0,0.0,5.0,0.0,0.0,0.0
6.5,3.0,0.0,0.0,3.0,0.0,0.0,0.0
7.0,3.0,0.0,0.0,3.0,0.0,0.0,0.0
7.2,3.0,0.0,0.0,3.0,0.0,0.0,0.0
7.3,2.0,0.0,0.0,2.0,0.0,0.0,0.0
7.5,2.0,0.0,0.0,2.0,0.0,0.0,0.0
8.0,4.0,0.0,0.0,4.0,0.0,0.0,0.0
8.2,5.0,0.0,0.0,5.0,0.0,0.0,0.0
8.3,10.0,0.0,0.0,10.0,0.0,0.0,0.0
8.5,6.0,0.0,0.0,6.0,0.0,0.0,0.0
9.0,7.0,0.0,0.0,7.0,0.0,0.0,0.0
9.2,8.0,0.0,0.0,8.0,0.0,0.0,0.0
9.3,4.0,0.0,0.0,4.0,0.0,0.0,0.0
9.5,8.0,0.0,0.0,8.0,0.0,0.0,0.0
10.0,7.0,0.0,0.0,7.0,0.0,0.0,0.0
10.2,9.0,0.0,0.0,9.0,0.0,0.0,0.0
10.3,9.0,0.0,0.0,9.0,0.0,0.0,0.0
10.5,15.0,0.0,0.0,15.0,0.0,0.0,0.0
11.0,7.0,0.0,0.0,7.0,0.0,0.0,0.0
11.2,12.0,0.0,0.0,12.0,0.0,0.0,0.0
11.3,13.0,0.0,0.0,13.0,0.0,0.0,0.0
11.5,14.0,0.0,0.0,14.0,0.0,0.0,0.0
12.0,15.0,0.0,0.0,15.0,0.0,0.0,0.0
12.2,7.0,0.0,0.0,7.0,0.0,0.0,0.0
12.3,10.0,0.0,0.0,10.0,0.0,0.0,0.0
12.5,11.0,0.0,0.0,11.0,0.0,0.0,0.0
13.0,4.0,0.0,0.0,4.0,0.0,0.0,0.0
13.2,15.0,0.0,0.0,15.0,0.0,0.0,0.0
13.3,10.0,0.0,0.0,10.0,0.0,0.0,0.0
13.5,13.0,0.0,0.0,13.0,0.0,0.0,0.0
14.0,10.0,0.0,0.0,10.0,0.0,0.0,0.0
14.2,10.0,0.0,0.0,10.0,0.0,0.0,0.0
14.3,7.0,0.0,0.0,7.0,0.0,0.0,0.0
14.5,7.0,0.0,0.0,7.0,0.0,0.0,0.0
15.0,5.0,0.0,0.0,5.0,0.0,0.0,0.0
15.2,7.0,0.0,0.0,7.0,0.0,0.0,0.0
15.3,10.0,0.0,0.0,10.0,0.0,0.0,0.0
15.5,12.0,0.0,0.0,12.0,0.0,0.0,0.0
16.0,13.0,0.0,0.0,13.0,0.0,0.0,0.0
16.2,9.0,0.0,0.0,9.0,0.0,0.0,0.0
16.3,7.0,0.0,0.0,7.0,0.0,0.0,0.0
16.5,11.0,0.0,0.0,11.0,0.0,0.0,0.0
17.0,10.0,0.0,0.0,10.0,0.0,0.0,0.0
17.2,7.0,0.0,0.0,7.0,0.0,0.0,0.0
17.3,7.0,0.0,0.0,7.0,0.0,0.0,0.0
17.5,7.0,0.0,0.0,7.0,0.0,0.0,0.0
18.0,7.0,0.0,0.0,7.0,0.0,0.0,0.0
18.2,14.0,0.0,0.0,14.0,0.0,0.0,0.0
18.3,9.0,0.0,0.0,9.0,0.0,0.0,0.0
18.5,9.0,0.0,0.0,9.0,0.0,0.0,0.0
19.0,8.0,0.0,0.0,8.0,0.0,0.0,0.0
19.2,10.0,0.0,0.0,10.0,0.0,0.0,0.0
19.3,7.0,0.0,0.0,7.0,0.0,0.0,0.0
19.5,3.0,0.0,0.0,3.0,0.0,0.0,0.0
20.0,10.0,0.0,0.0,10.0,0.0,0.0,0.0
20.2,7.0,0.0,0.0,7.0,0.0,0.0,0.0
20.3,7.0,0.0,0.0,7.0,0.0,0.0,0.0
20.5,2.0,0.0,0.0,2.0,0.0,0.0,0.0
21.0,5.0,0.0,0.0,5.0,0.0,0.0,0.0
21.2,5.0,0.0,0.0,5.0,0.0,0.0,0.0
21.3,1.0,0.0,0.0,1.0,0.0,0.0,0.0
21.5,2.0,0.0,0.0,2.0,0.0,0.0,0.0
22.0,5.0,0.0,0.0,5.0,0.0,0.0,0.0
22.2,4.0,0.0,0.0,4.0,0.0,0.0,0.0
22.3,2.0,0.0,0.0,2.0,0.0,0.0,0.0
22.5,1.0,0.0,0.0,1.0,0.0,0.0,0.0
23.0,3.0,0.0,0.0,3.0,0.0,0.0,0.0
23.2,1.0,0.0,0.0,1.0,0.0,0.0,0.0
23.3,1.0,0.0,0.0,1.0,0.0,0.0,0.0
23.5,3.0,0.0,0.0,3.0,0.0,0.0,0.0
0.0,2.0,0.0,0.0,2.0,0.0,0.0,0.0
0.2,4.0,0.0,0.0,4.0,0.0,0.0,0.0
0.3,3.0,0.0,0.0,3.0,0.0,0.0,0.0
0.5,3.0,0.0,0.0,3.0,0.0,0.0,0.0
1.0,1.0,0.0,0.0,1.0,0.0,0.0,0.0
1.2,1.0,0.0,0.0,1.0,0.0,0.0,0.0
1.3,0.0,0.0,0.0,0.0,0.0,0.0,0.0
1.5,2.0,0.0,0.0,2.0,0.0,0.0,0.0
2.0,0.0,0.0,0.0,0.0,0.0,0.0,0.0
2.2,0.0,0.0,0.0,0.0,0.0,0.0,0.0
2.3,1.0,0.0,0.0,1.0,0.0,0.0,0.0
2.5,1.0,0.0,0.0,1.0,0.0,0.0,0.0
3.0,0.0,0.0,0.0,0.0,0.0,0.0,0.0
3.2,1.0,0.0,0.0,1.0,0.0,0.0,0.0
3.3,1.0,0.0,0.0,1.0,0.0,0.0,0.0
3.5,0.0,0.0,0.0,0.0,0.0,0.0,0.0
4.0,0.0,0.0,0.0,0.0,0.0,0.0,0.0
4.2,0.0,0.0,0.0,0.0,0.0,0.0,0.0
4.3,1.0,0.0,0.0,1.0,0.0,0.0,0.0
4.5,1.0,0.0,0.0,1.0,0.0,0.0,0.0
5.0,1.0,0.0,0.0,1.0,0.0,0.0,0.0
5.2,1.0,0.0,0.0,1.0,0.0,0.0,0.0
5.3,3.0,0.0,0.0,3.0,0.0,0.0,0.0
5.5,5.0,0.0,0.0,5.0,0.0,0.0,0.0
6.0,5.0,0.0,0.0,5.0,0.0,0.0,0.0
6.2,3.0,0.0,0.0,3.0,0.0,0.0,0.0
6.3,12.0,0.0,0.0,12.0,0.0,0.0,0.0
6.5,8.0,0.0,0.0,8.0,0.0,0.0,0.0
7.0,9.0,0.0,0.0,9.0,0.0,0.0,0.0
7.2,12.0,0.0,0.0,12.0,0.0,0.0,0.0
7.3,11.0,0.0,0.0,11.0,0.0,0.0,0.0
7.5,28.0,0.0,0.0,28.0,0.0,0.0,0.0
8.0,20.0,0.0,0.0,20.0,0.0,0.0,0.0
8.2,25.0,0.0,0.0,25.0,0.0,0.0,0.0
8.3,22.0,0.0,0.0,22.0,0.0,0.0,0.0
8.5,32.0,0.0,0.0,32.0,0.0,0.0,0.0
9.0,19.0,0.0,0.0,19.0,0.0,0.0,0.0
9.2,25.0,0.0,0.0,25.0,0.0,0.0,0.0
9.3,16.0,0.0,0.0,16.0,0.0,0.0,0.0
9.5,22.0,0.0,0.0,22.0,0.0,0.0,0.0
10.0,14.0,0.0,0.0,14.0,0.0,0.0,0.0
10.2,20.0,0.0,0.0,20.0,0.0,0.0,0.0
10.3,10.0,0.0,0.0,10.0,0.0,0.0,0.0
10.5,18.0,0.0,0.0,18.0,0.0,0.0,0.0
11.0,11.0,0.0,0.0,11.0,0.0,0.0,0.0
11.2,13.0,0.0,0.0,13.0,0.0,0.0,0.0
11.3,15.0,0.0,0.0,15.0,0.0,0.0,0.0
11.5,12.0,0.0,0.0,12.0,0.0,0.0,0.0
12.0,17.0,0.0,0.0,17.0,0.0,0.0,0.0
12.2,14.0,0.0,0.0,14.0,0.0,0.0,0.0
12.3,12.0,0.0,0.0,12.0,0.0,0.0,0.0
12.5,13.0,0.0,0.0,13.0,0.0,0.0,0.0
13.0,8.0,0.0,0.0,8.0,0.0,0.0,0.0
13.2,13.0,0.0,0.0,13.0,0.0,0.0,0.0
13.3,17.0,0.0,0.0,17.0,0.0,0.0,0.0
13.5,12.0,0.0,0.0,12.0,0.0,0.0,0.0
14.0,15.0,0.0,0.0,15.0,0.0,0.0,0.0
14.2,16.0,0.0,0.0,16.0,0.0,0.0,0.0
14.3,18.0,0.0,0.0,18.0,0.0,0.0,0.0
14.5,16.0,0.0,0.0,16.0,0.0,0.0,0.0
15.0,17.0,0.0,0.0,17.0,0.0,0.0,0.0
15.2,16.0,0.0,0.0,16.0,0.0,0.0,0.0
15.3,34.0,0.0,0.0,34.0,0.0,0.0,0.0
15.5,13.0,0.0,0.0,13.0,0.0,0.0,0.0
16.0,24.0,0.0,0.0,24.0,0.0,0.0,0.0
16.2,15.0,0.0,0.0,15.0,0.0,0.0,0.0
16.3,19.0,0.0,0.0,19.0,0.0,0.0,0.0
16.5,24.0,0.0,0.0,24.0,0.0,0.0,0.0
17.0,21.0,0.0,0.0,21.0,0.0,0.0,0.0
17.2,21.0,0.0,0.0,21.0,0.0,0.0,0.0
17.3,15.0,0.0,0.0,15.0,0.0,0.0,0.0
17.5,13.0,0.0,0.0,13.0,0.0,0.0,0.0
18.0,22.0,0.0,0.0,22.0,0.0,0.0,0.0
18.2,18.0,0.0,0.0,18.0,0.0,0.0,0.0
18.3,17.0,0.0,0.0,17.0,0.0,0.0,0.0
18.5,10.0,0.0,0.0,10.0,0.0,0.0,0.0
19.0,13.0,0.0,0.0,13.0,0.0,0.0,0.0
19.2,3.0,0.0,0.0,3.0,0.0,0.0,0.0
19.3,8.0,0.0,0.0,8.0,0.0,0.0,0.0
19.5,11.0,0.0,0.0,11.0,0.0,0.0,0.0
20.0,6.0,0.0,0.0,6.0,0.0,0.0,0.0
20.2,5.0,0.0,0.0,5.0,0.0,0.0,0.0
20.3,8.0,0.0,0.0,8.0,0.0,0.0,0.0
20.5,4.0,0.0,0.0,4.0,0.0,0.0,0.0
21.0,6.0,0.0,0.0,6.0,0.0,0.0,0.0
21.2,12.0,0.0,0.0,12.0,0.0,0.0,0.0
21.3,7.0,0.0,0.0,7.0,0.0,0.0,0.0
21.5,2.0,0.0,0.0,2.0,0.0,0.0,0.0
22.0,3.0,0.0,0.0,3.0,0.0,0.0,0.0
22.2,3.0,0.0,0.0,3.0,0.0,0.0,0.0
22.3,3.0,0.0,0.0,3.0,0.0,0.0,0.0
22.5,2.0,0.0,0.0,2.0,0.0,0.0,0.0
23.0,3.0,0.0,0.0,3.0,0.0,0.0,0.0
23.2,2.0,0.0,0.0,2.0,0.0,0.0,0.0
23.3,1.0,0.0,0.0,1.0,0.0,0.0,0.0
23.5,2.0,0.0,0.0,2.0,0.0,0.0,0.0
0.0,1.0,0.0,0.0,1.0,0.0,0.0,0.0
0.2,0.0,0.0,0.0,0.0,0.0,0.0,0.0
0.3,0.0,0.0,0.0,0.0,0.0,0.0,0.0
0.5,1.0,0.0,0.0,1.0,0.0,0.0,0.0
1.0,0.0,0.0,0.0,0.0,0.0,0.0,0.0
1.2,1.0,0.0,0.0,1.0,0.0,0.0,0.0
1.3,0.0,0.0,0.0,0.0,0.0,0.0,0.0
1.5,1.0,0.0,0.0,1.0,0.0,0.0,0.0
2.0,0.0,0.0,0.0,0.0,0.0,0.0,0.0
2.2,0.0,0.0,0.0,0.0,0.0,0.0,0.0
2.3,0.0,0.0,0.0,0.0,0.0,0.0,0.0
2.5,0.0,0.0,0.0,0.0,0.0,0.0,0.0
3.0,0.0,0.0,0.0,0.0,0.0,0.0,0.0
3.2,0.0,0.0,0.0,0.0,0.0,0.0,0.0
3.3,2.0,0.0,0.0,2.0,0.0,0.0,0.0
3.5,0.0,0.0,0.0,0.0,0.0,0.0,0.0
4.0,0.0,0.0,0.0,0.0,0.0,0.0,0.0
4.2,0.0,0.0,0.0,0.0,0.0,0.0,0.0
4.3,3.0,0.0,0.0,3.0,0.0,0.0,0.0
4.5,1.0,0.0,0.0,1.0,0.0,0.0,0.0
5.0,1.0,0.0,0.0,1.0,0.0,0.0,0.0
5.2,3.0,0.0,0.0,3.0,0.0,0.0,0.0
5.3,1.0,0.0,0.0,1.0,0.0,0.0,0.0
5.5,3.0,0.0,0.0,3.0,0.0,0.0,0.0
6.0,8.0,0.0,0.0,8.0,0.0,0.0,0.0
6.2,8.0,0.0,0.0,8.0,0.0,0.0,0.0
6.3,7.0,0.0,0.0,7.0,0.0,0.0,0.0
6.5,10.0,0.0,0.0,10.0,0.0,0.0,0.0
7.0,17.0,0.0,0.0,17.0,0.0,0.0,0.0
7.2,15.0,0.0,0.0,15.0,0.0,0.0,0.0
7.3,19.0,0.0,0.0,19.0,0.0,0.0,0.0
7.5,19.0,0.0,0.0,19.0,0.0,0.0,0.0
8.0,25.0,0.0,0.0,25.0,0.0,0.0,0.0
8.2,23.0,0.0,0.0,23.0,0.0,0.0,0.0
8.3,31.0,0.0,0.0,31.0,0.0,0.0,0.0
8.5,29.0,0.0,0.0,29.0,0.0,0.0,0.0
9.0,26.0,0.0,0.0,26.0,0.0,0.0,0.0
9.2,19.0,0.0,0.0,19.0,0.0,0.0,0.0
9.3,26.0,0.0,0.0,26.0,0.0,0.0,0.0
9.5,23.0,0.0,0.0,23.0,0.0,0.0,0.0
10.0,27.0,0.0,0.0,27.0,0.0,0.0,0.0
10.2,23.0,0.0,0.0,23.0,0.0,0.0,0.0
10.3,17.0,0.0,0.0,17.0,0.0,0.0,0.0
10.5,19.0,0.0,0.0,19.0,0.0,0.0,0.0
11.0,17.0,0.0,0.0,17.0,0.0,0.0,0.0
11.2,18.0,0.0,0.0,18.0,0.0,0.0,0.0
11.3,18.0,0.0,0.0,18.0,0.0,0.0,0.0
11.5,17.0,0.0,0.0,17.0,0.0,0.0,0.0
12.0,13.0,0.0,0.0,13.0,0.0,0.0,0.0
12.2,21.0,0.0,0.0,21.0,0.0,0.0,0.0
12.3,13.0,0.0,0.0,13.0,0.0,0.0,0.0
12.5,8.0,0.0,0.0,8.0,0.0,0.0,0.0
13.0,11.0,0.0,0.0,11.0,0.0,0.0,0.0
13.2,15.0,0.0,0.0,15.0,0.0,0.0,0.0
13.3,12.0,0.0,0.0,12.0,0.0,0.0,0.0
13.5,20.0,0.0,0.0,20.0,0.0,0.0,0.0
14.0,23.0,0.0,0.0,23.0,0.0,0.0,0.0
14.2,9.0,0.0,0.0,9.0,0.0,0.0,0.0
14.3,8.0,0.0,0.0,8.0,0.0,0.0,0.0
14.5,19.0,0.0,0.0,19.0,0.0,0.0,0.0
15.0,20.0,0.0,0.0,20.0,0.0,0.0,0.0
15.2,13.0,0.0,0.0,13.0,0.0,0.0,0.0
15.3,26.0,0.0,0.0,26.0,0.0,0.0,0.0
15.5,16.0,0.0,0.0,16.0,0.0,0.0,0.0
16.0,25.0,0.0,0.0,25.0,0.0,0.0,0.0
16.2,17.0,0.0,0.0,17.0,0.0,0.0,0.0
16.3,19.0,0.0,0.0,19.0,0.0,0.0,0.0
16.5,22.0,0.0,0.0,22.0,0.0,0.0,0.0
17.0,20.0,0.0,0.0,20.0,0.0,0.0,0.0
17.2,24.0,0.0,0.0,24.0,0.0,0.0,0.0
17.3,14.0,0.0,0.0,14.0,0.0,0.0,0.0
17.5,10.0,0.0,0.0,10.0,0.0,0.0,0.0
18.0,22.0,0.0,0.0,22.0,0.0,0.0,0.0
18.2,17.0,0.0,0.0,17.0,0.0,0.0,0.0
18.3,11.0,0.0,0.0,11.0,0.0,0.0,0.0
18.5,11.0,0.0,0.0,11.0,0.0,0.0,0.0
19.0,9.0,0.0,0.0,9.0,0.0,0.0,0.0
19.2,7.0,0.0,0.0,7.0,0.0,0.0,0.0
19.3,15.0,0.0,0.0,15.0,0.0,0.0,0.0
19.5,8.0,0.0,0.0,8.0,0.0,0.0,0.0
20.0,9.0,0.0,0.0,9.0,0.0,0.0,0.0
20.2,7.0,0.0,0.0,7.0,0.0,0.0,0.0
20.3,10.0,0.0,0.0,10.0,0.0,0.0,0.0
20.5,6.0,0.0,0.0,6.0,0.0,0.0,0.0
21.0,6.0,0.0,0.0,6.0,0.0,0.0,0.0
21.2,10.0,0.0,0.0,10.0,0.0,0.0,0.0
21.3,5.0,0.0,0.0,5.0,0.0,0.0,0.0
21.5,4.0,0.0,0.0,4.0,0.0,0.0,0.0
22.0,5.0,0.0,0.0,5.0,0.0,0.0,0.0
22.2,4.0,0.0,0.0,4.0,0.0,0.0,0.0
22.3,4.0,0.0,0.0,4.0,0.0,0.0,0.0
22.5,3.0,0.0,0.0,3.0,0.0,0.0,0.0
23.0,1.0,0.0,0.0,1.0,0.0,0.0,0.0
23.2,3.0,0.0,0.0,3.0,0.0,0.0,0.0
23.3,1.0,0.0,0.0,1.0,0.0,0.0,0.0
23.5,3.0,0.0,0.0,3.0,0.0,0.0,0.0
0.0,1.0,0.0,0.0,1.0,0.0,0.0,0.0
0.2,2.0,0.0,0.0,2.0,0.0,0.0,0.0
0.3,1.0,0.0,0.0,1.0,0.0,0.0,0.0
0.5,2.0,0.0,0.0,2.0,0.0,0.0,0.0
1.0,0.0,0.0,0.0,0.0,0.0,0.0,0.0
1.2,2.0,0.0,0.0,2.0,0.0,0.0,0.0
1.3,0.0,0.0,0.0,0.0,0.0,0.0,0.0
1.5,0.0,0.0,0.0,0.0,0.0,0.0,0.0
2.0,0.0,0.0,0.0,0.0,0.0,0.0,0.0
2.2,1.0,0.0,0.0,1.0,0.0,0.0,0.0
2.3,0.0,0.0,0.0,0.0,0.0,0.0,0.0
2.5,1.0,0.0,0.0,1.0,0.0,0.0,0.0
3.0,1.0,0.0,0.0,1.0,0.0,0.0,0.0
3.2,0.0,0.0,0.0,0.0,0.0,0.0,0.0
3.3,0.0,0.0,0.0,0.0,0.0,0.0,0.0
3.5,1.0,0.0,0.0,1.0,0.0,0.0,0.0
4.0,0.0,0.0,0.0,0.0,0.0,0.0,0.0
4.2,1.0,0.0,0.0,1.0,0.0,0.0,0.0
4.3,2.0,0.0,0.0,2.0,0.0,0.0,0.0
4.5,0.0,0.0,0.0,0.0,0.0,0.0,0.0
5.0,1.0,0.0,0.0,1.0,0.0,0.0,0.0
5.2,1.0,0.0,0.0,1.0,0.0,0.0,0.0
5.3,2.0,0.0,0.0,2.0,0.0,0.0,0.0
5.5,6.0,0.0,0.0,6.0,0.0,0.0,0.0
6.0,4.0,0.0,0.0,4.0,0.0,0.0,0.0
6.2,8.0,0.0,0.0,8.0,0.0,0.0,0.0
6.3,10.0,0.0,0.0,10.0,0.0,0.0,0.0
6.5,10.0,0.0,0.0,10.0,0.0,0.0,0.0
7.0,8.0,0.0,0.0,8.0,0.0,0.0,0.0
7.2,21.0,0.0,0.0,21.0,0.0,0.0,0.0
7.3,16.0,0.0,0.0,16.0,0.0,0.0,0.0
7.5,10.0,0.0,0.0,10.0,0.0,0.0,0.0
8.0,25.0,0.0,0.0,25.0,0.0,0.0,0.0
8.2,15.0,0.0,0.0,15.0,0.0,0.0,0.0
8.3,30.0,0.0,0.0,30.0,0.0,0.0,0.0
8.5,30.0,0.0,0.0,30.0,0.0,0.0,0.0
9.0,26.0,0.0,0.0,26.0,0.0,0.0,0.0
9.2,15.0,0.0,0.0,15.0,0.0,0.0,0.0
9.3,17.0,0.0,0.0,17.0,0.0,0.0,0.0
9.5,20.0,0.0,0.0,20.0,0.0,0.0,0.0
10.0,12.0,0.0,0.0,12.0,0.0,0.0,0.0
10.2,19.0,0.0,0.0,19.0,0.0,0.0,0.0
10.3,24.0,0.0,0.0,24.0,0.0,0.0,0.0
10.5,14.0,0.0,0.0,14.0,0.0,0.0,0.0
11.0,17.0,0.0,0.0,17.0,0.0,0.0,0.0
11.2,16.0,0.0,0.0,16.0,0.0,0.0,0.0
11.3,10.0,0.0,0.0,10.0,0.0,0.0,0.0
11.5,13.0,0.0,0.0,13.0,0.0,0.0,0.0
12.0,16.0,0.0,0.0,16.0,0.0,0.0,0.0
12.2,13.0,0.0,0.0,13.0,0.0,0.0,0.0
12.3,9.0,0.0,0.0,9.0,0.0,0.0,0.0
12.5,6.0,0.0,0.0,6.0,0.0,0.0,0.0
13.0,15.0,0.0,0.0,15.0,0.0,0.0,0.0
13.2,10.0,0.0,0.0,10.0,0.0,0.0,0.0
13.3,19.0,0.0,0.0,19.0,0.0,0.0,0.0
13.5,12.0,0.0,0.0,12.0,0.0,0.0,0.0
14.0,14.0,0.0,0.0,14.0,0.0,0.0,0.0
14.2,19.0,0.0,0.0,19.0,0.0,0.0,0.0
14.3,16.0,0.0,0.0,16.0,0.0,0.0,0.0
14.5,23.0,0.0,0.0,23.0,0.0,0.0,0.0
15.0,19.0,0.0,0.0,19.0,0.0,0.0,0.0
15.2,11.0,0.0,0.0,11.0,0.0,0.0,0.0
15.3,22.0,0.0,0.0,22.0,0.0,0.0,0.0
15.5,21.0,0.0,0.0,21.0,0.0,0.0,0.0
16.0,23.0,0.0,0.0,23.0,0.0,0.0,0.0
16.2,19.0,0.0,0.0,19.0,0.0,0.0,0.0
16.3,21.0,0.0,0.0,21.0,0.0,0.0,0.0
16.5,27.0,0.0,0.0,27.0,0.0,0.0,0.0
17.0,23.0,0.0,0.0,23.0,0.0,0.0,0.0
17.2,19.0,0.0,0.0,19.0,0.0,0.0,0.0
17.3,10.0,0.0,0.0,10.0,0.0,0.0,0.0
17.5,17.0,0.0,0.0,17.0,0.0,0.0,0.0
18.0,13.0,0.0,0.0,13.0,0.0,0.0,0.0
18.2,18.0,0.0,0.0,18.0,0.0,0.0,0.0
18.3,11.0,0.0,0.0,11.0,0.0,0.0,0.0
18.5,5.0,0.0,0.0,5.0,0.0,0.0,0.0
19.0,14.0,0.0,0.0,14.0,0.0,0.0,0.0
19.2,6.0,0.0,0.0,6.0,0.0,0.0,0.0
19.3,5.0,0.0,0.0,5.0,0.0,0.0,0.0
19.5,7.0,0.0,0.0,7.0,0.0,0.0,0.0
20.0,9.0,0.0,0.0,9.0,0.0,0.0,0.0
20.2,10.0,0.0,0.0,10.0,0.0,0.0,0.0
20.3,8.0,0.0,0.0,8.0,0.0,0.0,0.0
20.5,6.0,0.0,0.0,6.0,0.0,0.0,0.0
21.0,9.0,0.0,0.0,9.0,0.0,0.0,0.0
21.2,3.0,0.0,0.0,3.0,0.0,0.0,0.0
21.3,9.0,0.0,0.0,9.0,0.0,0.0,0.0
21.5,7.0,0.0,0.0,7.0,0.0,0.0,0.0
22.0,1.0,0.0,0.0,1.0,0.0,0.0,0.0
22.2,6.0,0.0,0.0,6.0,0.0,0.0,0.0
22.3,2.0,0.0,0.0,2.0,0.0,0.0,0.0
22.5,2.0,0.0,0.0,2.0,0.0,0.0,0.0
23.0,2.0,0.0,0.0,2.0,0.0,0.0,0.0
23.2,1.0,0.0,0.0,1.0,0.0,0.0,0.0
23.3,4.0,0.0,0.0,4.0,0.0,0.0,0.0
23.5,0.0,0.0,0.0,0.0,0.0,0.0,0.0
0.0,0.0,0.0,0.0,0.0,0.0,0.0,0.0
0.2,3.0,0.0,0.0,3.0,0.0,0.0,0.0
0.3,0.0,0.0,0.0,0.0,0.0,0.0,0.0
0.5,0.0,0.0,0.0,0.0,0.0,0.0,0.0
1.0,1.0,0.0,0.0,1.0,0.0,0.0,0.0
1.2,0.0,0.0,0.0,0.0,0.0,0.0,0.0
1.3,1.0,0.0,0.0,1.0,0.0,0.0,0.0
1.5,0.0,0.0,0.0,0.0,0.0,0.0,0.0
2.0,0.0,0.0,0.0,0.0,0.0,0.0,0.0
2.2,1.0,0.0,0.0,1.0,0.0,0.0,0.0
2.3,1.0,0.0,0.0,1.0,0.0,0.0,0.0
2.5,0.0,0.0,0.0,0.0,0.0,0.0,0.0
3.0,0.0,0.0,0.0,0.0,0.0,0.0,0.0
3.2,0.0,0.0,0.0,0.0,0.0,0.0,0.0
3.3,1.0,0.0,0.0,1.0,0.0,0.0,0.0
3.5,0.0,0.0,0.0,0.0,0.0,0.0,0.0
4.0,0.0,0.0,0.0,0.0,0.0,0.0,0.0
4.2,1.0,0.0,0.0,1.0,0.0,0.0,0.0
4.3,0.0,0.0,0.0,0.0,0.0,0.0,0.0
4.5,0.0,0.0,0.0,0.0,0.0,0.0,0.0
5.0,2.0,0.0,0.0,2.0,0.0,0.0,0.0
5.2,1.0,0.0,0.0,1.0,0.0,0.0,0.0
5.3,1.0,0.0,0.0,1.0,0.0,0.0,0.0
5.5,6.0,0.0,0.0,6.0,0.0,0.0,0.0
6.0,4.0,0.0,0.0,4.0,0.0,0.0,0.0
6.2,7.0,0.0,0.0,7.0,0.0,0.0,0.0
6.3,11.0,0.0,0.0,11.0,0.0,0.0,0.0
6.5,7.0,0.0,0.0,7.0,0.0,0.0,0.0
7.0,5.0,0.0,0.0,5.0,0.0,0.0,0.0
7.2,14.0,0.0,0.0,14.0,0.0,0.0,0.0
7.3,18.0,0.0,0.0,18.0,0.0,0.0,0.0
7.5,17.0,0.0,0.0,17.0,0.0,0.0,0.0
8.0,24.0,0.0,0.0,24.0,0.0,0.0,0.0
8.2,24.0,0.0,0.0,24.0,0.0,0.0,0.0
8.3,19.0,0.0,0.0,19.0,0.0,0.0,0.0
8.5,28.0,0.0,0.0,28.0,0.0,0.0,0.0
9.0,22.0,0.0,0.0,22.0,0.0,0.0,0.0
9.2,20.0,0.0,0.0,20.0,0.0,0.0,0.0
9.3,30.0,0.0,0.0,30.0,0.0,0.0,0.0
9.5,8.0,0.0,0.0,8.0,0.0,0.0,0.0
10.0,12.0,0.0,0.0,12.0,0.0,0.0,0.0
10.2,23.0,0.0,0.0,23.0,0.0,0.0,0.0
10.3,22.0,0.0,0.0,22.0,0.0,0.0,0.0
10.5,12.0,0.0,0.0,12.0,0.0,0.0,0.0
11.0,14.0,0.0,0.0,14.0,0.0,0.0,0.0
11.2,23.0,0.0,0.0,23.0,0.0,0.0,0.0
11.3,10.0,0.0,0.0,10.0,0.0,0.0,0.0
11.5,25.0,0.0,0.0,25.0,0.0,0.0,0.0
12.0,18.0,0.0,0.0,18.0,0.0,0.0,0.0
12.2,15.0,0.0,0.0,15.0,0.0,0.0,0.0
12.3,13.0,0.0,0.0,13.0,0.0,0.0,0.0
12.5,12.0,0.0,0.0,12.0,0.0,0.0,0.0
13.0,14.0,0.0,0.0,14.0,0.0,0.0,0.0
13.2,15.0,0.0,0.0,15.0,0.0,0.0,0.0
13.3,17.0,0.0,0.0,17.0,0.0,0.0,0.0
13.5,19.0,0.0,0.0,19.0,0.0,0.0,0.0
14.0,6.0,0.0,0.0,6.0,0.0,0.0,0.0
14.2,16.0,0.0,0.0,16.0,0.0,0.0,0.0
14.3,13.0,0.0,0.0,13.0,0.0,0.0,0.0
14.5,28.0,0.0,0.0,28.0,0.0,0.0,0.0
15.0,19.0,0.0,0.0,19.0,0.0,0.0,0.0
15.2,20.0,0.0,0.0,20.0,0.0,0.0,0.0
15.3,25.0,0.0,0.0,25.0,0.0,0.0,0.0
15.5,30.0,0.0,0.0,30.0,0.0,0.0,0.0
16.0,19.0,0.0,0.0,19.0,0.0,0.0,0.0
16.2,21.0,0.0,0.0,21.0,0.0,0.0,0.0
16.3,14.0,0.0,0.0,14.0,0.0,0.0,0.0
16.5,14.0,0.0,0.0,14.0,0.0,0.0,0.0
17.0,26.0,0.0,0.0,26.0,0.0,0.0,0.0
17.2,18.0,0.0,0.0,18.0,0.0,0.0,0.0
17.3,16.0,0.0,0.0,16.0,0.0,0.0,0.0
17.5,16.0,0.0,0.0,16.0,0.0,0.0,0.0
18.0,15.0,0.0,0.0,15.0,0.0,0.0,0.0
18.2,11.0,0.0,0.0,11.0,0.0,0.0,0.0
18.3,15.0,0.0,0.0,15.0,0.0,0.0,0.0
18.5,10.0,0.0,0.0,10.0,0.0,0.0,0.0
19.0,17.0,0.0,0.0,17.0,0.0,0.0,0.0
19.2,8.0,0.0,0.0,8.0,0.0,0.0,0.0
19.3,8.0,0.0,0.0,8.0,0.0,0.0,0.0
19.5,9.0,0.0,0.0,9.0,0.0,0.0,0.0
20.0,6.0,0.0,0.0,6.0,0.0,0.0,0.0
20.2,3.0,0.0,0.0,3.0,0.0,0.0,0.0
20.3,8.0,0.0,0.0,8.0,0.0,0.0,0.0
20.5,7.0,0.0,0.0,7.0,0.0,0.0,0.0
21.0,6.0,0.0,0.0,6.0,0.0,0.0,0.0
21.2,1.0,0.0,0.0,1.0,0.0,0.0,0.0
21.3,6.0,0.0,0.0,6.0,0.0,0.0,0.0
21.5,5.0,0.0,0.0,5.0,0.0,0.0,0.0
22.0,8.0,0.0,0.0,8.0,0.0,0.0,0.0
22.2,6.0,0.0,0.0,6.0,0.0,0.0,0.0
22.3,2.0,0.0,0.0,2.0,0.0,0.0,0.0
22.5,3.0,0.0,0.0,3.0,0.0,0.0,0.0
23.0,1.0,0.0,0.0,1.0,0.0,0.0,0.0
23.2,3.0,0.0,0.0,3.0,0.0,0.0,0.0
23.3,3.0,0.0,0.0,3.0,0.0,0.0,0.0
23.5,0.0,0.0,0.0,0.0,0.0,0.0,0.0
0.0,0.0,0.0,0.0,0.0,0.0,0.0,0.0
0.2,1.0,0.0,0.0,1.0,0.0,0.0,0.0
0.3,0.0,0.0,0.0,0.0,0.0,0.0,0.0
0.5,0.0,0.0,0.0,0.0,0.0,0.0,0.0
1.0,0.0,0.0,0.0,0.0,0.0,0.0,0.0
1.2,0.0,0.0,0.0,0.0,0.0,0.0,0.0
1.3,0.0,0.0,0.0,0.0,0.0,0.0,0.0
1.5,2.0,0.0,0.0,2.0,0.0,0.0,0.0
2.0,0.0,0.0,0.0,0.0,0.0,0.0,0.0
2.2,0.0,0.0,0.0,0.0,0.0,0.0,0.0
2.3,0.0,0.0,0.0,0.0,0.0,0.0,0.0
2.5,0.0,0.0,0.0,0.0,0.0,0.0,0.0
3.0,1.0,0.0,0.0,1.0,0.0,0.0,0.0
3.2,0.0,0.0,0.0,0.0,0.0,0.0,0.0
3.3,0.0,0.0,0.0,0.0,0.0,0.0,0.0
3.5,2.0,0.0,0.0,2.0,0.0,0.0,0.0
4.0,0.0,0.0,0.0,0.0,0.0,0.0,0.0
4.2,0.0,0.0,0.0,0.0,0.0,0.0,0.0
4.3,0.0,0.0,0.0,0.0,0.0,0.0,0.0
4.5,0.0,0.0,0.0,0.0,0.0,0.0,0.0
5.0,2.0,0.0,0.0,2.0,0.0,0.0,0.0
5.2,0.0,0.0,0.0,0.0,0.0,0.0,0.0
5.3,5.0,0.0,0.0,5.0,0.0,0.0,0.0
5.5,3.0,0.0,0.0,3.0,0.0,0.0,0.0
6.0,6.0,0.0,0.0,6.0,0.0,0.0,0.0
6.2,6.0,0.0,0.0,6.0,0.0,0.0,0.0
6.3,11.0,0.0,0.0,11.0,0.0,0.0,0.0
6.5,5.0,0.0,0.0,5.0,0.0,0.0,0.0
7.0,7.0,0.0,0.0,7.0,0.0,0.0,0.0
7.2,11.0,0.0,0.0,11.0,0.0,0.0,0.0
7.3,13.0,0.0,0.0,13.0,0.0,0.0,0.0
7.5,18.0,0.0,0.0,18.0,0.0,0.0,0.0
8.0,21.0,0.0,0.0,21.0,0.0,0.0,0.0
8.2,30.0,0.0,0.0,30.0,0.0,0.0,0.0
8.3,30.0,0.0,0.0,30.0,0.0,0.0,0.0
8.5,20.0,0.0,0.0,20.0,0.0,0.0,0.0
9.0,22.0,0.0,0.0,22.0,0.0,0.0,0.0
9.2,22.0,0.0,0.0,22.0,0.0,0.0,0.0
9.3,17.0,0.0,0.0,17.0,0.0,0.0,0.0
9.5,16.0,0.0,0.0,16.0,0.0,0.0,0.0
10.0,16.0,0.0,0.0,16.0,0.0,0.0,0.0
10.2,12.0,0.0,0.0,12.0,0.0,0.0,0.0
10.3,26.0,0.0,0.0,26.0,0.0,0.0,0.0
10.5,26.0,0.0,0.0,26.0,0.0,0.0,0.0
11.0,11.0,0.0,0.0,11.0,0.0,0.0,0.0
11.2,10.0,0.0,0.0,10.0,0.0,0.0,0.0
11.3,26.0,0.0,0.0,26.0,0.0,0.0,0.0
11.5,29.0,0.0,0.0,29.0,0.0,0.0,0.0
12.0,19.0,0.0,0.0,19.0,0.0,0.0,0.0
12.2,0.0,0.0,0.0,0.0,,0.0,0.0
12.3,5.0,0.0,0.0,5.0,0.0,0.0,0.0
12.5,16.0,0.0,0.0,16.0,0.0,0.0,0.0
13.0,18.0,0.0,0.0,18.0,0.0,0.0,0.0
13.2,23.0,0.0,0.0,23.0,0.0,0.0,0.0
13.3,14.0,0.0,0.0,14.0,0.0,0.0,0.0
13.5,9.0,0.0,0.0,9.0,0.0,0.0,0.0
14.0,21.0,0.0,0.0,21.0,0.0,0.0,0.0
14.2,15.0,0.0,0.0,15.0,0.0,0.0,0.0
14.3,11.0,0.0,0.0,11.0,0.0,0.0,0.0
14.5,19.0,0.0,0.0,19.0,0.0,0.0,0.0
15.0,25.0,0.0,0.0,25.0,0.0,0.0,0.0
15.2,29.0,0.0,0.0,29.0,0.0,0.0,0.0
15.3,23.0,0.0,0.0,23.0,0.0,0.0,0.0
15.5,31.0,0.0,0.0,31.0,0.0,0.0,0.0
16.0,17.0,0.0,0.0,17.0,0.0,0.0,0.0
16.2,23.0,0.0,0.0,23.0,0.0,0.0,0.0
16.3,19.0,0.0,0.0,19.0,0.0,0.0,0.0
16.5,26.0,0.0,0.0,26.0,0.0,0.0,0.0
17.0,29.0,0.0,0.0,29.0,0.0,0.0,0.0
17.2,20.0,0.0,0.0,20.0,0.0,0.0,0.0
17.3,20.0,0.0,0.0,20.0,0.0,0.0,0.0
17.5,16.0,0.0,0.0,16.0,0.0,0.0,0.0
18.0,20.0,0.0,0.0,20.0,0.0,0.0,0.0
18.2,17.0,0.0,0.0,17.0,0.0,0.0,0.0
18.3,22.0,0.0,0.0,22.0,0.0,0.0,0.0
18.5,12.0,0.0,0.0,12.0,0.0,0.0,0.0
19.0,15.0,0.0,0.0,15.0,0.0,0.0,0.0
19.2,21.0,0.0,0.0,21.0,0.0,0.0,0.0
19.3,7.0,0.0,0.0,7.0,0.0,0.0,0.0
19.5,8.0,0.0,0.0,8.0,0.0,0.0,0.0
20.0,7.0,0.0,0.0,7.0,0.0,0.0,0.0
20.2,6.0,0.0,0.0,6.0,0.0,0.0,0.0
20.3,4.0,0.0,0.0,4.0,0.0,0.0,0.0
20.5,7.0,0.0,0.0,7.0,0.0,0.0,0.0
21.0,2.0,0.0,0.0,2.0,0.0,0.0,0.0
21.2,8.0,0.0,0.0,8.0,0.0,0.0,0.0
21.3,7.0,0.0,0.0,7.0,0.0,0.0,0.0
21.5,2.0,0.0,0.0,2.0,0.0,0.0,0.0
22.0,7.0,0.0,0.0,7.0,0.0,0.0,0.0
22.2,4.0,0.0,0.0,4.0,0.0,0.0,0.0
22.3,4.0,0.0,0.0,4.0,0.0,0.0,0.0
22.5,1.0,0.0,0.0,1.0,0.0,0.0,0.0
23.0,2.0,0.0,0.0,2.0,0.0,0.0,0.0
23.2,3.0,0.0,0.0,3.0,0.0,0.0,0.0
23.3,2.0,0.0,0.0,2.0,0.0,0.0,0.0
23.5,2.0,0.0,0.0,2.0,0.0,0.0,0.0
0.0,4.0,0.0,0.0,4.0,0.0,0.0,0.0
0.2,2.0,0.0,0.0,2.0,0.0,0.0,0.0
0.3,1.0,0.0,0.0,1.0,0.0,0.0,0.0
0.5,3.0,0.0,0.0,3.0,0.0,0.0,0.0
1.0,1.0,0.0,0.0,1.0,0.0,0.0,0.0
1.2,0.0,0.0,0.0,0.0,0.0,0.0,0.0
1.3,1.0,0.0,0.0,1.0,0.0,0.0,0.0
1.5,1.0,0.0,0.0,1.0,0.0,0.0,0.0
2.0,0.0,0.0,0.0,0.0,0.0,0.0,0.0
2.2,1.0,0.0,0.0,1.0,0.0,0.0,0.0
2.3,0.0,0.0,0.0,0.0,0.0,0.0,0.0
2.5,0.0,0.0,0.0,0.0,0.0,0.0,0.0
3.0,0.0,0.0,0.0,0.0,0.0,0.0,0.0
3.2,1.0,0.0,0.0,1.0,0.0,0.0,0.0
3.3,2.0,0.0,0.0,2.0,0.0,0.0,0.0
3.5,1.0,0.0,0.0,1.0,0.0,0.0,0.0
4.0,1.0,0.0,0.0,1.0,0.0,0.0,0.0
4.2,2.0,0.0,0.0,2.0,0.0,0.0,0.0
4.3,1.0,0.0,0.0,1.0,0.0,0.0,0.0
4.5,0.0,0.0,0.0,0.0,0.0,0.0,0.0
5.0,1.0,0.0,0.0,1.0,0.0,0.0,0.0
5.2,1.0,0.0,0.0,1.0,0.0,0.0,0.0
5.3,1.0,0.0,0.0,1.0,0.0,0.0,0.0
5.5,2.0,0.0,0.0,2.0,0.0,0.0,0.0
6.0,2.0,0.0,0.0,2.0,0.0,0.0,0.0
6.2,3.0,0.0,0.0,3.0,0.0,0.0,0.0
6.3,2.0,0.0,0.0,2.0,0.0,0.0,0.0
6.5,8.0,0.0,0.0,8.0,0.0,0.0,0.0
7.0,6.0,0.0,0.0,6.0,0.0,0.0,0.0
7.2,8.0,0.0,0.0,8.0,0.0,0.0,0.0
7.3,8.0,0.0,0.0,8.0,0.0,0.0,0.0
7.5,5.0,0.0,0.0,5.0,0.0,0.0,0.0
8.0,5.0,0.0,0.0,5.0,0.0,0.0,0.0
8.2,5.0,0.0,0.0,5.0,0.0,0.0,0.0
8.3,6.0,0.0,0.0,6.0,0.0,0.0,0.0
8.5,12.0,0.0,0.0,12.0,0.0,0.0,0.0
9.0,8.0,0.0,0.0,8.0,0.0,0.0,0.0
9.2,8.0,0.0,0.0,8.0,0.0,0.0,0.0
9.3,9.0,0.0,0.0,9.0,0.0,0.0,0.0
9.5,13.0,0.0,0.0,13.0,0.0,0.0,0.0
10.0,12.0,0.0,0.0,12.0,0.0,0.0,0.0
10.2,17.0,0.0,0.0,17.0,0.0,0.0,0.0
10.3,14.0,0.0,0.0,14.0,0.0,0.0,0.0
10.5,15.0,0.0,0.0,15.0,0.0,0.0,0.0
11.0,15.0,0.0,0.0,15.0,0.0,0.0,0.0
11.2,19.0,0.0,0.0,19.0,0.0,0.0,0.0
11.3,9.0,0.0,0.0,9.0,0.0,0.0,0.0
11.5,6.0,0.0,0.0,6.0,0.0,0.0,0.0
12.0,11.0,0.0,0.0,11.0,0.0,0.0,0.0
12.2,8.0,0.0,0.0,8.0,0.0,0.0,0.0
12.3,3.0,0.0,0.0,3.0,0.0,0.0,0.0
12.5,8.0,0.0,0.0,8.0,0.0,0.0,0.0
13.0,13.0,0.0,0.0,13.0,0.0,0.0,0.0
13.2,11.0,0.0,0.0,11.0,0.0,0.0,0.0
13.3,4.0,0.0,0.0,4.0,0.0,0.0,0.0
13.5,8.0,0.0,0.0,8.0,0.0,0.0,0.0
14.0,11.0,0.0,0.0,11.0,0.0,0.0,0.0
14.2,7.0,0.0,0.0,7.0,0.0,0.0,0.0
14.3,7.0,0.0,0.0,7.0,0.0,0.0,0.0
14.5,9.0,0.0,0.0,9.0,0.0,0.0,0.0
15.0,6.0,0.0,0.0,6.0,0.0,0.0,0.0
15.2,10.0,0.0,0.0,10.0,0.0,0.0,0.0
15.3,5.0,0.0,0.0,5.0,0.0,0.0,0.0
15.5,8.0,0.0,0.0,8.0,0.0,0.0,0.0
16.0,6.0,0.0,0.0,6.0,0.0,0.0,0.0
16.2,6.0,0.0,0.0,6.0,0.0,0.0,0.0
16.3,10.0,0.0,0.0,10.0,0.0,0.0,0.0
16.5,14.0,0.0,0.0,14.0,0.0,0.0,0.0
17.0,2.0,0.0,0.0,2.0,0.0,0.0,0.0
17.2,11.0,0.0,0.0,11.0,0.0,0.0,0.0
17.3,9.0,0.0,0.0,9.0,0.0,0.0,0.0
17.5,9.0,0.0,0.0,9.0,0.0,0.0,0.0
18.0,7.0,0.0,0.0,7.0,0.0,0.0,0.0
18.2,5.0,0.0,0.0,5.0,0.0,0.0,0.0
18.3,8.0,0.0,0.0,8.0,0.0,0.0,0.0
18.5,9.0,0.0,0.0,9.0,0.0,0.0,0.0
19.0,5.0,0.0,0.0,5.0,0.0,0.0,0.0
19.2,5.0,0.0,0.0,5.0,0.0,0.0,0.0
19.3,4.0,0.0,0.0,4.0,0.0,0.0,0.0
19.5,4.0,0.0,0.0,4.0,0.0,0.0,0.0
20.0,6.0,0.0,0.0,6.0,0.0,0.0,0.0
20.2,3.0,0.0,0.0,3.0,0.0,0.0,0.0
20.3,9.0,0.0,0.0,9.0,0.0,0.0,0.0
20.5,4.0,0.0,0.0,4.0,0.0,0.0,0.0
21.0,5.0,0.0,0.0,5.0,0.0,0.0,0.0
21.2,5.0,0.0,0.0,5.0,0.0,0.0,0.0
21.3,8.0,0.0,0.0,8.0,0.0,0.0,0.0
21.5,5.0,0.0,0.0,5.0,0.0,0.0,0.0
22.0,4.0,0.0,0.0,4.0,0.0,0.0,0.0
22.2,5.0,0.0,0.0,5.0,0.0,0.0,0.0
22.3,5.0,0.0,0.0,5.0,0.0,0.0,0.0
22.5,7.0,0.0,0.0,7.0,0.0,0.0,0.0
23.0,3.0,0.0,0.0,3.0,0.0,0.0,0.0
23.2,1.0,0.0,0.0,1.0,0.0,0.0,0.0
23.3,4.0,0.0,0.0,4.0,0.0,0.0,0.0
23.5,0.0,0.0,0.0,0.0,0.0,0.0,0.0
0.0,2.0,0.0,0.0,2.0,0.0,0.0,0.0
0.2,1.0,0.0,0.0,1.0,0.0,0.0,0.0
0.3,1.0,0.0,0.0,1.0,0.0,0.0,0.0
0.5,0.0,0.0,0.0,0.0,0.0,0.0,0.0
1.0,0.0,0.0,0.0,0.0,0.0,0.0,0.0
1.2,1.0,0.0,0.0,1.0,0.0,0.0,0.0
1.3,2.0,0.0,0.0,2.0,0.0,0.0,0.0
1.5,0.0,0.0,0.0,0.0,0.0,0.0,0.0
2.0,1.0,0.0,0.0,1.0,0.0,0.0,0.0
2.2,1.0,0.0,0.0,1.0,0.0,0.0,0.0
2.3,0.0,0.0,0.0,0.0,0.0,0.0,0.0
2.5,0.0,0.0,0.0,0.0,0.0,0.0,0.0
3.0,1.0,0.0,0.0,1.0,0.0,0.0,0.0
3.2,0.0,0.0,0.0,0.0,0.0,0.0,0.0
3.3,2.0,0.0,0.0,2.0,0.0,0.0,0.0
3.5,3.0,0.0,0.0,3.0,0.0,0.0,0.0
4.0,1.0,0.0,0.0,1.0,0.0,0.0,0.0
4.2,1.0,0.0,0.0,1.0,0.0,0.0,0.0
4.3,0.0,0.0,0.0,0.0,0.0,0.0,0.0
4.5,2.0,0.0,0.0,2.0,0.0,0.0,0.0
5.0,0.0,0.0,0.0,0.0,0.0,0.0,0.0
5.2,0.0,0.0,0.0,0.0,0.0,0.0,0.0
5.3,1.0,0.0,0.0,1.0,0.0,0.0,0.0
5.5,1.0,0.0,0.0,1.0,0.0,0.0,0.0
6.0,2.0,0.0,0.0,2.0,0.0,0.0,0.0
6.2,0.0,0.0,0.0,0.0,0.0,0.0,0.0
6.3,5.0,0.0,0.0,5.0,0.0,0.0,0.0
6.5,2.0,0.0,0.0,2.0,0.0,0.0,0.0
7.0,1.0,0.0,0.0,1.0,0.0,0.0,0.0
7.2,3.0,0.0,0.0,3.0,0.0,0.0,0.0
7.3,6.0,0.0,0.0,6.0,0.0,0.0,0.0
7.5,2.0,0.0,0.0,2.0,0.0,0.0,0.0
8.0,7.0,0.0,0.0,7.0,0.0,0.0,0.0
8.2,8.0,0.0,0.0,8.0,0.0,0.0,0.0
8.3,7.0,0.0,0.0,7.0,0.0,0.0,0.0
8.5,4.0,0.0,0.0,4.0,0.0,0.0,0.0
9.0,10.0,0.0,0.0,10.0,0.0,0.0,0.0
9.2,9.0,0.0,0.0,9.0,0.0,0.0,0.0
9.3,7.0,0.0,0.0,7.0,0.0,0.0,0.0
9.5,11.0,0.0,0.0,11.0,0.0,0.0,0.0
10.0,11.0,0.0,0.0,11.0,0.0,0.0,0.0
10.2,15.0,0.0,0.0,15.0,0.0,0.0,0.0
10.3,6.0,0.0,0.0,6.0,0.0,0.0,0.0
10.5,14.0,0.0,0.0,14.0,0.0,0.0,0.0
11.0,12.0,0.0,0.0,12.0,0.0,0.0,0.0
11.2,13.0,0.0,0.0,13.0,0.0,0.0,0.0
11.3,9.0,0.0,0.0,9.0,0.0,0.0,0.0
11.5,10.0,0.0,0.0,10.0,0.0,0.0,0.0
12.0,12.0,0.0,0.0,12.0,0.0,0.0,0.0
12.2,15.0,0.0,0.0,15.0,0.0,0.0,0.0
12.3,9.0,0.0,0.0,9.0,0.0,0.0,0.0
12.5,7.0,0.0,0.0,7.0,0.0,0.0,0.0
13.0,14.0,0.0,0.0,14.0,0.0,0.0,0.0
13.2,11.0,0.0,0.0,11.0,0.0,0.0,0.0
13.3,9.0,0.0,0.0,9.0,0.0,0.0,0.0
13.5,8.0,0.0,0.0,8.0,0.0,0.0,0.0
14.0,14.0,0.0,0.0,14.0,0.0,0.0,0.0
14.2,6.0,0.0,0.0,6.0,0.0,0.0,0.0
14.3,9.0,0.0,0.0,9.0,0.0,0.0,0.0
14.5,8.0,0.0,0.0,8.0,0.0,0.0,0.0
15.0,12.0,0.0,0.0,12.0,0.0,0.0,0.0
15.2,8.0,0.0,0.0,8.0,0.0,0.0,0.0
15.3,8.0,0.0,0.0,8.0,0.0,0.0,0.0
15.5,7.0,0.0,0.0,7.0,0.0,0.0,0.0
16.0,11.0,0.0,0.0,11.0,0.0,0.0,0.0
16.2,10.0,0.0,0.0,10.0,0.0,0.0,0.0
16.3,5.0,0.0,0.0,5.0,0.0,0.0,0.0
16.5,10.0,0.0,0.0,10.0,0.0,0.0,0.0
17.0,13.0,0.0,0.0,13.0,0.0,0.0,0.0
17.2,14.0,0.0,0.0,14.0,0.0,0.0,0.0
17.3,5.0,0.0,0.0,5.0,0.0,0.0,0.0
17.5,11.0,0.0,0.0,11.0,0.0,0.0,0.0
18.0,7.0,0.0,0.0,7.0,0.0,0.0,0.0
18.2,9.0,0.0,0.0,9.0,0.0,0.0,0.0
18.3,13.0,0.0,0.0,13.0,0.0,0.0,0.0
18.5,12.0,0.0,0.0,12.0,0.0,0.0,0.0
19.0,8.0,0.0,0.0,8.0,0.0,0.0,0.0
19.2,3.0,0.0,0.0,3.0,0.0,0.0,0.0
19.3,7.0,0.0,0.0,7.0,0.0,0.0,0.0
19.5,7.0,0.0,0.0,7.0,0.0,0.0,0.0
20.0,7.0,0.0,0.0,7.0,0.0,0.0,0.0
20.2,4.0,0.0,0.0,4.0,0.0,0.0,0.0
20.3,4.0,0.0,0.0,4.0,0.0,0.0,0.0
20.5,5.0,0.0,0.0,5.0,0.0,0.0,0.0
21.0,9.0,0.0,0.0,9.0,0.0,0.0,0.0
21.2,11.0,0.0,0.0,11.0,0.0,0.0,0.0
21.3,5.0,0.0,0.0,5.0,0.0,0.0,0.0
21.5,6.0,0.0,0.0,6.0,0.0,0.0,0.0
22.0,7.0,0.0,0.0,7.0,0.0,0.0,0.0
22.2,4.0,0.0,0.0,4.0,0.0,0.0,0.0
22.3,5.0,0.0,0.0,5.0,0.0,0.0,0.0
22.5,2.0,0.0,0.0,2.0,0.0,0.0,0.0
23.0,2.0,0.0,0.0,2.0,0.0,0.0,0.0
23.2,5.0,0.0,0.0,5.0,0.0,0.0,0.0
23.3,2.0,0.0,0.0,2.0,0.0,0.0,0.0
23.5,3.0,0.0,0.0,3.0,0.0,0.0,0.0
0.0,0.0,0.0,0.0,0.0,0.0,0.0,0.0
0.2,1.0,0.0,0.0,1.0,0.0,0.0,0.0
0.3,1.0,0.0,0.0,1.0,0.0,0.0,0.0
0.5,1.0,0.0,0.0,1.0,0.0,0.0,0.0
1.0,0.0,0.0,0.0,0.0,0.0,0.0,0.0
1.2,0.0,0.0,0.0,0.0,0.0,0.0,0.0
1.3,0.0,0.0,0.0,0.0,0.0,0.0,0.0
1.5,0.0,0.0,0.0,0.0,0.0,0.0,0.0
2.0,0.0,0.0,0.0,0.0,0.0,0.0,0.0
2.2,0.0,0.0,0.0,0.0,0.0,0.0,0.0
2.3,1.0,0.0,0.0,1.0,0.0,0.0,0.0
2.5,1.0,0.0,0.0,1.0,0.0,0.0,0.0
3.0,0.0,0.0,0.0,0.0,0.0,0.0,0.0
3.2,0.0,0.0,0.0,0.0,0.0,0.0,0.0
3.3,2.0,0.0,0.0,2.0,0.0,0.0,0.0
3.5,0.0,0.0,0.0,0.0,0.0,0.0,0.0
4.0,0.0,0.0,0.0,0.0,0.0,0.0,0.0
4.2,0.0,0.0,0.0,0.0,0.0,0.0,0.0
4.3,1.0,0.0,0.0,1.0,0.0,0.0,0.0
4.5,1.0,0.0,0.0,1.0,0.0,0.0,0.0
5.0,0.0,0.0,0.0,0.0,0.0,0.0,0.0
5.2,0.0,0.0,0.0,0.0,0.0,0.0,0.0
5.3,4.0,0.0,0.0,4.0,0.0,0.0,0.0
5.5,0.0,0.0,0.0,0.0,0.0,0.0,0.0
6.0,3.0,0.0,0.0,3.0,0.0,0.0,0.0
6.2,3.0,0.0,0.0,3.0,0.0,0.0,0.0
6.3,4.0,0.0,0.0,4.0,0.0,0.0,0.0
6.5,5.0,0.0,0.0,5.0,0.0,0.0,0.0
7.0,9.0,0.0,0.0,9.0,0.0,0.0,0.0
7.2,13.0,0.0,0.0,13.0,0.0,0.0,0.0
7.3,15.0,0.0,0.0,15.0,0.0,0.0,0.0
7.5,14.0,0.0,0.0,14.0,0.0,0.0,0.0
8.0,21.0,0.0,0.0,21.0,0.0,0.0,0.0
8.2,19.0,0.0,0.0,19.0,0.0,0.0,0.0
8.3,16.0,0.0,0.0,16.0,0.0,0.0,0.0
8.5,23.0,0.0,0.0,23.0,0.0,0.0,0.0
9.0,20.0,0.0,0.0,20.0,0.0,0.0,0.0
9.2,15.0,0.0,0.0,15.0,0.0,0.0,0.0
9.3,17.0,0.0,0.0,17.0,0.0,0.0,0.0
9.5,10.0,0.0,0.0,10.0,0.0,0.0,0.0
10.0,13.0,0.0,0.0,13.0,0.0,0.0,0.0
10.2,9.0,0.0,0.0,9.0,0.0,0.0,0.0
10.3,10.0,0.0,0.0,10.0,0.0,0.0,0.0
10.5,17.0,0.0,0.0,17.0,0.0,0.0,0.0
11.0,9.0,0.0,0.0,9.0,0.0,0.0,0.0
11.2,17.0,0.0,0.0,17.0,0.0,0.0,0.0
11.3,13.0,0.0,0.0,13.0,0.0,0.0,0.0
11.5,16.0,0.0,0.0,16.0,0.0,0.0,0.0
12.0,14.0,0.0,0.0,14.0,0.0,0.0,0.0
12.2,21.0,0.0,0.0,21.0,0.0,0.0,0.0
12.3,7.0,0.0,0.0,7.0,0.0,0.0,0.0
12.5,6.0,0.0,0.0,6.0,0.0,0.0,0.0
13.0,10.0,0.0,0.0,10.0,0.0,0.0,0.0
13.2,19.0,0.0,0.0,19.0,0.0,0.0,0.0
13.3,18.0,0.0,0.0,18.0,0.0,0.0,0.0
13.5,10.0,0.0,0.0,10.0,0.0,0.0,0.0
14.0,16.0,0.0,0.0,16.0,0.0,0.0,0.0
14.2,17.0,0.0,0.0,17.0,0.0,0.0,0.0
14.3,24.0,0.0,0.0,24.0,0.0,0.0,0.0
14.5,20.0,0.0,0.0,20.0,0.0,0.0,0.0
15.0,25.0,0.0,0.0,25.0,0.0,0.0,0.0
15.2,14.0,0.0,0.0,14.0,0.0,0.0,0.0
15.3,25.0,0.0,0.0,25.0,0.0,0.0,0.0
15.5,23.0,0.0,0.0,23.0,0.0,0.0,0.0
16.0,27.0,0.0,0.0,27.0,0.0,0.0,0.0
16.2,17.0,0.0,0.0,17.0,0.0,0.0,0.0
16.3,18.0,0.0,0.0,18.0,0.0,0.0,0.0
16.5,17.0,0.0,0.0,17.0,0.0,0.0,0.0
17.0,20.0,0.0,0.0,20.0,0.0,0.0,0.0
17.2,16.0,0.0,0.0,16.0,0.0,0.0,0.0
17.3,13.0,0.0,0.0,13.0,0.0,0.0,0.0
17.5,12.0,0.0,0.0,12.0,0.0,0.0,0.0
18.0,24.0,0.0,0.0,24.0,0.0,0.0,0.0
18.2,11.0,0.0,0.0,11.0,0.0,0.0,0.0
18.3,13.0,0.0,0.0,13.0,0.0,0.0,0.0
18.5,15.0,0.0,0.0,15.0,0.0,0.0,0.0
19.0,8.0,0.0,0.0,8.0,0.0,0.0,0.0
19.2,6.0,0.0,0.0,6.0,0.0,0.0,0.0
19.3,11.0,0.0,0.0,11.0,0.0,0.0,0.0
19.5,10.0,0.0,0.0,10.0,0.0,0.0,0.0
20.0,5.0,0.0,0.0,5.0,0.0,0.0,0.0
20.2,0.0,0.0,0.0,0.0,0.0,0.0,0.0
20.3,6.0,0.0,0.0,6.0,0.0,0.0,0.0
20.5,5.0,0.0,0.0,5.0,0.0,0.0,0.0
21.0,4.0,0.0,0.0,4.0,0.0,0.0,0.0
21.2,4.0,0.0,0.0,4.0,0.0,0.0,0.0
21.3,5.0,0.0,0.0,5.0,0.0,0.0,0.0
21.5,0.0,0.0,0.0,0.0,0.0,0.0,0.0
22.0,5.0,0.0,0.0,5.0,0.0,0.0,0.0
22.2,4.0,0.0,0.0,4.0,0.0,0.0,0.0
22.3,0.0,0.0,0.0,0.0,0.0,0.0,0.0
22.5,4.0,0.0,0.0,4.0,0.0,0.0,0.0
23.0,2.0,0.0,0.0,2.0,0.0,0.0,0.0
23.2,7.0,0.0,0.0,7.0,0.0,0.0,0.0
23.3,0.0,0.0,0.0,0.0,0.0,0.0,0.0
23.5,1.0,0.0,0.0,1.0,0.0,0.0,0.0
