47.0,40.0,52.0,51.0,43.0,39.0,75.0,47.0,37.0,40.0,57.0,25.0,27.0,40.0,27.0,24.0,26.0,27.0,43.0,46.0,51.0,30.0,46.0,45.0,49.0,45.0,49.0,38.0,34.0,39.0,36.0,45.0,46.0,35.0,54.0,67.0,42.0,41.0,44.0,52.0,43.0,31.0,43.0,57.0,33.0,39.0,27.0,32.0,45.0,43.0,49.0,39.0
37.0,36.0,65.0,49.0,34.0,44.0,46.0,33.0,36.0,47.0,56.0,37.0,47.0,25.0,27.0,26.0,27.0,29.0,40.0,46.0,53.0,39.0,35.0,42.0,44.0,40.0,51.0,47.0,48.0,54.0,45.0,47.0,41.0,30.0,48.0,57.0,36.0,58.0,41.0,51.0,60.0,34.0,63.0,43.0,41.0,31.0,26.0,40.0,39.0,44.0,55.0,39.0
33.0,31.0,48.0,45.0,34.0,36.0,61.0,31.0,42.0,35.0,43.0,41.0,40.0,33.0,43.0,21.0,29.0,39.0,39.0,50.0,55.0,31.0,45.0,35.0,41.0,38.0,49.0,57.0,44.0,48.0,43.0,38.0,44.0,39.0,59.0,49.0,39.0,43.0,51.0,43.0,50.0,29.0,46.0,44.0,32.0,47.0,29.0,41.0,42.0,31.0,48.0,38.0
52.0,31.0,35.0,37.0,33.0,35.0,63.0,36.0,36.0,37.0,51.0,43.0,30.0,39.0,39.0,30.0,32.0,36.0,46.0,44.0,49.0,32.0,30.0,41.0,41.0,52.0,53.0,37.0,47.0,59.0,47.0,37.0,44.0,51.0,46.0,48.0,40.0,43.0,53.0,52.0,47.0,38.0,54.0,50.0,31.0,40.0,29.0,38.0,42.0,50.0,40.0,29.0
40.0,47.0,43.0,54.0,29.0,46.0,62.0,33.0,40.0,39.0,49.0,32.0,27.0,40.0,43.0,30.0,32.0,31.0,35.0,36.0,57.0,32.0,33.0,36.0,37.0,29.0,47.0,31.0,42.0,48.0,44.0,41.0,43.0,31.0,47.0,44.0,37.0,30.0,48.0,58.0,45.0,29.0,41.0,38.0,28.0,31.0,26.0,43.0,37.0,33.0,35.0,33.0
46.0,43.0,56.0,45.0,41.0,40.0,66.0,27.0,43.0,36.0,39.0,35.0,38.0,24.0,36.0,33.0,26.0,38.0,30.0,35.0,53.0,32.0,33.0,31.0,40.0,38.0,39.0,29.0,51.0,43.0,43.0,36.0,40.0,42.0,53.0,59.0,33.0,52.0,58.0,55.0,61.0,29.0,46.0,32.0,47.0,37.0,19.0,43.0,38.0,31.0,45.0,48.0
45.0,27.0,62.0,36.0,32.0,36.0,40.0,50.0,30.0,32.0,42.0,27.0,37.0,41.0,41.0,32.0,26.0,33.0,34.0,28.0,56.0,28.0,42.0,31.0,38.0,46.0,40.0,39.0,49.0,45.0,39.0,50.0,33.0,39.0,37.0,51.0,31.0,38.0,41.0,54.0,45.0,29.0,47.0,32.0,24.0,38.0,36.0,49.0,30.0,34.0,43.0,44.0
48.0,35.0,37.0,40.0,33.0,28.0,61.0,29.0,32.0,33.0,38.0,18.0,34.0,38.0,43.0,37.0,26.0,31.0,29.0,27.0,38.0,45.0,46.0,49.0,39.0,39.0,38.0,38.0,46.0,41.0,42.0,40.0,47.0,42.0,41.0,43.0,38.0,37.0,44.0,47.0,39.0,38.0,43.0,40.0,48.0,29.0,24.0,44.0,45.0,30.0,49.0,36.0
33.0,40.0,52.0,36.0,48.0,32.0,55.0,43.0,28.0,32.0,44.0,27.0,29.0,24.0,31.0,22.0,37.0,34.0,27.0,36.0,37.0,27.0,31.0,31.0,40.0,42.0,30.0,40.0,47.0,48.0,36.0,44.0,38.0,40.0,52.0,52.0,31.0,41.0,35.0,38.0,41.0,27.0,40.0,58.0,34.0,36.0,19.0,47.0,34.0,52.0,43.0,36.0
34.0,29.0,34.0,30.0,33.0,32.0,42.0,27.0,31.0,40.0,38.0,41.0,36.0,23.0,39.0,24.0,30.0,45.0,32.0,31.0,39.0,43.0,36.0,35.0,30.0,30.0,40.0,30.0,41.0,41.0,38.0,30.0,43.0,35.0,41.0,48.0,29.0,49.0,38.0,45.0,33.0,34.0,47.0,28.0,29.0,31.0,23.0,32.0,51.0,36.0,54.0,40.0
31.0,29.0,48.0,42.0,42.0,37.0,58.0,37.0,32.0,35.0,45.0,38.0,38.0,38.0,20.0,40.0,41.0,25.0,27.0,27.0,49.0,31.0,39.0,47.0,47.0,34.0,31.0,25.0,49.0,57.0,-1.0,36.0,37.0,51.0,42.0,62.0,26.0,37.0,31.0,51.0,47.0,35.0,45.0,50.0,28.0,34.0,26.0,44.0,34.0,38.0,41.0,34.0
34.0,33.0,39.0,24.0,34.0,40.0,36.0,30.0,38.0,30.0,30.0,22.0,42.0,37.0,42.0,27.0,36.0,24.0,43.0,35.0,36.0,49.0,38.0,36.0,40.0,34.0,39.0,33.0,44.0,49.0,34.0,38.0,34.0,29.0,43.0,43.0,32.0,28.0,43.0,40.0,40.0,28.0,44.0,41.0,24.0,28.0,22.0,50.0,34.0,38.0,52.0,43.0
47.0,31.0,37.0,37.0,23.0,34.0,47.0,28.0,37.0,42.0,42.0,25.0,36.0,24.0,25.0,37.0,33.0,42.0,43.0,27.0,46.0,27.0,30.0,38.0,38.0,50.0,35.0,33.0,37.0,44.0,49.0,36.0,40.0,31.0,52.0,50.0,36.0,41.0,48.0,44.0,50.0,32.0,46.0,40.0,32.0,37.0,22.0,38.0,42.0,44.0,50.0,48.0
26.0,33.0,41.0,36.0,34.0,37.0,48.0,30.0,42.0,29.0,29.0,38.0,20.0,36.0,41.0,20.0,29.0,30.0,31.0,38.0,35.0,43.0,29.0,38.0,31.0,39.0,36.0,30.0,42.0,40.0,38.0,32.0,31.0,29.0,46.0,66.0,27.0,53.0,51.0,54.0,31.0,32.0,34.0,48.0,27.0,38.0,23.0,37.0,44.0,47.0,41.0,46.0
27.0,24.0,36.0,36.0,29.0,28.0,38.0,36.0,30.0,37.0,27.0,22.0,22.0,32.0,24.0,33.0,41.0,33.0,24.0,30.0,45.0,33.0,35.0,31.0,35.0,34.0,42.0,33.0,45.0,44.0,41.0,29.0,39.0,31.0,40.0,45.0,36.0,39.0,36.0,45.0,50.0,31.0,58.0,37.0,28.0,35.0,24.0,36.0,46.0,47.0,43.0,33.0
40.0,33.0,47.0,32.0,33.0,27.0,36.0,40.0,31.0,31.0,33.0,31.0,39.0,39.0,26.0,24.0,29.0,35.0,32.0,32.0,34.0,27.0,27.0,24.0,30.0,31.0,43.0,34.0,47.0,38.0,38.0,33.0,36.0,34.0,45.0,47.0,41.0,37.0,49.0,49.0,41.0,40.0,32.0,50.0,34.0,29.0,30.0,35.0,31.0,31.0,34.0,51.0
31.0,26.0,34.0,38.0,41.0,33.0,38.0,30.0,24.0,29.0,33.0,40.0,28.0,21.0,22.0,27.0,27.0,40.0,30.0,29.0,37.0,26.0,25.0,32.0,48.0,32.0,30.0,26.0,44.0,38.0,31.0,51.0,30.0,30.0,44.0,47.0,28.0,34.0,35.0,45.0,38.0,32.0,36.0,36.0,39.0,36.0,22.0,44.0,39.0,45.0,39.0,43.0
41.0,27.0,30.0,44.0,33.0,27.0,45.0,30.0,27.0,22.0,39.0,34.0,25.0,33.0,18.0,22.0,26.0,38.0,41.0,37.0,28.0,28.0,29.0,30.0,30.0,46.0,26.0,31.0,51.0,32.0,26.0,36.0,32.0,36.0,48.0,37.0,32.0,37.0,36.0,49.0,37.0,29.0,42.0,40.0,31.0,26.0,25.0,48.0,37.0,40.0,43.0,44.0
30.0,29.0,37.0,34.0,46.0,26.0,27.0,24.0,28.0,26.0,30.0,28.0,27.0,21.0,27.0,40.0,44.0,29.0,26.0,29.0,28.0,23.0,30.0,29.0,27.0,34.0,37.0,29.0,30.0,45.0,45.0,44.0,31.0,29.0,39.0,51.0,44.0,43.0,38.0,41.0,49.0,32.0,44.0,37.0,38.0,40.0,27.0,47.0,48.0,28.0,46.0,41.0
42.0,34.0,34.0,43.0,32.0,38.0,50.0,32.0,31.0,31.0,42.0,31.0,26.0,28.0,26.0,25.0,29.0,25.0,37.0,30.0,45.0,30.0,33.0,33.0,33.0,33.0,49.0,28.0,51.0,39.0,33.0,35.0,32.0,32.0,38.0,41.0,28.0,37.0,36.0,50.0,39.0,26.0,43.0,28.0,46.0,35.0,27.0,39.0,45.0,34.0,30.0,43.0
34.0,32.0,46.0,31.0,26.0,37.0,44.0,38.0,29.0,32.0,27.0,29.0,26.0,25.0,32.0,31.0,27.0,25.0,30.0,46.0,31.0,20.0,25.0,39.0,34.0,34.0,42.0,25.0,30.0,36.0,33.0,26.0,37.0,24.0,32.0,47.0,44.0,38.0,40.0,42.0,42.0,43.0,45.0,39.0,45.0,28.0,28.0,45.0,30.0,32.0,31.0,32.0
42.0,24.0,36.0,35.0,44.0,29.0,38.0,32.0,31.0,31.0,35.0,27.0,26.0,24.0,22.0,31.0,27.0,29.0,33.0,26.0,31.0,42.0,41.0,43.0,34.0,48.0,30.0,34.0,29.0,35.0,24.0,34.0,35.0,31.0,37.0,30.0,30.0,34.0,38.0,45.0,32.0,27.0,37.0,44.0,39.0,46.0,36.0,33.0,40.0,48.0,39.0,31.0
32.0,28.0,49.0,39.0,39.0,26.0,36.0,27.0,32.0,33.0,32.0,40.0,28.0,22.0,36.0,39.0,25.0,24.0,32.0,29.0,30.0,25.0,27.0,28.0,33.0,30.0,30.0,42.0,33.0,45.0,32.0,37.0,38.0,29.0,43.0,53.0,40.0,35.0,41.0,45.0,39.0,36.0,41.0,37.0,26.0,33.0,35.0,39.0,48.0,43.0,47.0,45.0
33.0,28.0,23.0,44.0,29.0,29.0,39.0,32.0,37.0,35.0,28.0,33.0,34.0,23.0,32.0,27.0,28.0,26.0,25.0,27.0,26.0,28.0,34.0,48.0,40.0,29.0,32.0,26.0,53.0,42.0,32.0,41.0,27.0,35.0,36.0,50.0,31.0,44.0,38.0,44.0,34.0,27.0,39.0,45.0,32.0,42.0,24.0,33.0,30.0,39.0,33.0,53.0
32.0,33.0,41.0,41.0,33.0,27.0,40.0,33.0,28.0,40.0,32.0,20.0,20.0,26.0,23.0,33.0,40.0,31.0,23.0,31.0,41.0,27.0,37.0,34.0,27.0,27.0,34.0,43.0,35.0,37.0,27.0,30.0,30.0,30.0,42.0,44.0,34.0,-1.0,43.0,44.0,37.0,28.0,34.0,37.0,24.0,29.0,28.0,34.0,37.0,37.0,40.0,36.0
32.0,32.0,48.0,38.0,34.0,31.0,36.0,37.0,36.0,38.0,33.0,29.0,23.0,22.0,31.0,28.0,38.0,24.0,35.0,28.0,32.0,23.0,34.0,38.0,30.0,34.0,35.0,34.0,45.0,45.0,36.0,31.0,26.0,23.0,41.0,46.0,32.0,34.0,42.0,44.0,39.0,33.0,36.0,39.0,30.0,35.0,21.0,28.0,34.0,36.0,35.0,34.0
40.0,39.0,46.0,49.0,41.0,22.0,35.0,39.0,37.0,42.0,26.0,29.0,22.0,28.0,28.0,30.0,22.0,29.0,25.0,31.0,26.0,24.0,26.0,31.0,33.0,33.0,32.0,37.0,33.0,31.0,26.0,44.0,39.0,30.0,45.0,53.0,36.0,45.0,58.0,55.0,41.0,36.0,38.0,38.0,36.0,22.0,23.0,35.0,47.0,37.0,35.0,47.0
48.0,38.0,54.0,52.0,39.0,36.0,48.0,33.0,43.0,33.0,38.0,25.0,42.0,33.0,26.0,37.0,38.0,29.0,25.0,28.0,36.0,34.0,32.0,36.0,33.0,37.0,31.0,34.0,52.0,45.0,33.0,33.0,42.0,33.0,43.0,44.0,34.0,50.0,40.0,55.0,48.0,32.0,34.0,43.0,32.0,38.0,35.0,41.0,42.0,38.0,48.0,45.0
48.0,36.0,35.0,37.0,31.0,32.0,41.0,47.0,31.0,28.0,37.0,26.0,27.0,23.0,36.0,35.0,39.0,38.0,28.0,32.0,39.0,28.0,34.0,35.0,31.0,35.0,39.0,35.0,41.0,45.0,46.0,32.0,32.0,31.0,31.0,52.0,32.0,42.0,51.0,52.0,60.0,41.0,35.0,37.0,37.0,40.0,24.0,45.0,44.0,39.0,47.0,49.0
58.0,38.0,50.0,65.0,44.0,47.0,52.0,42.0,42.0,43.0,42.0,28.0,29.0,36.0,32.0,38.0,29.0,28.0,33.0,28.0,42.0,33.0,39.0,48.0,42.0,36.0,36.0,35.0,44.0,49.0,39.0,33.0,43.0,34.0,44.0,42.0,43.0,54.0,46.0,53.0,45.0,35.0,53.0,44.0,39.0,35.0,31.0,50.0,37.0,39.0,43.0,49.0
58.0,43.0,50.0,62.0,45.0,40.0,40.0,47.0,39.0,44.0,50.0,28.0,35.0,27.0,28.0,35.0,29.0,32.0,30.0,48.0,37.0,33.0,37.0,45.0,35.0,39.0,38.0,45.0,43.0,42.0,44.0,41.0,43.0,40.0,40.0,57.0,45.0,54.0,50.0,66.0,57.0,45.0,46.0,46.0,42.0,47.0,32.0,54.0,39.0,53.0,56.0,40.0
49.0,50.0,48.0,40.0,47.0,48.0,53.0,33.0,41.0,34.0,42.0,24.0,40.0,36.0,28.0,32.0,34.0,35.0,36.0,37.0,39.0,32.0,44.0,36.0,49.0,38.0,37.0,30.0,37.0,37.0,54.0,37.0,41.0,34.0,47.0,62.0,35.0,36.0,41.0,56.0,37.0,40.0,49.0,40.0,36.0,38.0,28.0,50.0,57.0,46.0,40.0,45.0
55.0,57.0,41.0,48.0,49.0,49.0,56.0,46.0,43.0,51.0,28.0,35.0,36.0,31.0,32.0,32.0,29.0,29.0,40.0,38.0,37.0,31.0,37.0,46.0,36.0,36.0,34.0,30.0,40.0,42.0,47.0,42.0,41.0,46.0,46.0,51.0,38.0,40.0,47.0,58.0,48.0,35.0,46.0,61.0,62.0,39.0,26.0,37.0,32.0,60.0,31.0,56.0
44.0,42.0,33.0,53.0,52.0,48.0,43.0,44.0,43.0,36.0,41.0,23.0,29.0,32.0,42.0,29.0,28.0,31.0,29.0,41.0,32.0,31.0,34.0,31.0,30.0,40.0,41.0,37.0,42.0,43.0,45.0,38.0,40.0,34.0,38.0,58.0,39.0,34.0,53.0,45.0,56.0,43.0,64.0,35.0,38.0,50.0,31.0,38.0,39.0,40.0,45.0,39.0
43.0,56.0,54.0,68.0,52.0,50.0,64.0,39.0,50.0,41.0,41.0,25.0,34.0,30.0,25.0,25.0,31.0,37.0,39.0,31.0,37.0,34.0,35.0,42.0,34.0,39.0,42.0,38.0,37.0,35.0,27.0,42.0,40.0,39.0,41.0,35.0,44.0,38.0,47.0,53.0,53.0,47.0,38.0,47.0,43.0,44.0,26.0,48.0,49.0,52.0,45.0,53.0
49.0,53.0,46.0,61.0,50.0,44.0,44.0,53.0,59.0,53.0,38.0,38.0,35.0,42.0,36.0,36.0,37.0,33.0,29.0,35.0,38.0,32.0,35.0,34.0,50.0,40.0,47.0,41.0,50.0,41.0,39.0,40.0,35.0,48.0,50.0,59.0,39.0,45.0,55.0,40.0,48.0,35.0,59.0,57.0,48.0,37.0,32.0,39.0,40.0,48.0,46.0,40.0
55.0,51.0,58.0,51.0,50.0,46.0,52.0,39.0,44.0,46.0,37.0,35.0,30.0,44.0,30.0,36.0,32.0,33.0,44.0,36.0,36.0,35.0,36.0,40.0,38.0,42.0,36.0,36.0,57.0,55.0,33.0,32.0,34.0,36.0,52.0,58.0,41.0,46.0,59.0,51.0,64.0,58.0,35.0,40.0,44.0,39.0,35.0,45.0,49.0,49.0,53.0,59.0
69.0,54.0,52.0,64.0,48.0,55.0,63.0,69.0,52.0,53.0,34.0,41.0,35.0,34.0,32.0,38.0,41.0,46.0,50.0,44.0,42.0,39.0,44.0,45.0,47.0,57.0,39.0,42.0,51.0,44.0,49.0,44.0,40.0,47.0,39.0,52.0,51.0,56.0,51.0,43.0,54.0,0.0,43.0,43.0,43.0,41.0,29.0,49.0,52.0,52.0,43.0,54.0
69.0,61.0,64.0,67.0,58.0,62.0,68.0,44.0,57.0,54.0,49.0,32.0,24.0,33.0,39.0,44.0,36.0,36.0,34.0,45.0,38.0,45.0,55.0,42.0,44.0,56.0,49.0,55.0,52.0,48.0,55.0,56.0,54.0,52.0,62.0,40.0,47.0,74.0,56.0,33.0,52.0,52.0,63.0,52.0,51.0,54.0,31.0,51.0,53.0,33.0,56.0,70.0
67.0,49.0,66.0,51.0,65.0,59.0,50.0,61.0,57.0,66.0,48.0,37.0,44.0,41.0,32.0,53.0,33.0,39.0,46.0,47.0,45.0,46.0,43.0,46.0,50.0,55.0,62.0,59.0,55.0,48.0,52.0,50.0,62.0,50.0,48.0,55.0,52.0,51.0,57.0,26.0,40.0,52.0,48.0,40.0,43.0,40.0,24.0,53.0,53.0,51.0,44.0,39.0
80.0,72.0,76.0,76.0,55.0,67.0,72.0,60.0,81.0,76.0,58.0,46.0,39.0,45.0,42.0,39.0,50.0,44.0,54.0,55.0,62.0,53.0,45.0,53.0,47.0,66.0,58.0,59.0,52.0,52.0,42.0,56.0,54.0,58.0,57.0,66.0,65.0,57.0,53.0,21.0,60.0,57.0,57.0,36.0,54.0,59.0,36.0,69.0,49.0,55.0,49.0,46.0
94.0,68.0,83.0,83.0,76.0,82.0,71.0,87.0,77.0,55.0,45.0,40.0,44.0,47.0,49.0,44.0,52.0,48.0,58.0,59.0,68.0,68.0,57.0,55.0,71.0,57.0,60.0,58.0,55.0,57.0,64.0,60.0,58.0,65.0,68.0,72.0,53.0,48.0,77.0,37.0,66.0,68.0,78.0,37.0,72.0,64.0,43.0,49.0,60.0,52.0,57.0,70.0
85.0,79.0,90.0,85.0,85.0,73.0,94.0,89.0,102.0,92.0,71.0,56.0,57.0,47.0,56.0,58.0,49.0,52.0,64.0,78.0,77.0,67.0,71.0,72.0,65.0,56.0,69.0,77.0,75.0,66.0,63.0,77.0,72.0,63.0,60.0,75.0,66.0,81.0,72.0,26.0,75.0,64.0,62.0,64.0,60.0,61.0,41.0,57.0,61.0,69.0,88.0,55.0
86.0,76.0,97.0,88.0,94.0,68.0,89.0,87.0,79.0,105.0,59.0,57.0,60.0,58.0,50.0,53.0,53.0,61.0,67.0,73.0,82.0,61.0,78.0,42.0,64.0,84.0,67.0,80.0,67.0,62.0,75.0,75.0,82.0,89.0,59.0,74.0,74.0,57.0,64.0,21.0,60.0,75.0,69.0,50.0,72.0,71.0,39.0,72.0,55.0,52.0,0.0,64.0
86.0,88.0,95.0,88.0,88.0,97.0,102.0,91.0,115.0,88.0,47.0,62.0,70.0,56.0,48.0,64.0,54.0,61.0,62.0,66.0,65.0,75.0,71.0,32.0,75.0,56.0,88.0,85.0,69.0,58.0,75.0,78.0,79.0,82.0,73.0,66.0,84.0,61.0,76.0,26.0,60.0,86.0,66.0,32.0,78.0,76.0,42.0,66.0,72.0,62.0,58.0,52.0
102.0,94.0,115.0,102.0,87.0,95.0,111.0,103.0,92.0,88.0,79.0,53.0,48.0,52.0,58.0,47.0,50.0,66.0,72.0,75.0,73.0,66.0,70.0,37.0,74.0,75.0,83.0,80.0,71.0,61.0,82.0,86.0,83.0,106.0,79.0,86.0,85.0,66.0,59.0,26.0,67.0,87.0,89.0,45.0,85.0,79.0,46.0,81.0,65.0,59.0,53.0,52.0
112.0,116.0,119.0,96.0,120.0,98.0,141.0,96.0,104.0,111.0,68.0,67.0,51.0,61.0,45.0,51.0,59.0,63.0,79.0,74.0,100.0,69.0,75.0,42.0,75.0,91.0,97.0,75.0,67.0,76.0,98.0,86.0,100.0,91.0,78.0,102.0,111.0,76.0,94.0,66.0,66.0,84.0,69.0,68.0,99.0,91.0,43.0,51.0,60.0,78.0,61.0,65.0
124.0,117.0,122.0,118.0,139.0,140.0,131.0,93.0,123.0,112.0,84.0,52.0,63.0,49.0,58.0,62.0,65.0,60.0,73.0,76.0,82.0,92.0,99.0,80.0,108.0,90.0,113.0,99.0,72.0,70.0,84.0,89.0,104.0,112.0,90.0,93.0,101.0,86.0,77.0,119.0,80.0,104.0,69.0,57.0,83.0,93.0,39.0,80.0,89.0,73.0,92.0,69.0
133.0,121.0,117.0,113.0,138.0,147.0,155.0,99.0,127.0,143.0,68.0,68.0,56.0,57.0,51.0,69.0,74.0,92.0,97.0,104.0,121.0,94.0,94.0,96.0,110.0,119.0,102.0,107.0,87.0,93.0,103.0,128.0,117.0,110.0,99.0,86.0,118.0,89.0,105.0,126.0,74.0,116.0,101.0,83.0,100.0,103.0,35.0,69.0,76.0,76.0,81.0,72.0
134.0,126.0,159.0,171.0,159.0,146.0,151.0,114.0,142.0,125.0,74.0,71.0,59.0,51.0,66.0,71.0,64.0,78.0,105.0,91.0,95.0,86.0,128.0,97.0,108.0,125.0,112.0,111.0,110.0,97.0,132.0,132.0,120.0,104.0,99.0,90.0,90.0,94.0,93.0,66.0,85.0,135.0,86.0,112.0,115.0,118.0,64.0,95.0,84.0,94.0,107.0,62.0
163.0,210.0,200.0,166.0,199.0,175.0,188.0,146.0,183.0,134.0,97.0,65.0,70.0,59.0,66.0,72.0,59.0,73.0,93.0,104.0,124.0,109.0,118.0,141.0,109.0,127.0,144.0,139.0,107.0,109.0,155.0,128.0,126.0,150.0,96.0,114.0,81.0,110.0,112.0,64.0,116.0,140.0,86.0,110.0,115.0,122.0,60.0,93.0,95.0,93.0,76.0,87.0
208.0,175.0,207.0,196.0,181.0,194.0,217.0,199.0,211.0,198.0,104.0,82.0,73.0,75.0,87.0,96.0,80.0,114.0,130.0,118.0,147.0,124.0,152.0,137.0,135.0,167.0,163.0,149.0,117.0,135.0,149.0,127.0,163.0,169.0,114.0,146.0,157.0,106.0,129.0,79.0,112.0,165.0,100.0,107.0,148.0,159.0,73.0,124.0,132.0,115.0,95.0,104.0
226.0,193.0,227.0,211.0,227.0,187.0,234.0,284.0,179.0,213.0,128.0,107.0,102.0,106.0,94.0,91.0,104.0,107.0,132.0,146.0,164.0,178.0,174.0,170.0,186.0,178.0,184.0,172.0,145.0,137.0,180.0,217.0,143.0,196.0,127.0,141.0,221.0,124.0,114.0,70.0,128.0,191.0,165.0,129.0,204.0,170.0,82.0,114.0,117.0,133.0,119.0,110.0
259.0,277.0,253.0,251.0,254.0,273.0,263.0,232.0,289.0,242.0,140.0,142.0,119.0,121.0,110.0,106.0,128.0,148.0,178.0,197.0,184.0,165.0,184.0,207.0,190.0,173.0,206.0,189.0,145.0,140.0,199.0,207.0,171.0,216.0,160.0,158.0,223.0,144.0,137.0,66.0,139.0,218.0,177.0,147.0,208.0,192.0,81.0,124.0,141.0,127.0,132.0,122.0
271.0,261.0,282.0,252.0,247.0,313.0,313.0,294.0,338.0,282.0,150.0,126.0,114.0,113.0,124.0,127.0,120.0,164.0,152.0,199.0,234.0,217.0,219.0,207.0,245.0,233.0,229.0,228.0,145.0,164.0,243.0,244.0,216.0,242.0,179.0,177.0,234.0,148.0,161.0,60.0,146.0,216.0,173.0,166.0,222.0,231.0,88.0,167.0,156.0,156.0,144.0,144.0
289.0,328.0,329.0,323.0,317.0,355.0,298.0,262.0,342.0,320.0,172.0,123.0,136.0,120.0,107.0,118.0,150.0,163.0,203.0,226.0,238.0,229.0,210.0,258.0,201.0,233.0,231.0,241.0,173.0,157.0,244.0,244.0,259.0,256.0,167.0,165.0,245.0,153.0,173.0,77.0,188.0,262.0,173.0,205.0,241.0,249.0,92.0,184.0,153.0,167.0,150.0,131.0
347.0,302.0,331.0,329.0,349.0,321.0,364.0,301.0,304.0,345.0,160.0,156.0,150.0,127.0,150.0,134.0,137.0,187.0,245.0,230.0,273.0,255.0,255.0,250.0,240.0,258.0,255.0,301.0,164.0,179.0,258.0,275.0,245.0,291.0,198.0,221.0,295.0,201.0,206.0,130.0,167.0,262.0,182.0,168.0,249.0,280.0,104.0,182.0,177.0,178.0,153.0,145.0
348.0,376.0,363.0,367.0,361.0,355.0,367.0,328.0,352.0,371.0,180.0,152.0,152.0,133.0,141.0,170.0,167.0,219.0,207.0,274.0,250.0,234.0,285.0,293.0,259.0,288.0,302.0,305.0,189.0,194.0,279.0,263.0,322.0,266.0,208.0,246.0,271.0,216.0,211.0,99.0,170.0,277.0,199.0,192.0,239.0,276.0,108.0,181.0,187.0,204.0,187.0,173.0
334.0,366.0,414.0,385.0,341.0,333.0,388.0,343.0,376.0,359.0,188.0,182.0,155.0,154.0,139.0,158.0,174.0,204.0,252.0,258.0,308.0,287.0,300.0,279.0,298.0,248.0,268.0,287.0,241.0,211.0,273.0,245.0,299.0,343.0,214.0,232.0,314.0,213.0,221.0,125.0,195.0,299.0,196.0,221.0,312.0,231.0,150.0,199.0,207.0,173.0,174.0,151.0
331.0,376.0,374.0,301.0,352.0,365.0,405.0,432.0,438.0,385.0,175.0,165.0,216.0,167.0,153.0,154.0,158.0,217.0,263.0,285.0,272.0,328.0,299.0,310.0,316.0,304.0,269.0,309.0,209.0,200.0,306.0,252.0,343.0,328.0,230.0,338.0,307.0,245.0,246.0,217.0,257.0,341.0,235.0,254.0,288.0,325.0,139.0,233.0,230.0,237.0,207.0,165.0
387.0,358.0,412.0,414.0,388.0,416.0,427.0,380.0,381.0,406.0,223.0,195.0,186.0,147.0,166.0,179.0,177.0,226.0,254.0,321.0,290.0,300.0,282.0,311.0,280.0,277.0,224.0,332.0,240.0,229.0,344.0,314.0,339.0,299.0,256.0,291.0,327.0,271.0,266.0,348.0,239.0,311.0,237.0,254.0,318.0,283.0,154.0,247.0,223.0,250.0,209.0,185.0
431.0,358.0,359.0,398.0,399.0,363.0,392.0,362.0,373.0,411.0,205.0,185.0,197.0,158.0,187.0,196.0,215.0,282.0,317.0,317.0,362.0,324.0,395.0,347.0,342.0,323.0,353.0,355.0,283.0,314.0,352.0,370.0,349.0,381.0,290.0,329.0,378.0,249.0,297.0,306.0,267.0,359.0,276.0,232.0,347.0,312.0,142.0,277.0,264.0,261.0,216.0,228.0
378.0,367.0,324.0,327.0,403.0,400.0,403.0,336.0,403.0,360.0,172.0,199.0,204.0,198.0,168.0,174.0,171.0,274.0,304.0,325.0,395.0,396.0,355.0,386.0,376.0,345.0,385.0,392.0,301.0,197.0,364.0,378.0,364.0,368.0,301.0,288.0,396.0,300.0,338.0,325.0,283.0,370.0,329.0,365.0,331.0,389.0,164.0,300.0,263.0,254.0,251.0,228.0
372.0,346.0,349.0,381.0,359.0,354.0,334.0,331.0,399.0,398.0,217.0,244.0,235.0,177.0,206.0,221.0,251.0,316.0,317.0,347.0,360.0,383.0,374.0,393.0,354.0,371.0,356.0,408.0,346.0,374.0,383.0,370.0,332.0,392.0,355.0,302.0,375.0,314.0,351.0,341.0,360.0,374.0,350.0,334.0,400.0,355.0,194.0,309.0,296.0,298.0,251.0,230.0
377.0,368.0,383.0,304.0,383.0,363.0,318.0,288.0,321.0,389.0,241.0,210.0,231.0,211.0,196.0,248.0,270.0,277.0,354.0,390.0,367.0,420.0,400.0,407.0,367.0,378.0,390.0,378.0,326.0,360.0,390.0,401.0,406.0,414.0,341.0,345.0,414.0,336.0,338.0,380.0,351.0,337.0,360.0,341.0,421.0,370.0,193.0,347.0,339.0,285.0,285.0,225.0
350.0,358.0,330.0,316.0,360.0,344.0,300.0,311.0,344.0,325.0,230.0,285.0,235.0,227.0,205.0,241.0,226.0,308.0,376.0,362.0,381.0,401.0,401.0,407.0,354.0,394.0,358.0,338.0,322.0,325.0,360.0,400.0,398.0,401.0,342.0,357.0,377.0,357.0,358.0,378.0,329.0,382.0,367.0,336.0,406.0,385.0,207.0,348.0,385.0,334.0,319.0,261.0
344.0,314.0,356.0,320.0,347.0,256.0,309.0,311.0,314.0,312.0,193.0,259.0,221.0,198.0,221.0,238.0,265.0,318.0,353.0,363.0,397.0,356.0,380.0,396.0,395.0,358.0,380.0,387.0,333.0,384.0,359.0,420.0,388.0,370.0,355.0,341.0,336.0,361.0,336.0,336.0,311.0,359.0,365.0,391.0,399.0,409.0,206.0,302.0,365.0,348.0,280.0,283.0
307.0,287.0,322.0,315.0,318.0,315.0,283.0,298.0,318.0,301.0,202.0,246.0,242.0,224.0,239.0,237.0,265.0,326.0,343.0,361.0,409.0,371.0,348.0,332.0,372.0,339.0,407.0,373.0,295.0,375.0,390.0,402.0,379.0,403.0,328.0,364.0,361.0,326.0,336.0,370.0,336.0,373.0,359.0,357.0,367.0,375.0,225.0,365.0,358.0,348.0,340.0,247.0
287.0,327.0,315.0,311.0,305.0,278.0,284.0,278.0,266.0,297.0,269.0,234.0,269.0,217.0,216.0,222.0,253.0,320.0,366.0,376.0,357.0,384.0,335.0,340.0,364.0,363.0,378.0,237.0,301.0,322.0,395.0,367.0,364.0,399.0,333.0,360.0,366.0,325.0,347.0,348.0,353.0,305.0,320.0,356.0,382.0,341.0,222.0,339.0,360.0,350.0,344.0,259.0
309.0,337.0,333.0,296.0,301.0,241.0,279.0,267.0,279.0,312.0,233.0,241.0,281.0,252.0,187.0,244.0,250.0,329.0,323.0,370.0,335.0,423.0,392.0,373.0,405.0,343.0,385.0,348.0,278.0,328.0,386.0,343.0,342.0,335.0,374.0,314.0,386.0,347.0,327.0,332.0,331.0,361.0,373.0,310.0,362.0,374.0,187.0,356.0,391.0,334.0,341.0,230.0
299.0,307.0,287.0,303.0,335.0,219.0,281.0,259.0,248.0,260.0,214.0,234.0,254.0,217.0,239.0,230.0,236.0,292.0,362.0,347.0,387.0,331.0,365.0,413.0,336.0,357.0,374.0,382.0,304.0,307.0,369.0,326.0,364.0,354.0,336.0,341.0,385.0,266.0,352.0,345.0,348.0,327.0,359.0,323.0,373.0,368.0,197.0,286.0,333.0,259.0,355.0,228.0
299.0,283.0,271.0,257.0,291.0,244.0,243.0,250.0,244.0,260.0,205.0,210.0,239.0,207.0,215.0,201.0,166.0,328.0,260.0,379.0,398.0,385.0,338.0,368.0,350.0,392.0,339.0,401.0,258.0,300.0,389.0,335.0,357.0,366.0,356.0,356.0,358.0,308.0,320.0,338.0,368.0,393.0,315.0,329.0,395.0,398.0,185.0,336.0,331.0,281.0,313.0,228.0
294.0,294.0,295.0,271.0,287.0,280.0,235.0,254.0,229.0,257.0,213.0,286.0,248.0,220.0,201.0,243.0,248.0,300.0,339.0,339.0,348.0,370.0,402.0,344.0,321.0,329.0,335.0,401.0,234.0,290.0,347.0,340.0,364.0,334.0,361.0,372.0,381.0,353.0,280.0,307.0,336.0,391.0,347.0,316.0,351.0,370.0,193.0,345.0,310.0,351.0,341.0,268.0
298.0,286.0,296.0,284.0,311.0,279.0,224.0,186.0,268.0,270.0,244.0,239.0,240.0,215.0,251.0,220.0,268.0,315.0,346.0,405.0,378.0,402.0,407.0,389.0,404.0,197.0,399.0,350.0,249.0,306.0,364.0,364.0,378.0,359.0,355.0,348.0,356.0,341.0,320.0,353.0,332.0,316.0,353.0,302.0,323.0,316.0,199.0,348.0,327.0,330.0,302.0,223.0
256.0,276.0,246.0,266.0,285.0,287.0,227.0,242.0,234.0,257.0,245.0,254.0,278.0,199.0,205.0,221.0,252.0,309.0,355.0,332.0,369.0,425.0,383.0,367.0,401.0,191.0,395.0,315.0,303.0,307.0,362.0,381.0,350.0,378.0,344.0,314.0,374.0,311.0,318.0,321.0,365.0,255.0,310.0,335.0,373.0,365.0,194.0,303.0,327.0,290.0,295.0,251.0
293.0,298.0,238.0,260.0,282.0,276.0,241.0,222.0,245.0,238.0,206.0,226.0,253.0,215.0,226.0,271.0,259.0,332.0,359.0,385.0,362.0,402.0,320.0,385.0,427.0,320.0,355.0,352.0,207.0,310.0,406.0,398.0,380.0,422.0,344.0,336.0,371.0,340.0,292.0,297.0,322.0,282.0,322.0,345.0,333.0,372.0,155.0,334.0,334.0,315.0,285.0,255.0
273.0,269.0,259.0,273.0,290.0,301.0,247.0,238.0,235.0,251.0,202.0,249.0,286.0,218.0,216.0,251.0,221.0,338.0,352.0,399.0,402.0,399.0,349.0,345.0,374.0,373.0,375.0,364.0,294.0,352.0,375.0,370.0,362.0,384.0,331.0,288.0,356.0,353.0,342.0,337.0,336.0,335.0,307.0,322.0,346.0,327.0,197.0,302.0,322.0,273.0,256.0,222.0
271.0,273.0,266.0,266.0,305.0,271.0,239.0,220.0,276.0,257.0,247.0,239.0,247.0,233.0,279.0,267.0,281.0,339.0,329.0,335.0,299.0,334.0,373.0,354.0,349.0,346.0,398.0,388.0,281.0,344.0,381.0,408.0,325.0,355.0,345.0,317.0,321.0,286.0,341.0,316.0,332.0,314.0,291.0,281.0,322.0,323.0,165.0,348.0,330.0,330.0,285.0,197.0
277.0,272.0,266.0,253.0,305.0,253.0,190.0,235.0,233.0,274.0,227.0,234.0,253.0,228.0,246.0,235.0,274.0,309.0,357.0,308.0,326.0,360.0,348.0,355.0,311.0,311.0,395.0,390.0,284.0,329.0,352.0,350.0,356.0,356.0,360.0,321.0,317.0,336.0,321.0,299.0,324.0,335.0,288.0,292.0,327.0,340.0,187.0,322.0,360.0,279.0,242.0,302.0
310.0,295.0,242.0,262.0,288.0,287.0,241.0,252.0,286.0,275.0,191.0,240.0,255.0,229.0,266.0,275.0,244.0,336.0,364.0,314.0,350.0,371.0,392.0,361.0,372.0,322.0,294.0,378.0,332.0,332.0,333.0,381.0,359.0,364.0,283.0,279.0,348.0,345.0,304.0,278.0,286.0,289.0,283.0,307.0,329.0,329.0,170.0,328.0,305.0,326.0,245.0,187.0
294.0,322.0,192.0,274.0,296.0,294.0,259.0,281.0,240.0,266.0,228.0,215.0,254.0,223.0,262.0,220.0,284.0,256.0,336.0,312.0,407.0,331.0,382.0,356.0,355.0,333.0,308.0,337.0,340.0,301.0,310.0,336.0,312.0,377.0,315.0,322.0,364.0,285.0,282.0,270.0,313.0,293.0,319.0,233.0,324.0,315.0,170.0,319.0,225.0,272.0,266.0,244.0
299.0,286.0,240.0,274.0,277.0,273.0,249.0,237.0,255.0,293.0,223.0,214.0,280.0,233.0,195.0,244.0,248.0,274.0,352.0,311.0,309.0,353.0,338.0,351.0,310.0,352.0,344.0,334.0,311.0,275.0,352.0,349.0,353.0,372.0,336.0,327.0,370.0,310.0,286.0,307.0,305.0,281.0,310.0,330.0,325.0,322.0,185.0,324.0,276.0,313.0,227.0,197.0
276.0,275.0,187.0,279.0,302.0,285.0,253.0,264.0,283.0,255.0,206.0,202.0,205.0,177.0,218.0,194.0,202.0,283.0,314.0,306.0,342.0,347.0,332.0,348.0,355.0,354.0,344.0,319.0,274.0,289.0,374.0,304.0,321.0,359.0,292.0,322.0,356.0,298.0,293.0,287.0,319.0,347.0,296.0,262.0,340.0,346.0,177.0,307.0,242.0,315.0,239.0,216.0
319.0,277.0,166.0,254.0,300.0,293.0,423.0,286.0,314.0,271.0,197.0,204.0,227.0,173.0,218.0,150.0,224.0,260.0,309.0,300.0,321.0,327.0,348.0,347.0,373.0,358.0,333.0,360.0,232.0,246.0,377.0,370.0,334.0,316.0,281.0,262.0,364.0,317.0,355.0,321.0,296.0,317.0,305.0,230.0,308.0,352.0,177.0,266.0,245.0,247.0,222.0,182.0
323.0,294.0,191.0,296.0,313.0,303.0,208.0,266.0,284.0,327.0,186.0,198.0,196.0,221.0,222.0,223.0,237.0,317.0,290.0,293.0,297.0,286.0,304.0,374.0,391.0,380.0,348.0,344.0,317.0,266.0,338.0,350.0,330.0,358.0,242.0,225.0,364.0,319.0,314.0,273.0,319.0,371.0,308.0,264.0,304.0,373.0,199.0,274.0,238.0,216.0,234.0,196.0
321.0,330.0,199.0,290.0,318.0,320.0,165.0,276.0,306.0,291.0,267.0,217.0,241.0,226.0,199.0,213.0,236.0,239.0,307.0,275.0,310.0,323.0,368.0,329.0,290.0,333.0,321.0,289.0,320.0,286.0,338.0,401.0,371.0,347.0,297.0,228.0,393.0,331.0,326.0,275.0,242.0,315.0,336.0,284.0,313.0,335.0,165.0,235.0,242.0,250.0,241.0,213.0
290.0,305.0,187.0,292.0,290.0,333.0,162.0,297.0,294.0,317.0,251.0,206.0,217.0,187.0,246.0,254.0,234.0,271.0,290.0,306.0,295.0,313.0,369.0,359.0,378.0,312.0,339.0,355.0,300.0,296.0,348.0,341.0,379.0,369.0,284.0,301.0,303.0,343.0,290.0,280.0,237.0,300.0,282.0,247.0,321.0,311.0,155.0,251.0,259.0,293.0,267.0,170.0
340.0,297.0,206.0,289.0,331.0,305.0,265.0,294.0,303.0,125.0,202.0,177.0,230.0,212.0,204.0,223.0,264.0,268.0,269.0,274.0,315.0,294.0,333.0,307.0,361.0,364.0,328.0,371.0,280.0,294.0,363.0,372.0,337.0,373.0,325.0,296.0,362.0,307.0,333.0,341.0,311.0,327.0,293.0,315.0,360.0,339.0,189.0,291.0,242.0,257.0,205.0,228.0
327.0,296.0,160.0,286.0,340.0,308.0,287.0,293.0,303.0,35.0,244.0,216.0,223.0,228.0,219.0,249.0,275.0,310.0,273.0,296.0,329.0,276.0,368.0,347.0,357.0,344.0,358.0,366.0,294.0,290.0,368.0,352.0,297.0,406.0,313.0,322.0,389.0,293.0,322.0,261.0,336.0,312.0,317.0,295.0,360.0,329.0,187.0,340.0,282.0,290.0,242.0,207.0
325.0,320.0,217.0,304.0,335.0,320.0,281.0,316.0,326.0,35.0,217.0,214.0,243.0,212.0,244.0,211.0,264.0,304.0,339.0,316.0,350.0,250.0,369.0,343.0,353.0,340.0,337.0,366.0,302.0,286.0,327.0,419.0,198.0,395.0,335.0,351.0,392.0,319.0,328.0,297.0,266.0,293.0,324.0,334.0,358.0,350.0,177.0,297.0,288.0,290.0,288.0,213.0
292.0,325.0,238.0,292.0,286.0,323.0,334.0,317.0,295.0,35.0,240.0,211.0,215.0,226.0,212.0,254.0,272.0,280.0,233.0,286.0,298.0,269.0,341.0,315.0,351.0,282.0,345.0,309.0,310.0,284.0,351.0,402.0,251.0,343.0,308.0,290.0,371.0,331.0,280.0,244.0,307.0,344.0,292.0,276.0,334.0,298.0,177.0,295.0,290.0,273.0,293.0,292.0
285.0,265.0,287.0,295.0,364.0,331.0,318.0,279.0,286.0,35.0,205.0,229.0,257.0,242.0,240.0,203.0,278.0,243.0,319.0,293.0,345.0,271.0,316.0,361.0,306.0,286.0,298.0,370.0,332.0,317.0,338.0,354.0,237.0,337.0,299.0,300.0,315.0,314.0,306.0,269.0,338.0,289.0,305.0,299.0,297.0,301.0,188.0,305.0,285.0,307.0,238.0,204.0
290.0,324.0,242.0,286.0,288.0,296.0,331.0,300.0,314.0,35.0,219.0,201.0,249.0,232.0,186.0,265.0,228.0,261.0,289.0,266.0,296.0,278.0,283.0,329.0,316.0,377.0,311.0,327.0,319.0,284.0,342.0,350.0,344.0,337.0,324.0,284.0,365.0,255.0,330.0,309.0,284.0,290.0,357.0,245.0,335.0,306.0,157.0,272.0,239.0,336.0,207.0,225.0
310.0,291.0,224.0,334.0,310.0,329.0,308.0,332.0,325.0,35.0,219.0,177.0,245.0,231.0,216.0,219.0,227.0,222.0,246.0,263.0,264.0,283.0,303.0,289.0,304.0,358.0,304.0,300.0,355.0,218.0,373.0,374.0,325.0,371.0,325.0,307.0,346.0,297.0,292.0,297.0,305.0,312.0,285.0,264.0,314.0,324.0,177.0,266.0,208.0,288.0,233.0,213.0
311.0,301.0,229.0,329.0,327.0,338.0,327.0,302.0,325.0,35.0,199.0,185.0,201.0,211.0,156.0,215.0,226.0,223.0,280.0,257.0,274.0,318.0,303.0,184.0,310.0,325.0,296.0,286.0,286.0,252.0,310.0,391.0,355.0,365.0,261.0,326.0,326.0,273.0,309.0,309.0,307.0,331.0,207.0,281.0,285.0,314.0,187.0,305.0,226.0,209.0,213.0,179.0
337.0,329.0,253.0,320.0,322.0,297.0,322.0,298.0,275.0,35.0,204.0,205.0,170.0,195.0,192.0,203.0,215.0,263.0,278.0,267.0,284.0,292.0,256.0,270.0,318.0,313.0,266.0,240.0,247.0,250.0,311.0,325.0,376.0,347.0,267.0,346.0,287.0,238.0,306.0,338.0,305.0,347.0,216.0,281.0,311.0,323.0,167.0,214.0,241.0,228.0,167.0,196.0
292.0,305.0,286.0,324.0,313.0,326.0,345.0,299.0,268.0,246.0,200.0,174.0,202.0,189.0,129.0,199.0,211.0,269.0,232.0,296.0,265.0,262.0,274.0,287.0,303.0,287.0,287.0,292.0,237.0,252.0,307.0,314.0,372.0,254.0,277.0,296.0,268.0,310.0,301.0,357.0,271.0,299.0,193.0,315.0,327.0,308.0,169.0,225.0,238.0,219.0,254.0,169.0
312.0,238.0,310.0,309.0,307.0,308.0,362.0,302.0,302.0,299.0,220.0,174.0,181.0,165.0,186.0,227.0,201.0,216.0,252.0,246.0,276.0,256.0,283.0,309.0,285.0,308.0,235.0,296.0,232.0,238.0,304.0,308.0,301.0,308.0,229.0,348.0,327.0,271.0,347.0,363.0,242.0,343.0,224.0,294.0,304.0,296.0,135.0,212.0,261.0,233.0,268.0,182.0
309.0,265.0,319.0,295.0,340.0,348.0,326.0,323.0,297.0,311.0,186.0,173.0,181.0,169.0,157.0,173.0,177.0,240.0,258.0,247.0,257.0,249.0,245.0,250.0,297.0,293.0,271.0,288.0,252.0,266.0,296.0,284.0,332.0,302.0,240.0,305.0,342.0,259.0,340.0,366.0,290.0,333.0,244.0,290.0,315.0,291.0,140.0,238.0,269.0,233.0,216.0,192.0
300.0,264.0,315.0,310.0,319.0,311.0,292.0,276.0,314.0,350.0,196.0,207.0,190.0,157.0,205.0,189.0,227.0,213.0,231.0,255.0,270.0,236.0,285.0,261.0,283.0,255.0,257.0,186.0,273.0,223.0,326.0,307.0,326.0,305.0,246.0,272.0,286.0,223.0,341.0,342.0,216.0,308.0,277.0,250.0,321.0,280.0,137.0,213.0,290.0,240.0,194.0,201.0
324.0,278.0,312.0,331.0,356.0,335.0,275.0,315.0,279.0,354.0,176.0,150.0,173.0,165.0,198.0,180.0,191.0,221.0,227.0,246.0,263.0,238.0,285.0,290.0,312.0,258.0,288.0,266.0,227.0,244.0,290.0,276.0,324.0,263.0,261.0,283.0,298.0,265.0,253.0,361.0,197.0,189.0,238.0,293.0,310.0,286.0,130.0,213.0,233.0,228.0,204.0,178.0
329.0,291.0,282.0,346.0,308.0,303.0,290.0,300.0,329.0,265.0,227.0,183.0,180.0,201.0,165.0,195.0,215.0,231.0,265.0,223.0,285.0,275.0,291.0,268.0,279.0,317.0,287.0,329.0,212.0,240.0,309.0,312.0,279.0,311.0,264.0,237.0,294.0,228.0,237.0,346.0,259.0,320.0,246.0,256.0,301.0,297.0,125.0,238.0,222.0,228.0,247.0,187.0
318.0,315.0,282.0,322.0,280.0,312.0,328.0,283.0,320.0,323.0,201.0,162.0,192.0,145.0,207.0,182.0,153.0,202.0,230.0,223.0,240.0,250.0,259.0,297.0,298.0,300.0,310.0,308.0,236.0,258.0,271.0,294.0,311.0,291.0,259.0,219.0,277.0,233.0,243.0,323.0,230.0,315.0,205.0,203.0,285.0,285.0,130.0,205.0,218.0,245.0,228.0,203.0
352.0,299.0,309.0,323.0,332.0,328.0,320.0,318.0,296.0,310.0,199.0,156.0,157.0,174.0,155.0,182.0,205.0,209.0,241.0,233.0,250.0,278.0,257.0,261.0,285.0,269.0,281.0,310.0,234.0,197.0,301.0,283.0,274.0,284.0,229.0,218.0,281.0,207.0,250.0,331.0,211.0,315.0,242.0,218.0,257.0,296.0,136.0,222.0,238.0,170.0,201.0,208.0
313.0,315.0,315.0,319.0,321.0,305.0,333.0,268.0,335.0,321.0,192.0,153.0,189.0,151.0,149.0,203.0,195.0,218.0,233.0,217.0,253.0,229.0,260.0,287.0,256.0,289.0,326.0,286.0,234.0,177.0,274.0,285.0,292.0,273.0,235.0,233.0,279.0,196.0,238.0,269.0,273.0,273.0,230.0,212.0,293.0,265.0,132.0,218.0,245.0,207.0,210.0,167.0
320.0,300.0,295.0,308.0,351.0,343.0,292.0,332.0,314.0,337.0,177.0,153.0,156.0,136.0,161.0,158.0,172.0,192.0,223.0,245.0,239.0,209.0,254.0,228.0,298.0,254.0,269.0,278.0,228.0,226.0,291.0,283.0,282.0,278.0,214.0,213.0,190.0,199.0,269.0,260.0,241.0,260.0,205.0,187.0,246.0,266.0,128.0,179.0,203.0,208.0,190.0,173.0
331.0,330.0,317.0,318.0,254.0,320.0,342.0,344.0,291.0,264.0,170.0,183.0,128.0,153.0,160.0,140.0,148.0,172.0,225.0,194.0,233.0,231.0,257.0,263.0,248.0,266.0,212.0,288.0,229.0,201.0,220.0,277.0,255.0,277.0,225.0,217.0,241.0,212.0,232.0,269.0,239.0,262.0,228.0,195.0,270.0,227.0,128.0,208.0,195.0,166.0,178.0,172.0
315.0,332.0,357.0,303.0,300.0,305.0,338.0,336.0,291.0,323.0,185.0,143.0,157.0,157.0,176.0,163.0,179.0,173.0,178.0,211.0,210.0,207.0,231.0,257.0,258.0,259.0,219.0,271.0,197.0,220.0,232.0,240.0,270.0,253.0,217.0,213.0,244.0,220.0,222.0,252.0,190.0,228.0,185.0,170.0,262.0,247.0,115.0,221.0,187.0,199.0,204.0,182.0
314.0,351.0,276.0,312.0,282.0,320.0,313.0,354.0,275.0,270.0,169.0,127.0,149.0,119.0,136.0,113.0,158.0,175.0,213.0,208.0,249.0,250.0,236.0,248.0,226.0,288.0,259.0,260.0,214.0,212.0,268.0,225.0,227.0,248.0,195.0,204.0,272.0,207.0,207.0,269.0,199.0,246.0,207.0,196.0,214.0,259.0,125.0,177.0,175.0,195.0,187.0,163.0
282.0,346.0,324.0,281.0,348.0,379.0,291.0,308.0,268.0,313.0,147.0,130.0,134.0,141.0,175.0,162.0,166.0,187.0,172.0,203.0,212.0,209.0,268.0,263.0,262.0,245.0,286.0,245.0,197.0,207.0,254.0,263.0,277.0,213.0,209.0,216.0,230.0,187.0,182.0,223.0,204.0,227.0,172.0,129.0,235.0,246.0,125.0,190.0,161.0,166.0,184.0,180.0
294.0,362.0,368.0,306.0,324.0,332.0,318.0,322.0,322.0,302.0,191.0,143.0,155.0,135.0,174.0,161.0,182.0,170.0,186.0,199.0,226.0,183.0,269.0,241.0,272.0,229.0,289.0,259.0,209.0,209.0,217.0,248.0,258.0,229.0,233.0,184.0,227.0,182.0,221.0,240.0,197.0,215.0,184.0,209.0,277.0,219.0,128.0,187.0,184.0,191.0,189.0,183.0
308.0,313.0,366.0,324.0,317.0,371.0,327.0,314.0,282.0,255.0,153.0,152.0,153.0,129.0,149.0,168.0,131.0,179.0,213.0,199.0,210.0,229.0,251.0,251.0,260.0,249.0,274.0,261.0,229.0,221.0,259.0,251.0,277.0,220.0,232.0,203.0,233.0,199.0,209.0,211.0,177.0,264.0,172.0,190.0,246.0,213.0,121.0,199.0,196.0,180.0,190.0,153.0
305.0,351.0,305.0,329.0,307.0,325.0,330.0,330.0,301.0,317.0,187.0,132.0,162.0,144.0,162.0,161.0,178.0,179.0,200.0,216.0,248.0,231.0,235.0,247.0,253.0,212.0,256.0,271.0,209.0,204.0,259.0,259.0,246.0,251.0,217.0,210.0,255.0,183.0,222.0,261.0,180.0,252.0,204.0,201.0,233.0,313.0,123.0,199.0,189.0,199.0,199.0,192.0
326.0,308.0,342.0,330.0,351.0,305.0,305.0,311.0,296.0,316.0,185.0,146.0,132.0,139.0,165.0,132.0,136.0,206.0,181.0,213.0,231.0,244.0,242.0,234.0,293.0,225.0,233.0,248.0,212.0,234.0,272.0,273.0,247.0,225.0,221.0,194.0,244.0,201.0,214.0,232.0,190.0,262.0,196.0,190.0,262.0,266.0,112.0,208.0,167.0,192.0,209.0,170.0
335.0,330.0,305.0,320.0,316.0,326.0,360.0,269.0,292.0,273.0,190.0,164.0,133.0,127.0,161.0,171.0,174.0,207.0,218.0,226.0,218.0,223.0,222.0,240.0,254.0,262.0,253.0,271.0,244.0,217.0,243.0,287.0,242.0,238.0,204.0,224.0,243.0,196.0,222.0,273.0,188.0,227.0,170.0,204.0,236.0,255.0,140.0,196.0,204.0,205.0,188.0,196.0
312.0,317.0,305.0,289.0,326.0,327.0,304.0,322.0,284.0,315.0,160.0,157.0,150.0,158.0,155.0,157.0,175.0,183.0,180.0,188.0,238.0,230.0,256.0,289.0,243.0,244.0,252.0,268.0,225.0,202.0,235.0,273.0,239.0,248.0,206.0,192.0,214.0,201.0,241.0,261.0,175.0,266.0,180.0,204.0,272.0,245.0,122.0,218.0,158.0,220.0,221.0,162.0
339.0,310.0,263.0,310.0,305.0,317.0,317.0,315.0,315.0,266.0,196.0,167.0,160.0,120.0,152.0,140.0,167.0,154.0,209.0,243.0,221.0,235.0,214.0,258.0,237.0,256.0,220.0,238.0,197.0,229.0,225.0,223.0,266.0,234.0,202.0,174.0,230.0,187.0,236.0,256.0,183.0,242.0,193.0,176.0,219.0,227.0,124.0,191.0,178.0,182.0,213.0,214.0
292.0,301.0,333.0,279.0,311.0,318.0,335.0,269.0,295.0,312.0,156.0,149.0,123.0,133.0,134.0,123.0,178.0,189.0,175.0,180.0,226.0,195.0,293.0,253.0,229.0,252.0,216.0,262.0,226.0,204.0,286.0,264.0,257.0,213.0,186.0,201.0,249.0,170.0,206.0,264.0,170.0,220.0,202.0,208.0,255.0,236.0,130.0,178.0,193.0,180.0,201.0,178.0
325.0,329.0,286.0,312.0,326.0,305.0,296.0,294.0,303.0,232.0,176.0,127.0,125.0,136.0,144.0,128.0,160.0,174.0,195.0,186.0,209.0,195.0,224.0,251.0,229.0,263.0,239.0,241.0,204.0,201.0,253.0,246.0,226.0,206.0,212.0,216.0,210.0,204.0,189.0,254.0,184.0,226.0,172.0,178.0,221.0,242.0,132.0,193.0,192.0,199.0,175.0,178.0
281.0,299.0,289.0,335.0,345.0,299.0,306.0,300.0,236.0,320.0,176.0,125.0,131.0,145.0,152.0,125.0,143.0,169.0,191.0,212.0,206.0,221.0,230.0,241.0,267.0,242.0,215.0,241.0,203.0,209.0,251.0,245.0,233.0,223.0,194.0,196.0,238.0,170.0,212.0,217.0,180.0,246.0,184.0,181.0,216.0,231.0,110.0,187.0,163.0,186.0,192.0,170.0
286.0,281.0,309.0,289.0,329.0,288.0,309.0,271.0,189.0,262.0,160.0,116.0,139.0,123.0,144.0,136.0,171.0,186.0,151.0,196.0,199.0,216.0,207.0,217.0,249.0,227.0,234.0,233.0,213.0,204.0,267.0,249.0,239.0,235.0,199.0,190.0,193.0,178.0,202.0,257.0,211.0,199.0,165.0,176.0,234.0,229.0,115.0,170.0,163.0,192.0,173.0,196.0
266.0,291.0,288.0,253.0,300.0,279.0,299.0,247.0,178.0,245.0,148.0,122.0,109.0,112.0,143.0,132.0,144.0,156.0,176.0,196.0,196.0,198.0,224.0,230.0,228.0,223.0,228.0,191.0,164.0,194.0,248.0,227.0,249.0,219.0,201.0,190.0,243.0,191.0,224.0,131.0,178.0,244.0,192.0,172.0,245.0,213.0,121.0,178.0,182.0,185.0,180.0,179.0
293.0,306.0,252.0,285.0,299.0,269.0,284.0,277.0,208.0,248.0,166.0,131.0,111.0,143.0,114.0,143.0,145.0,157.0,186.0,180.0,188.0,215.0,202.0,197.0,243.0,222.0,208.0,264.0,197.0,212.0,255.0,258.0,236.0,223.0,197.0,182.0,225.0,165.0,203.0,115.0,178.0,237.0,202.0,170.0,221.0,200.0,135.0,182.0,182.0,162.0,184.0,190.0
278.0,312.0,312.0,273.0,264.0,293.0,300.0,265.0,173.0,226.0,170.0,146.0,147.0,121.0,119.0,139.0,152.0,159.0,161.0,193.0,186.0,225.0,217.0,235.0,228.0,221.0,229.0,234.0,203.0,233.0,197.0,261.0,263.0,244.0,206.0,195.0,215.0,170.0,252.0,108.0,184.0,209.0,175.0,179.0,245.0,228.0,117.0,167.0,182.0,191.0,187.0,193.0
261.0,256.0,217.0,310.0,286.0,299.0,225.0,276.0,160.0,256.0,192.0,142.0,162.0,127.0,152.0,174.0,158.0,168.0,177.0,200.0,200.0,204.0,225.0,249.0,217.0,274.0,222.0,203.0,217.0,220.0,211.0,242.0,254.0,242.0,227.0,201.0,217.0,187.0,192.0,108.0,187.0,254.0,193.0,194.0,237.0,228.0,127.0,187.0,187.0,165.0,191.0,170.0
294.0,281.0,260.0,269.0,293.0,303.0,257.0,264.0,156.0,245.0,140.0,132.0,131.0,127.0,132.0,152.0,147.0,162.0,174.0,190.0,200.0,185.0,213.0,246.0,213.0,283.0,221.0,195.0,205.0,210.0,246.0,262.0,221.0,229.0,204.0,195.0,216.0,175.0,226.0,99.0,175.0,218.0,216.0,204.0,246.0,188.0,121.0,182.0,173.0,177.0,187.0,169.0
271.0,269.0,298.0,300.0,289.0,285.0,233.0,260.0,222.0,255.0,183.0,163.0,134.0,133.0,151.0,140.0,153.0,166.0,195.0,197.0,182.0,214.0,228.0,252.0,230.0,278.0,234.0,249.0,214.0,205.0,257.0,259.0,278.0,225.0,200.0,187.0,222.0,183.0,224.0,156.0,175.0,232.0,205.0,193.0,207.0,207.0,130.0,187.0,208.0,161.0,222.0,182.0
252.0,306.0,271.0,253.0,272.0,263.0,201.0,229.0,292.0,253.0,145.0,119.0,135.0,142.0,125.0,142.0,145.0,175.0,194.0,207.0,238.0,216.0,264.0,243.0,256.0,228.0,236.0,209.0,209.0,220.0,231.0,263.0,214.0,212.0,212.0,208.0,198.0,170.0,195.0,150.0,178.0,259.0,190.0,187.0,237.0,227.0,130.0,188.0,180.0,197.0,223.0,182.0
271.0,261.0,278.0,245.0,275.0,231.0,277.0,221.0,299.0,273.0,183.0,135.0,141.0,131.0,126.0,170.0,165.0,140.0,170.0,148.0,216.0,211.0,220.0,213.0,246.0,241.0,220.0,237.0,192.0,182.0,254.0,262.0,239.0,200.0,185.0,175.0,203.0,207.0,229.0,121.0,175.0,196.0,199.0,168.0,220.0,241.0,140.0,163.0,167.0,172.0,222.0,178.0
258.0,301.0,284.0,270.0,258.0,238.0,239.0,238.0,244.0,242.0,147.0,129.0,124.0,141.0,137.0,137.0,168.0,165.0,186.0,195.0,195.0,188.0,213.0,248.0,226.0,248.0,233.0,271.0,197.0,194.0,237.0,268.0,226.0,204.0,218.0,187.0,209.0,204.0,208.0,103.0,161.0,269.0,201.0,161.0,234.0,187.0,116.0,182.0,172.0,172.0,187.0,161.0
282.0,246.0,235.0,280.0,222.0,261.0,240.0,236.0,253.0,210.0,196.0,122.0,175.0,129.0,120.0,138.0,149.0,153.0,181.0,201.0,175.0,204.0,209.0,245.0,239.0,225.0,200.0,246.0,209.0,187.0,242.0,241.0,210.0,208.0,234.0,196.0,197.0,184.0,219.0,86.0,196.0,233.0,166.0,204.0,179.0,221.0,139.0,195.0,184.0,204.0,204.0,179.0
262.0,215.0,226.0,231.0,239.0,241.0,267.0,226.0,246.0,245.0,195.0,138.0,131.0,112.0,146.0,148.0,144.0,163.0,182.0,201.0,227.0,197.0,212.0,223.0,206.0,237.0,238.0,243.0,225.0,220.0,223.0,216.0,181.0,192.0,192.0,190.0,181.0,170.0,204.0,143.0,190.0,200.0,191.0,178.0,226.0,193.0,120.0,187.0,158.0,180.0,208.0,165.0
267.0,272.0,220.0,238.0,259.0,248.0,242.0,216.0,242.0,175.0,161.0,138.0,138.0,125.0,138.0,125.0,163.0,91.0,169.0,193.0,184.0,176.0,196.0,219.0,221.0,256.0,225.0,232.0,196.0,189.0,213.0,247.0,159.0,190.0,182.0,196.0,214.0,170.0,177.0,86.0,173.0,203.0,182.0,192.0,215.0,187.0,115.0,184.0,175.0,169.0,193.0,199.0
219.0,245.0,215.0,278.0,250.0,218.0,265.0,251.0,238.0,211.0,179.0,119.0,102.0,115.0,129.0,136.0,163.0,179.0,172.0,175.0,233.0,191.0,225.0,223.0,183.0,262.0,219.0,251.0,207.0,212.0,223.0,216.0,213.0,216.0,185.0,187.0,195.0,175.0,200.0,143.0,176.0,178.0,179.0,158.0,173.0,182.0,120.0,201.0,153.0,178.0,222.0,172.0
266.0,262.0,185.0,253.0,240.0,237.0,283.0,217.0,212.0,231.0,162.0,130.0,121.0,106.0,127.0,139.0,133.0,152.0,182.0,204.0,204.0,186.0,227.0,239.0,226.0,203.0,215.0,179.0,204.0,191.0,217.0,247.0,252.0,208.0,211.0,189.0,198.0,159.0,223.0,128.0,158.0,228.0,170.0,184.0,227.0,213.0,115.0,181.0,175.0,163.0,201.0,158.0
232.0,258.0,231.0,233.0,249.0,261.0,283.0,235.0,235.0,233.0,177.0,130.0,115.0,125.0,110.0,129.0,172.0,139.0,171.0,195.0,189.0,215.0,248.0,204.0,217.0,255.0,223.0,216.0,189.0,204.0,244.0,239.0,234.0,206.0,195.0,179.0,198.0,176.0,198.0,121.0,188.0,218.0,159.0,161.0,224.0,197.0,120.0,187.0,37.0,179.0,191.0,156.0
244.0,269.0,216.0,252.0,233.0,250.0,251.0,214.0,245.0,219.0,173.0,128.0,124.0,148.0,142.0,122.0,151.0,155.0,164.0,159.0,202.0,206.0,212.0,240.0,192.0,249.0,244.0,220.0,189.0,237.0,230.0,226.0,262.0,158.0,201.0,197.0,219.0,179.0,192.0,134.0,166.0,240.0,167.0,172.0,214.0,237.0,127.0,172.0,161.0,148.0,215.0,190.0
224.0,265.0,259.0,249.0,269.0,295.0,282.0,252.0,201.0,249.0,147.0,143.0,125.0,116.0,144.0,139.0,132.0,144.0,161.0,190.0,207.0,217.0,249.0,216.0,262.0,252.0,261.0,241.0,197.0,197.0,237.0,294.0,219.0,142.0,185.0,180.0,194.0,230.0,189.0,128.0,199.0,217.0,184.0,178.0,199.0,188.0,123.0,165.0,165.0,163.0,216.0,184.0
256.0,223.0,264.0,222.0,217.0,257.0,267.0,227.0,223.0,257.0,155.0,133.0,131.0,137.0,143.0,160.0,173.0,153.0,172.0,216.0,218.0,217.0,269.0,237.0,231.0,240.0,231.0,228.0,221.0,204.0,244.0,248.0,244.0,170.0,206.0,178.0,213.0,335.0,197.0,143.0,191.0,229.0,171.0,199.0,251.0,188.0,123.0,170.0,175.0,158.0,219.0,161.0
239.0,231.0,234.0,246.0,264.0,268.0,249.0,227.0,233.0,235.0,143.0,123.0,127.0,121.0,160.0,142.0,155.0,179.0,202.0,205.0,214.0,217.0,247.0,240.0,219.0,204.0,208.0,245.0,217.0,209.0,241.0,241.0,221.0,125.0,208.0,182.0,235.0,331.0,236.0,125.0,192.0,230.0,186.0,146.0,199.0,184.0,127.0,182.0,190.0,153.0,195.0,191.0
255.0,209.0,238.0,233.0,244.0,305.0,258.0,204.0,208.0,222.0,168.0,128.0,144.0,145.0,129.0,137.0,170.0,153.0,167.0,155.0,197.0,217.0,209.0,216.0,233.0,225.0,218.0,247.0,207.0,204.0,267.0,229.0,232.0,153.0,197.0,170.0,226.0,340.0,182.0,92.0,161.0,217.0,154.0,170.0,225.0,208.0,130.0,161.0,179.0,178.0,201.0,204.0
234.0,217.0,224.0,236.0,230.0,241.0,231.0,243.0,211.0,225.0,164.0,151.0,121.0,123.0,114.0,131.0,152.0,156.0,165.0,219.0,223.0,205.0,268.0,255.0,244.0,242.0,243.0,232.0,219.0,223.0,229.0,242.0,234.0,118.0,229.0,193.0,206.0,316.0,204.0,89.0,134.0,240.0,199.0,167.0,183.0,211.0,108.0,196.0,170.0,182.0,211.0,192.0
259.0,250.0,222.0,244.0,206.0,237.0,265.0,224.0,215.0,236.0,160.0,130.0,143.0,139.0,134.0,121.0,148.0,174.0,158.0,198.0,205.0,187.0,310.0,217.0,243.0,240.0,215.0,233.0,206.0,207.0,255.0,237.0,224.0,169.0,168.0,184.0,212.0,334.0,232.0,128.0,165.0,217.0,179.0,178.0,206.0,203.0,118.0,178.0,187.0,165.0,190.0,211.0
224.0,210.0,185.0,195.0,211.0,231.0,261.0,192.0,198.0,240.0,149.0,137.0,106.0,141.0,144.0,132.0,125.0,152.0,164.0,181.0,192.0,196.0,305.0,222.0,248.0,249.0,213.0,226.0,212.0,197.0,242.0,251.0,246.0,180.0,171.0,184.0,191.0,323.0,181.0,117.0,156.0,191.0,182.0,172.0,181.0,213.0,128.0,150.0,145.0,170.0,187.0,204.0
208.0,211.0,214.0,215.0,199.0,259.0,224.0,236.0,234.0,232.0,198.0,121.0,137.0,116.0,134.0,132.0,171.0,153.0,180.0,208.0,188.0,168.0,302.0,218.0,224.0,219.0,212.0,240.0,212.0,197.0,245.0,225.0,236.0,169.0,229.0,182.0,195.0,316.0,180.0,96.0,184.0,210.0,163.0,170.0,206.0,202.0,124.0,173.0,179.0,165.0,191.0,-1.0
215.0,221.0,251.0,220.0,229.0,232.0,254.0,198.0,208.0,180.0,188.0,116.0,146.0,117.0,137.0,164.0,136.0,178.0,186.0,203.0,193.0,202.0,303.0,257.0,267.0,207.0,201.0,249.0,202.0,193.0,236.0,239.0,234.0,205.0,189.0,191.0,204.0,170.0,192.0,111.0,146.0,243.0,162.0,178.0,221.0,219.0,118.0,187.0,187.0,170.0,262.0,183.0
237.0,237.0,213.0,235.0,234.0,230.0,240.0,202.0,232.0,198.0,177.0,109.0,149.0,133.0,133.0,120.0,126.0,161.0,188.0,183.0,197.0,197.0,304.0,201.0,242.0,187.0,225.0,243.0,205.0,215.0,245.0,220.0,227.0,211.0,201.0,180.0,203.0,163.0,209.0,140.0,153.0,235.0,187.0,175.0,219.0,212.0,119.0,167.0,178.0,141.0,189.0,213.0
226.0,244.0,191.0,213.0,253.0,211.0,253.0,217.0,243.0,231.0,163.0,133.0,150.0,132.0,150.0,123.0,174.0,166.0,154.0,209.0,208.0,200.0,314.0,237.0,216.0,208.0,198.0,254.0,221.0,217.0,229.0,277.0,223.0,246.0,195.0,187.0,207.0,213.0,232.0,134.0,212.0,213.0,180.0,167.0,221.0,213.0,124.0,175.0,184.0,197.0,192.0,204.0
214.0,225.0,247.0,233.0,226.0,210.0,250.0,208.0,219.0,194.0,164.0,115.0,128.0,126.0,112.0,167.0,153.0,158.0,185.0,179.0,189.0,184.0,305.0,239.0,257.0,265.0,207.0,255.0,200.0,244.0,261.0,234.0,229.0,226.0,207.0,187.0,183.0,169.0,197.0,125.0,178.0,241.0,180.0,195.0,213.0,200.0,127.0,161.0,191.0,160.0,230.0,234.0
245.0,232.0,224.0,241.0,239.0,240.0,266.0,203.0,246.0,234.0,153.0,121.0,109.0,130.0,164.0,104.0,130.0,172.0,182.0,209.0,208.0,212.0,316.0,230.0,242.0,277.0,250.0,220.0,201.0,212.0,252.0,226.0,257.0,233.0,195.0,196.0,221.0,163.0,181.0,115.0,196.0,219.0,150.0,182.0,239.0,202.0,105.0,173.0,175.0,187.0,219.0,201.0
251.0,228.0,206.0,245.0,211.0,209.0,249.0,217.0,205.0,256.0,157.0,159.0,132.0,133.0,140.0,148.0,176.0,176.0,163.0,160.0,215.0,213.0,309.0,237.0,221.0,252.0,246.0,260.0,225.0,197.0,229.0,279.0,236.0,216.0,221.0,196.0,233.0,148.0,212.0,128.0,165.0,208.0,187.0,155.0,206.0,172.0,133.0,175.0,150.0,167.0,204.0,203.0
224.0,244.0,233.0,230.0,218.0,221.0,233.0,236.0,205.0,206.0,161.0,109.0,138.0,130.0,123.0,124.0,144.0,147.0,189.0,194.0,192.0,233.0,312.0,229.0,224.0,260.0,241.0,223.0,214.0,224.0,236.0,239.0,257.0,210.0,191.0,216.0,227.0,166.0,229.0,125.0,189.0,219.0,176.0,192.0,238.0,205.0,122.0,192.0,167.0,192.0,208.0,195.0
223.0,231.0,241.0,209.0,213.0,217.0,225.0,235.0,194.0,218.0,160.0,123.0,115.0,134.0,127.0,160.0,168.0,162.0,179.0,180.0,225.0,225.0,316.0,248.0,226.0,261.0,241.0,233.0,192.0,220.0,246.0,240.0,224.0,220.0,192.0,184.0,193.0,188.0,181.0,137.0,165.0,197.0,192.0,170.0,184.0,228.0,127.0,173.0,153.0,161.0,196.0,205.0
229.0,217.0,200.0,196.0,197.0,260.0,168.0,217.0,215.0,210.0,152.0,113.0,115.0,141.0,141.0,145.0,150.0,154.0,178.0,176.0,239.0,212.0,318.0,225.0,249.0,249.0,264.0,218.0,215.0,211.0,263.0,248.0,236.0,225.0,182.0,195.0,201.0,166.0,217.0,99.0,194.0,191.0,187.0,155.0,246.0,170.0,135.0,175.0,153.0,161.0,230.0,211.0
215.0,228.0,235.0,207.0,219.0,246.0,253.0,232.0,228.0,214.0,138.0,138.0,154.0,126.0,137.0,152.0,141.0,145.0,203.0,174.0,180.0,210.0,307.0,235.0,238.0,207.0,239.0,266.0,208.0,92.0,239.0,243.0,226.0,204.0,227.0,190.0,212.0,184.0,215.0,128.0,172.0,214.0,190.0,179.0,215.0,207.0,112.0,182.0,158.0,173.0,225.0,183.0
194.0,195.0,222.0,237.0,237.0,201.0,243.0,244.0,235.0,166.0,145.0,147.0,129.0,123.0,114.0,131.0,148.0,138.0,160.0,180.0,200.0,177.0,293.0,206.0,263.0,219.0,263.0,238.0,193.0,102.0,245.0,256.0,251.0,236.0,200.0,187.0,206.0,152.0,192.0,147.0,178.0,213.0,186.0,178.0,202.0,184.0,125.0,186.0,166.0,161.0,228.0,197.0
211.0,241.0,236.0,191.0,239.0,187.0,227.0,231.0,189.0,241.0,127.0,121.0,128.0,131.0,124.0,126.0,162.0,185.0,150.0,193.0,205.0,231.0,308.0,231.0,208.0,220.0,265.0,242.0,208.0,179.0,252.0,243.0,228.0,237.0,169.0,195.0,196.0,182.0,215.0,156.0,182.0,191.0,187.0,205.0,196.0,226.0,124.0,165.0,153.0,178.0,205.0,221.0
222.0,211.0,213.0,188.0,239.0,209.0,222.0,194.0,208.0,224.0,149.0,118.0,143.0,137.0,159.0,137.0,118.0,144.0,191.0,196.0,215.0,187.0,299.0,231.0,225.0,249.0,248.0,209.0,212.0,204.0,246.0,227.0,261.0,243.0,215.0,211.0,197.0,170.0,211.0,117.0,170.0,212.0,170.0,146.0,234.0,218.0,127.0,165.0,162.0,178.0,221.0,218.0
210.0,209.0,219.0,216.0,214.0,203.0,275.0,220.0,183.0,238.0,153.0,119.0,103.0,126.0,141.0,148.0,139.0,156.0,198.0,182.0,195.0,204.0,312.0,250.0,245.0,222.0,297.0,269.0,194.0,209.0,244.0,250.0,339.0,218.0,212.0,201.0,193.0,192.0,217.0,130.0,192.0,210.0,196.0,187.0,196.0,177.0,129.0,199.0,178.0,174.0,251.0,172.0
231.0,221.0,248.0,205.0,204.0,241.0,280.0,193.0,215.0,205.0,190.0,118.0,145.0,91.0,120.0,141.0,154.0,135.0,193.0,188.0,210.0,195.0,310.0,254.0,217.0,252.0,280.0,234.0,197.0,189.0,231.0,228.0,326.0,202.0,200.0,213.0,228.0,187.0,204.0,103.0,180.0,246.0,178.0,188.0,231.0,230.0,124.0,166.0,163.0,180.0,209.0,150.0
233.0,238.0,187.0,261.0,222.0,241.0,200.0,207.0,185.0,248.0,152.0,125.0,128.0,132.0,144.0,147.0,170.0,165.0,190.0,180.0,220.0,187.0,308.0,237.0,237.0,236.0,237.0,243.0,192.0,214.0,258.0,265.0,342.0,218.0,200.0,196.0,188.0,178.0,225.0,163.0,163.0,212.0,190.0,188.0,234.0,200.0,144.0,156.0,162.0,155.0,213.0,192.0
241.0,245.0,233.0,189.0,232.0,220.0,252.0,207.0,221.0,208.0,171.0,126.0,121.0,121.0,171.0,124.0,135.0,156.0,162.0,198.0,196.0,206.0,311.0,231.0,247.0,249.0,263.0,222.0,208.0,189.0,253.0,246.0,343.0,193.0,209.0,187.0,246.0,177.0,189.0,66.0,195.0,235.0,182.0,179.0,199.0,201.0,127.0,163.0,170.0,172.0,211.0,179.0
228.0,233.0,227.0,191.0,195.0,232.0,241.0,242.0,182.0,195.0,161.0,112.0,146.0,131.0,119.0,113.0,169.0,157.0,174.0,207.0,200.0,202.0,314.0,238.0,249.0,261.0,246.0,213.0,185.0,201.0,233.0,236.0,337.0,203.0,225.0,205.0,223.0,190.0,197.0,111.0,192.0,231.0,146.0,166.0,207.0,216.0,142.0,182.0,192.0,162.0,208.0,184.0
237.0,225.0,197.0,213.0,245.0,228.0,235.0,228.0,235.0,209.0,163.0,131.0,154.0,127.0,153.0,144.0,132.0,168.0,170.0,202.0,204.0,207.0,317.0,210.0,208.0,266.0,241.0,250.0,204.0,232.0,263.0,237.0,346.0,228.0,222.0,172.0,211.0,187.0,200.0,150.0,187.0,201.0,175.0,167.0,229.0,210.0,135.0,170.0,173.0,157.0,190.0,225.0
215.0,204.0,231.0,231.0,227.0,216.0,216.0,217.0,184.0,209.0,153.0,132.0,117.0,159.0,137.0,136.0,148.0,166.0,157.0,193.0,235.0,155.0,305.0,236.0,260.0,256.0,218.0,202.0,186.0,208.0,248.0,245.0,207.0,228.0,192.0,187.0,177.0,209.0,209.0,115.0,184.0,233.0,197.0,188.0,187.0,214.0,125.0,180.0,176.0,173.0,209.0,211.0
213.0,239.0,254.0,234.0,232.0,223.0,253.0,197.0,212.0,195.0,171.0,117.0,117.0,119.0,106.0,129.0,154.0,194.0,147.0,181.0,208.0,216.0,317.0,221.0,224.0,261.0,231.0,195.0,215.0,195.0,210.0,220.0,207.0,248.0,209.0,199.0,200.0,178.0,206.0,147.0,165.0,228.0,161.0,179.0,212.0,219.0,135.0,184.0,172.0,178.0,206.0,208.0
231.0,222.0,199.0,250.0,232.0,236.0,153.0,207.0,235.0,186.0,146.0,139.0,131.0,128.0,149.0,126.0,169.0,161.0,145.0,199.0,190.0,202.0,307.0,202.0,185.0,228.0,225.0,224.0,220.0,209.0,238.0,263.0,238.0,194.0,200.0,193.0,210.0,182.0,211.0,128.0,178.0,268.0,176.0,158.0,211.0,226.0,143.0,183.0,178.0,176.0,207.0,213.0
211.0,215.0,244.0,201.0,215.0,229.0,264.0,202.0,226.0,225.0,118.0,129.0,137.0,140.0,116.0,135.0,162.0,170.0,155.0,184.0,196.0,200.0,303.0,166.0,244.0,253.0,259.0,227.0,196.0,197.0,245.0,251.0,226.0,241.0,169.0,167.0,205.0,166.0,196.0,99.0,191.0,219.0,166.0,178.0,241.0,195.0,124.0,174.0,182.0,170.0,209.0,230.0
192.0,185.0,237.0,215.0,222.0,233.0,225.0,225.0,186.0,182.0,82.0,138.0,127.0,142.0,124.0,118.0,162.0,149.0,185.0,210.0,220.0,191.0,305.0,194.0,250.0,234.0,222.0,207.0,202.0,174.0,195.0,258.0,206.0,198.0,200.0,182.0,224.0,184.0,180.0,117.0,170.0,231.0,179.0,178.0,221.0,193.0,145.0,178.0,186.0,165.0,214.0,207.0
218.0,223.0,208.0,229.0,208.0,230.0,259.0,205.0,222.0,222.0,181.0,130.0,135.0,134.0,143.0,134.0,162.0,158.0,176.0,165.0,189.0,184.0,293.0,165.0,225.0,239.0,229.0,205.0,197.0,205.0,225.0,234.0,210.0,166.0,220.0,201.0,218.0,201.0,226.0,130.0,184.0,193.0,190.0,173.0,217.0,214.0,127.0,184.0,175.0,165.0,213.0,218.0
238.0,203.0,236.0,221.0,224.0,221.0,249.0,211.0,246.0,269.0,181.0,121.0,122.0,128.0,134.0,128.0,141.0,176.0,164.0,174.0,206.0,211.0,309.0,192.0,237.0,226.0,247.0,237.0,217.0,195.0,243.0,258.0,242.0,175.0,232.0,196.0,214.0,165.0,188.0,125.0,187.0,230.0,69.0,207.0,241.0,225.0,120.0,170.0,150.0,178.0,192.0,221.0
232.0,254.0,255.0,242.0,222.0,242.0,211.0,214.0,235.0,229.0,179.0,116.0,142.0,146.0,132.0,133.0,150.0,161.0,202.0,195.0,218.0,198.0,321.0,253.0,229.0,227.0,241.0,230.0,200.0,189.0,252.0,262.0,225.0,152.0,206.0,184.0,225.0,201.0,224.0,134.0,173.0,230.0,150.0,149.0,237.0,230.0,152.0,191.0,179.0,193.0,228.0,216.0
229.0,246.0,269.0,245.0,238.0,256.0,225.0,246.0,255.0,205.0,165.0,136.0,134.0,163.0,148.0,166.0,149.0,170.0,176.0,211.0,220.0,230.0,328.0,227.0,271.0,235.0,226.0,241.0,200.0,214.0,223.0,259.0,250.0,234.0,201.0,214.0,220.0,184.0,214.0,125.0,184.0,229.0,187.0,196.0,232.0,210.0,137.0,173.0,153.0,183.0,201.0,201.0
194.0,247.0,233.0,263.0,279.0,244.0,245.0,223.0,261.0,238.0,175.0,135.0,144.0,126.0,145.0,141.0,172.0,178.0,178.0,199.0,211.0,187.0,317.0,267.0,235.0,238.0,238.0,240.0,208.0,217.0,194.0,232.0,249.0,222.0,204.0,192.0,114.0,185.0,209.0,125.0,170.0,233.0,190.0,184.0,238.0,215.0,137.0,216.0,192.0,166.0,233.0,201.0
215.0,228.0,184.0,228.0,223.0,230.0,222.0,217.0,206.0,263.0,169.0,136.0,145.0,141.0,130.0,173.0,177.0,154.0,164.0,185.0,207.0,195.0,316.0,241.0,241.0,266.0,175.0,222.0,193.0,217.0,183.0,262.0,233.0,256.0,184.0,178.0,153.0,187.0,209.0,111.0,172.0,167.0,187.0,186.0,235.0,229.0,139.0,166.0,170.0,166.0,205.0,201.0
205.0,234.0,262.0,241.0,238.0,240.0,224.0,222.0,230.0,210.0,173.0,148.0,141.0,112.0,145.0,168.0,166.0,184.0,183.0,209.0,221.0,185.0,320.0,273.0,250.0,252.0,235.0,252.0,162.0,213.0,227.0,267.0,235.0,245.0,177.0,199.0,129.0,179.0,229.0,150.0,173.0,212.0,212.0,192.0,261.0,211.0,133.0,183.0,182.0,173.0,220.0,218.0
253.0,219.0,245.0,234.0,235.0,218.0,273.0,244.0,233.0,227.0,143.0,148.0,158.0,147.0,156.0,156.0,162.0,171.0,198.0,215.0,244.0,214.0,339.0,252.0,255.0,253.0,254.0,242.0,184.0,214.0,271.0,283.0,213.0,205.0,225.0,242.0,175.0,222.0,212.0,130.0,192.0,247.0,114.0,182.0,204.0,235.0,125.0,195.0,170.0,173.0,222.0,244.0
240.0,278.0,266.0,245.0,232.0,215.0,229.0,237.0,203.0,242.0,140.0,116.0,112.0,145.0,172.0,134.0,165.0,187.0,179.0,174.0,212.0,217.0,326.0,260.0,226.0,226.0,259.0,229.0,194.0,198.0,234.0,261.0,238.0,347.0,217.0,213.0,230.0,172.0,217.0,111.0,193.0,234.0,71.0,170.0,210.0,228.0,135.0,187.0,170.0,192.0,216.0,211.0
220.0,256.0,228.0,241.0,238.0,253.0,205.0,231.0,210.0,207.0,171.0,124.0,137.0,110.0,141.0,157.0,143.0,167.0,180.0,206.0,215.0,181.0,316.0,202.0,231.0,234.0,217.0,225.0,195.0,189.0,223.0,235.0,221.0,147.0,192.0,196.0,227.0,179.0,197.0,125.0,196.0,224.0,153.0,212.0,241.0,181.0,118.0,179.0,171.0,165.0,245.0,217.0
242.0,206.0,242.0,223.0,218.0,206.0,232.0,221.0,220.0,201.0,168.0,120.0,133.0,109.0,125.0,151.0,144.0,164.0,147.0,183.0,189.0,195.0,309.0,230.0,207.0,207.0,234.0,200.0,192.0,204.0,221.0,249.0,236.0,187.0,194.0,197.0,197.0,191.0,197.0,111.0,184.0,239.0,170.0,191.0,198.0,206.0,128.0,188.0,156.0,187.0,218.0,259.0
240.0,230.0,199.0,210.0,204.0,225.0,217.0,249.0,220.0,192.0,139.0,151.0,137.0,125.0,118.0,155.0,154.0,177.0,175.0,189.0,180.0,184.0,297.0,237.0,188.0,179.0,226.0,256.0,217.0,182.0,216.0,247.0,216.0,226.0,206.0,190.0,192.0,158.0,188.0,121.0,208.0,203.0,170.0,175.0,219.0,194.0,120.0,176.0,175.0,176.0,216.0,212.0
236.0,221.0,205.0,193.0,221.0,240.0,229.0,231.0,256.0,211.0,177.0,107.0,140.0,125.0,153.0,136.0,141.0,147.0,164.0,191.0,217.0,181.0,302.0,194.0,207.0,204.0,221.0,215.0,209.0,192.0,246.0,230.0,204.0,227.0,212.0,192.0,222.0,182.0,182.0,121.0,182.0,248.0,172.0,165.0,219.0,206.0,132.0,190.0,172.0,173.0,227.0,195.0
243.0,262.0,259.0,237.0,218.0,220.0,243.0,192.0,243.0,187.0,156.0,135.0,137.0,135.0,148.0,152.0,151.0,184.0,183.0,193.0,184.0,196.0,301.0,248.0,235.0,228.0,210.0,254.0,229.0,224.0,228.0,259.0,220.0,233.0,202.0,224.0,253.0,161.0,192.0,154.0,207.0,216.0,184.0,199.0,218.0,213.0,138.0,204.0,172.0,170.0,208.0,219.0
248.0,219.0,217.0,230.0,246.0,215.0,253.0,260.0,248.0,245.0,165.0,128.0,116.0,141.0,142.0,145.0,145.0,186.0,179.0,214.0,192.0,214.0,316.0,247.0,242.0,233.0,213.0,240.0,189.0,221.0,226.0,226.0,248.0,230.0,194.0,184.0,208.0,173.0,208.0,121.0,182.0,245.0,211.0,187.0,211.0,229.0,133.0,195.0,170.0,189.0,230.0,210.0
200.0,243.0,267.0,214.0,203.0,216.0,259.0,209.0,228.0,187.0,174.0,133.0,118.0,131.0,143.0,109.0,142.0,168.0,181.0,213.0,202.0,199.0,316.0,221.0,244.0,219.0,232.0,231.0,194.0,212.0,227.0,284.0,229.0,239.0,217.0,199.0,217.0,193.0,237.0,121.0,175.0,241.0,189.0,189.0,248.0,223.0,142.0,193.0,179.0,165.0,211.0,233.0
241.0,215.0,224.0,243.0,241.0,246.0,239.0,227.0,237.0,205.0,144.0,118.0,128.0,119.0,146.0,124.0,149.0,159.0,184.0,189.0,187.0,197.0,307.0,224.0,232.0,247.0,229.0,232.0,210.0,206.0,242.0,231.0,243.0,217.0,212.0,196.0,236.0,158.0,220.0,103.0,143.0,200.0,199.0,201.0,211.0,228.0,139.0,167.0,163.0,184.0,201.0,226.0
216.0,213.0,244.0,253.0,200.0,251.0,230.0,206.0,225.0,227.0,183.0,147.0,132.0,132.0,134.0,151.0,149.0,168.0,180.0,172.0,221.0,206.0,309.0,224.0,256.0,210.0,243.0,200.0,181.0,203.0,223.0,236.0,210.0,231.0,202.0,199.0,188.0,161.0,206.0,115.0,184.0,251.0,216.0,183.0,250.0,212.0,130.0,178.0,201.0,195.0,190.0,212.0
254.0,262.0,262.0,262.0,234.0,228.0,225.0,211.0,245.0,216.0,152.0,98.0,136.0,124.0,139.0,147.0,155.0,198.0,188.0,201.0,190.0,198.0,310.0,218.0,249.0,225.0,244.0,245.0,182.0,224.0,228.0,203.0,213.0,198.0,214.0,216.0,223.0,215.0,201.0,137.0,209.0,225.0,183.0,196.0,210.0,232.0,125.0,211.0,167.0,174.0,199.0,201.0
216.0,225.0,245.0,266.0,270.0,231.0,231.0,234.0,225.0,233.0,147.0,146.0,161.0,136.0,148.0,157.0,163.0,149.0,202.0,216.0,208.0,206.0,322.0,219.0,240.0,231.0,234.0,221.0,217.0,192.0,240.0,250.0,206.0,235.0,222.0,177.0,235.0,177.0,208.0,137.0,207.0,239.0,199.0,213.0,221.0,207.0,145.0,221.0,175.0,173.0,224.0,225.0
257.0,282.0,257.0,247.0,240.0,234.0,243.0,254.0,251.0,202.0,171.0,130.0,138.0,138.0,140.0,145.0,170.0,168.0,171.0,193.0,223.0,234.0,330.0,236.0,215.0,277.0,228.0,220.0,215.0,230.0,250.0,261.0,246.0,219.0,184.0,201.0,236.0,209.0,252.0,154.0,238.0,255.0,216.0,156.0,236.0,227.0,115.0,174.0,184.0,207.0,199.0,221.0
240.0,235.0,259.0,183.0,215.0,215.0,242.0,214.0,222.0,203.0,191.0,123.0,132.0,142.0,144.0,152.0,132.0,148.0,185.0,207.0,174.0,208.0,317.0,220.0,237.0,227.0,234.0,223.0,224.0,214.0,238.0,232.0,226.0,230.0,189.0,203.0,190.0,192.0,224.0,147.0,180.0,227.0,190.0,165.0,211.0,209.0,140.0,175.0,187.0,170.0,244.0,242.0
203.0,224.0,203.0,233.0,194.0,206.0,239.0,197.0,222.0,232.0,127.0,112.0,136.0,120.0,142.0,146.0,133.0,184.0,183.0,175.0,173.0,174.0,296.0,209.0,227.0,229.0,208.0,203.0,192.0,195.0,225.0,219.0,226.0,198.0,182.0,175.0,213.0,178.0,194.0,108.0,187.0,193.0,185.0,201.0,230.0,203.0,123.0,167.0,165.0,167.0,221.0,204.0
220.0,219.0,202.0,208.0,257.0,223.0,224.0,208.0,199.0,213.0,157.0,139.0,130.0,112.0,111.0,156.0,117.0,140.0,183.0,179.0,147.0,198.0,291.0,224.0,206.0,249.0,230.0,222.0,224.0,200.0,249.0,244.0,192.0,179.0,192.0,189.0,204.0,179.0,185.0,150.0,187.0,211.0,206.0,175.0,218.0,188.0,129.0,166.0,187.0,174.0,203.0,230.0
213.0,254.0,259.0,248.0,230.0,224.0,235.0,221.0,229.0,219.0,135.0,112.0,122.0,120.0,142.0,152.0,147.0,177.0,189.0,194.0,167.0,177.0,297.0,218.0,205.0,221.0,215.0,218.0,201.0,210.0,229.0,227.0,219.0,227.0,186.0,199.0,186.0,187.0,198.0,117.0,178.0,227.0,220.0,187.0,222.0,209.0,134.0,183.0,205.0,196.0,192.0,227.0
224.0,209.0,232.0,227.0,216.0,223.0,269.0,228.0,230.0,201.0,157.0,115.0,140.0,129.0,135.0,142.0,163.0,145.0,222.0,190.0,202.0,211.0,323.0,228.0,209.0,254.0,232.0,233.0,188.0,202.0,259.0,221.0,209.0,241.0,221.0,209.0,208.0,204.0,237.0,143.0,204.0,226.0,180.0,163.0,243.0,221.0,137.0,188.0,173.0,165.0,242.0,225.0
219.0,241.0,238.0,207.0,234.0,188.0,225.0,217.0,220.0,197.0,144.0,127.0,154.0,133.0,136.0,160.0,164.0,170.0,169.0,183.0,184.0,208.0,310.0,228.0,234.0,231.0,209.0,216.0,192.0,192.0,225.0,244.0,247.0,206.0,185.0,190.0,228.0,187.0,202.0,99.0,195.0,219.0,201.0,185.0,195.0,212.0,130.0,201.0,176.0,178.0,213.0,218.0
254.0,234.0,237.0,214.0,231.0,237.0,244.0,126.0,239.0,217.0,136.0,109.0,136.0,111.0,143.0,146.0,142.0,168.0,173.0,190.0,195.0,201.0,316.0,251.0,214.0,239.0,223.0,216.0,189.0,222.0,256.0,257.0,232.0,201.0,232.0,187.0,223.0,170.0,228.0,115.0,199.0,204.0,201.0,178.0,198.0,196.0,136.0,182.0,175.0,166.0,189.0,210.0
219.0,243.0,254.0,223.0,225.0,217.0,240.0,183.0,204.0,183.0,163.0,114.0,135.0,120.0,123.0,146.0,161.0,174.0,158.0,226.0,178.0,216.0,319.0,261.0,243.0,240.0,243.0,239.0,184.0,195.0,242.0,270.0,251.0,211.0,209.0,196.0,215.0,204.0,204.0,115.0,193.0,234.0,213.0,204.0,211.0,201.0,141.0,182.0,161.0,189.0,172.0,202.0
213.0,227.0,222.0,222.0,210.0,246.0,225.0,177.0,204.0,219.0,147.0,113.0,121.0,123.0,143.0,148.0,136.0,159.0,190.0,195.0,205.0,192.0,313.0,228.0,218.0,252.0,227.0,203.0,189.0,206.0,264.0,256.0,246.0,210.0,226.0,201.0,201.0,199.0,212.0,108.0,208.0,207.0,201.0,195.0,255.0,189.0,127.0,192.0,158.0,167.0,218.0,227.0
246.0,235.0,265.0,232.0,239.0,235.0,244.0,236.0,207.0,224.0,136.0,132.0,127.0,125.0,125.0,114.0,153.0,165.0,186.0,206.0,194.0,157.0,317.0,239.0,218.0,232.0,224.0,222.0,205.0,207.0,240.0,229.0,213.0,205.0,209.0,192.0,212.0,168.0,212.0,121.0,224.0,252.0,211.0,184.0,231.0,211.0,130.0,199.0,182.0,201.0,199.0,250.0
236.0,222.0,237.0,227.0,232.0,219.0,236.0,211.0,259.0,218.0,110.0,125.0,139.0,135.0,141.0,162.0,152.0,169.0,177.0,178.0,232.0,173.0,316.0,228.0,250.0,244.0,235.0,261.0,233.0,208.0,206.0,241.0,209.0,217.0,226.0,219.0,214.0,212.0,222.0,121.0,211.0,247.0,213.0,193.0,243.0,209.0,133.0,204.0,179.0,173.0,219.0,252.0
234.0,239.0,238.0,234.0,226.0,241.0,235.0,222.0,249.0,227.0,136.0,146.0,133.0,150.0,134.0,158.0,151.0,165.0,207.0,221.0,210.0,174.0,332.0,221.0,231.0,252.0,192.0,245.0,189.0,221.0,242.0,221.0,192.0,211.0,212.0,185.0,231.0,199.0,207.0,140.0,208.0,241.0,179.0,181.0,235.0,221.0,144.0,195.0,187.0,194.0,228.0,242.0
266.0,240.0,237.0,223.0,221.0,231.0,257.0,204.0,221.0,201.0,135.0,123.0,98.0,126.0,141.0,141.0,139.0,161.0,228.0,161.0,196.0,186.0,325.0,240.0,222.0,252.0,229.0,227.0,204.0,224.0,254.0,238.0,225.0,227.0,184.0,208.0,210.0,205.0,166.0,117.0,216.0,245.0,197.0,194.0,224.0,197.0,123.0,209.0,196.0,174.0,197.0,236.0
221.0,219.0,227.0,249.0,256.0,222.0,231.0,203.0,198.0,222.0,109.0,127.0,123.0,122.0,133.0,140.0,152.0,149.0,155.0,191.0,232.0,169.0,304.0,199.0,208.0,241.0,222.0,222.0,209.0,180.0,214.0,202.0,218.0,191.0,214.0,182.0,185.0,173.0,181.0,103.0,158.0,217.0,205.0,166.0,235.0,221.0,125.0,174.0,165.0,170.0,201.0,222.0
235.0,227.0,232.0,245.0,213.0,202.0,256.0,208.0,200.0,210.0,138.0,136.0,132.0,114.0,132.0,118.0,144.0,146.0,151.0,203.0,177.0,140.0,299.0,183.0,238.0,221.0,221.0,226.0,212.0,175.0,225.0,198.0,202.0,213.0,177.0,194.0,199.0,204.0,211.0,108.0,193.0,210.0,185.0,165.0,206.0,187.0,134.0,184.0,178.0,175.0,221.0,216.0
276.0,246.0,234.0,248.0,236.0,253.0,228.0,245.0,213.0,215.0,144.0,134.0,152.0,126.0,153.0,151.0,140.0,190.0,188.0,173.0,199.0,177.0,320.0,244.0,199.0,268.0,202.0,214.0,204.0,191.0,217.0,237.0,272.0,200.0,229.0,173.0,201.0,178.0,189.0,128.0,196.0,193.0,173.0,182.0,251.0,217.0,142.0,158.0,187.0,178.0,194.0,251.0
268.0,251.0,245.0,285.0,255.0,249.0,263.0,218.0,252.0,204.0,151.0,121.0,122.0,129.0,127.0,139.0,147.0,165.0,151.0,181.0,184.0,156.0,318.0,226.0,234.0,243.0,213.0,223.0,218.0,222.0,244.0,241.0,222.0,246.0,200.0,195.0,228.0,218.0,226.0,117.0,204.0,247.0,187.0,216.0,245.0,194.0,133.0,196.0,180.0,191.0,216.0,225.0
274.0,223.0,255.0,271.0,273.0,248.0,277.0,273.0,217.0,262.0,161.0,141.0,132.0,148.0,143.0,132.0,149.0,176.0,204.0,193.0,223.0,203.0,345.0,216.0,216.0,245.0,223.0,261.0,177.0,193.0,222.0,242.0,225.0,219.0,204.0,216.0,207.0,190.0,142.0,137.0,195.0,247.0,220.0,184.0,240.0,254.0,133.0,233.0,167.0,208.0,204.0,207.0
242.0,264.0,254.0,254.0,278.0,264.0,245.0,237.0,211.0,219.0,150.0,125.0,104.0,143.0,99.0,145.0,131.0,167.0,170.0,198.0,183.0,208.0,331.0,237.0,220.0,239.0,178.0,252.0,191.0,220.0,221.0,222.0,233.0,221.0,214.0,191.0,222.0,191.0,141.0,117.0,201.0,212.0,219.0,187.0,278.0,244.0,134.0,192.0,179.0,182.0,146.0,244.0
240.0,235.0,248.0,229.0,229.0,252.0,230.0,251.0,238.0,216.0,143.0,115.0,125.0,107.0,113.0,146.0,150.0,185.0,170.0,170.0,193.0,212.0,317.0,231.0,236.0,222.0,186.0,241.0,198.0,194.0,262.0,240.0,213.0,227.0,214.0,195.0,204.0,196.0,221.0,137.0,174.0,239.0,201.0,177.0,215.0,197.0,132.0,178.0,167.0,163.0,163.0,238.0
227.0,250.0,201.0,234.0,223.0,216.0,246.0,198.0,199.0,194.0,137.0,106.0,127.0,118.0,137.0,138.0,162.0,147.0,174.0,205.0,191.0,186.0,315.0,213.0,228.0,248.0,264.0,234.0,204.0,198.0,222.0,220.0,189.0,194.0,206.0,174.0,195.0,191.0,217.0,92.0,203.0,215.0,187.0,163.0,231.0,207.0,132.0,178.0,161.0,187.0,133.0,207.0
246.0,216.0,236.0,234.0,210.0,237.0,208.0,199.0,164.0,217.0,152.0,107.0,121.0,127.0,133.0,130.0,122.0,154.0,165.0,173.0,173.0,185.0,307.0,217.0,211.0,225.0,200.0,187.0,194.0,171.0,231.0,231.0,238.0,213.0,180.0,216.0,193.0,195.0,194.0,121.0,152.0,206.0,150.0,180.0,226.0,186.0,132.0,155.0,165.0,170.0,175.0,197.0
212.0,228.0,239.0,242.0,200.0,170.0,228.0,221.0,196.0,203.0,160.0,111.0,111.0,107.0,117.0,114.0,143.0,150.0,155.0,188.0,178.0,160.0,308.0,208.0,190.0,245.0,223.0,185.0,190.0,191.0,200.0,232.0,213.0,183.0,194.0,170.0,229.0,161.0,185.0,128.0,171.0,199.0,218.0,170.0,220.0,195.0,127.0,165.0,148.0,165.0,153.0,230.0
238.0,226.0,218.0,242.0,219.0,193.0,227.0,207.0,218.0,186.0,142.0,101.0,116.0,111.0,105.0,120.0,132.0,162.0,170.0,163.0,194.0,175.0,311.0,222.0,191.0,215.0,201.0,189.0,174.0,232.0,202.0,205.0,208.0,205.0,194.0,187.0,156.0,174.0,180.0,137.0,156.0,182.0,167.0,139.0,173.0,188.0,138.0,173.0,144.0,170.0,162.0,193.0
240.0,211.0,209.0,191.0,211.0,212.0,223.0,185.0,209.0,186.0,153.0,128.0,124.0,103.0,101.0,105.0,137.0,151.0,141.0,168.0,203.0,182.0,306.0,201.0,199.0,205.0,202.0,235.0,180.0,168.0,225.0,201.0,175.0,178.0,193.0,180.0,190.0,166.0,209.0,74.0,184.0,175.0,154.0,144.0,180.0,182.0,124.0,152.0,165.0,146.0,141.0,225.0
237.0,213.0,217.0,202.0,198.0,191.0,202.0,196.0,170.0,175.0,106.0,104.0,111.0,114.0,126.0,119.0,122.0,151.0,159.0,151.0,170.0,158.0,283.0,187.0,199.0,218.0,187.0,194.0,177.0,185.0,235.0,202.0,209.0,209.0,197.0,149.0,181.0,154.0,184.0,140.0,170.0,193.0,153.0,146.0,169.0,150.0,108.0,141.0,126.0,144.0,132.0,197.0
190.0,186.0,206.0,201.0,172.0,201.0,210.0,180.0,189.0,172.0,128.0,94.0,112.0,110.0,108.0,133.0,115.0,134.0,143.0,161.0,159.0,145.0,274.0,195.0,178.0,174.0,201.0,178.0,164.0,189.0,184.0,193.0,185.0,162.0,160.0,165.0,199.0,165.0,190.0,96.0,119.0,189.0,158.0,161.0,187.0,161.0,105.0,172.0,155.0,136.0,178.0,195.0
195.0,193.0,186.0,187.0,203.0,212.0,203.0,176.0,214.0,181.0,128.0,113.0,90.0,121.0,96.0,108.0,137.0,139.0,138.0,0.0,156.0,182.0,279.0,194.0,181.0,219.0,197.0,226.0,169.0,177.0,186.0,206.0,167.0,207.0,179.0,191.0,167.0,180.0,171.0,99.0,148.0,182.0,173.0,150.0,153.0,141.0,103.0,167.0,123.0,144.0,124.0,196.0
170.0,179.0,207.0,197.0,214.0,210.0,215.0,185.0,207.0,179.0,146.0,108.0,103.0,86.0,115.0,124.0,130.0,114.0,150.0,159.0,160.0,159.0,272.0,205.0,195.0,194.0,194.0,164.0,144.0,177.0,211.0,201.0,219.0,175.0,194.0,161.0,209.0,146.0,174.0,128.0,123.0,174.0,156.0,136.0,171.0,156.0,108.0,141.0,132.0,146.0,197.0,153.0
222.0,191.0,213.0,167.0,202.0,189.0,223.0,169.0,209.0,198.0,153.0,81.0,115.0,112.0,94.0,121.0,117.0,140.0,122.0,157.0,186.0,151.0,267.0,188.0,196.0,183.0,201.0,189.0,184.0,184.0,176.0,247.0,225.0,201.0,184.0,190.0,166.0,175.0,189.0,103.0,170.0,170.0,155.0,168.0,187.0,158.0,117.0,149.0,132.0,138.0,146.0,175.0
220.0,192.0,204.0,189.0,198.0,189.0,222.0,189.0,228.0,187.0,121.0,103.0,110.0,94.0,102.0,104.0,132.0,125.0,148.0,178.0,158.0,142.0,270.0,176.0,200.0,201.0,186.0,177.0,172.0,189.0,223.0,190.0,191.0,170.0,169.0,167.0,161.0,158.0,162.0,77.0,144.0,174.0,184.0,126.0,172.0,158.0,120.0,144.0,135.0,127.0,156.0,162.0
171.0,199.0,175.0,167.0,203.0,196.0,229.0,161.0,190.0,180.0,138.0,94.0,100.0,87.0,122.0,107.0,103.0,123.0,122.0,147.0,206.0,159.0,267.0,182.0,174.0,186.0,180.0,180.0,164.0,153.0,189.0,190.0,185.0,150.0,162.0,146.0,164.0,149.0,142.0,83.0,170.0,191.0,153.0,114.0,188.0,128.0,114.0,127.0,141.0,119.0,115.0,182.0
169.0,159.0,192.0,172.0,165.0,177.0,178.0,185.0,150.0,159.0,123.0,89.0,103.0,87.0,115.0,107.0,104.0,123.0,130.0,150.0,185.0,153.0,260.0,145.0,190.0,200.0,171.0,146.0,186.0,149.0,198.0,201.0,190.0,166.0,158.0,163.0,182.0,136.0,169.0,89.0,136.0,160.0,139.0,120.0,164.0,140.0,88.0,133.0,121.0,144.0,149.0,153.0
180.0,195.0,157.0,187.0,186.0,179.0,207.0,183.0,212.0,157.0,123.0,110.0,78.0,81.0,97.0,86.0,109.0,111.0,123.0,123.0,135.0,152.0,249.0,175.0,158.0,192.0,178.0,152.0,137.0,154.0,191.0,150.0,157.0,170.0,145.0,118.0,164.0,132.0,154.0,89.0,135.0,164.0,144.0,132.0,149.0,139.0,101.0,112.0,124.0,133.0,124.0,182.0
165.0,170.0,155.0,176.0,178.0,166.0,161.0,175.0,176.0,159.0,140.0,86.0,81.0,80.0,95.0,83.0,88.0,105.0,121.0,161.0,145.0,147.0,248.0,166.0,176.0,186.0,186.0,152.0,137.0,141.0,165.0,149.0,153.0,136.0,172.0,133.0,170.0,131.0,161.0,77.0,141.0,150.0,148.0,112.0,154.0,132.0,108.0,109.0,112.0,107.0,111.0,168.0
153.0,159.0,163.0,165.0,160.0,179.0,181.0,155.0,173.0,173.0,127.0,80.0,96.0,81.0,98.0,99.0,118.0,100.0,122.0,114.0,136.0,127.0,234.0,138.0,161.0,168.0,166.0,158.0,151.0,161.0,188.0,172.0,141.0,149.0,146.0,136.0,151.0,120.0,160.0,77.0,146.0,174.0,136.0,110.0,163.0,130.0,108.0,138.0,98.0,113.0,125.0,162.0
153.0,162.0,151.0,142.0,163.0,173.0,168.0,154.0,155.0,174.0,123.0,81.0,69.0,89.0,97.0,94.0,113.0,94.0,106.0,120.0,155.0,141.0,231.0,185.0,162.0,147.0,126.0,145.0,139.0,155.0,158.0,178.0,190.0,142.0,160.0,115.0,166.0,126.0,151.0,83.0,138.0,142.0,145.0,121.0,129.0,114.0,100.0,101.0,110.0,112.0,112.0,135.0
144.0,143.0,150.0,168.0,153.0,170.0,158.0,139.0,150.0,133.0,97.0,68.0,97.0,68.0,89.0,96.0,89.0,107.0,106.0,109.0,145.0,136.0,226.0,156.0,151.0,152.0,170.0,152.0,143.0,152.0,151.0,165.0,148.0,160.0,148.0,139.0,139.0,78.0,165.0,89.0,136.0,121.0,66.0,81.0,138.0,112.0,76.0,100.0,95.0,102.0,135.0,167.0
150.0,152.0,124.0,124.0,134.0,154.0,173.0,154.0,122.0,124.0,97.0,66.0,92.0,79.0,79.0,68.0,97.0,99.0,123.0,143.0,148.0,132.0,229.0,116.0,153.0,157.0,152.0,125.0,140.0,139.0,148.0,146.0,138.0,147.0,154.0,124.0,139.0,117.0,157.0,70.0,146.0,165.0,69.0,108.0,138.0,111.0,83.0,112.0,120.0,102.0,127.0,131.0
175.0,170.0,139.0,121.0,142.0,140.0,182.0,126.0,124.0,156.0,95.0,69.0,62.0,94.0,84.0,83.0,104.0,93.0,112.0,118.0,135.0,109.0,211.0,149.0,168.0,150.0,144.0,149.0,134.0,160.0,143.0,188.0,145.0,142.0,123.0,144.0,132.0,129.0,145.0,89.0,93.0,156.0,52.0,108.0,139.0,91.0,80.0,106.0,98.0,106.0,94.0,135.0
128.0,150.0,138.0,152.0,138.0,105.0,143.0,138.0,114.0,98.0,143.0,75.0,76.0,76.0,75.0,96.0,95.0,89.0,94.0,116.0,148.0,136.0,211.0,134.0,153.0,148.0,159.0,148.0,145.0,137.0,169.0,167.0,141.0,133.0,146.0,165.0,112.0,124.0,144.0,66.0,138.0,165.0,89.0,102.0,118.0,121.0,81.0,105.0,108.0,124.0,136.0,167.0
153.0,152.0,144.0,126.0,137.0,132.0,155.0,128.0,122.0,139.0,136.0,71.0,85.0,74.0,81.0,91.0,99.0,100.0,109.0,113.0,151.0,138.0,216.0,153.0,149.0,154.0,134.0,151.0,120.0,138.0,156.0,169.0,159.0,146.0,150.0,118.0,123.0,112.0,129.0,64.0,135.0,156.0,67.0,93.0,125.0,115.0,74.0,119.0,118.0,107.0,112.0,161.0
151.0,153.0,147.0,136.0,116.0,136.0,154.0,130.0,133.0,100.0,117.0,74.0,83.0,74.0,81.0,74.0,90.0,105.0,106.0,111.0,159.0,107.0,201.0,153.0,150.0,171.0,140.0,143.0,132.0,152.0,148.0,156.0,147.0,132.0,140.0,135.0,146.0,93.0,132.0,83.0,105.0,164.0,78.0,103.0,124.0,121.0,93.0,95.0,66.0,115.0,124.0,141.0
132.0,104.0,121.0,130.0,150.0,113.0,192.0,153.0,133.0,122.0,114.0,74.0,79.0,76.0,93.0,83.0,110.0,117.0,103.0,106.0,142.0,111.0,200.0,127.0,134.0,149.0,164.0,115.0,146.0,114.0,128.0,133.0,122.0,133.0,135.0,161.0,112.0,107.0,169.0,32.0,138.0,127.0,67.0,86.0,120.0,111.0,83.0,106.0,87.0,83.0,108.0,141.0
100.0,114.0,106.0,110.0,129.0,137.0,112.0,117.0,106.0,138.0,112.0,61.0,81.0,78.0,71.0,85.0,72.0,78.0,108.0,96.0,118.0,117.0,195.0,138.0,151.0,164.0,153.0,168.0,115.0,149.0,166.0,174.0,150.0,132.0,129.0,116.0,150.0,129.0,144.0,64.0,109.0,150.0,120.0,115.0,132.0,131.0,85.0,74.0,72.0,96.0,107.0,123.0
124.0,125.0,127.0,106.0,138.0,122.0,149.0,127.0,130.0,113.0,102.0,77.0,71.0,77.0,83.0,77.0,94.0,95.0,118.0,107.0,158.0,128.0,200.0,133.0,162.0,164.0,128.0,120.0,118.0,137.0,141.0,144.0,153.0,137.0,136.0,137.0,122.0,127.0,133.0,66.0,120.0,131.0,124.0,100.0,117.0,115.0,80.0,96.0,85.0,89.0,122.0,115.0
126.0,107.0,108.0,135.0,111.0,122.0,157.0,142.0,124.0,112.0,96.0,59.0,86.0,79.0,79.0,94.0,85.0,105.0,85.0,94.0,118.0,94.0,181.0,132.0,140.0,153.0,112.0,134.0,134.0,130.0,143.0,139.0,137.0,125.0,106.0,107.0,150.0,124.0,134.0,60.0,116.0,127.0,100.0,93.0,131.0,106.0,81.0,92.0,89.0,77.0,103.0,123.0
119.0,107.0,121.0,103.0,120.0,132.0,129.0,129.0,111.0,130.0,113.0,68.0,81.0,58.0,65.0,83.0,85.0,101.0,114.0,102.0,123.0,117.0,192.0,104.0,127.0,150.0,144.0,127.0,123.0,113.0,144.0,151.0,132.0,114.0,125.0,127.0,102.0,120.0,131.0,54.0,120.0,128.0,110.0,89.0,0.0,101.0,78.0,65.0,83.0,81.0,108.0,110.0
105.0,94.0,110.0,103.0,92.0,117.0,112.0,108.0,107.0,107.0,86.0,65.0,82.0,64.0,70.0,85.0,76.0,95.0,97.0,110.0,118.0,102.0,184.0,116.0,125.0,141.0,133.0,130.0,106.0,132.0,114.0,137.0,127.0,118.0,97.0,136.0,119.0,104.0,125.0,54.0,104.0,146.0,120.0,83.0,82.0,104.0,82.0,83.0,83.0,66.0,96.0,115.0
110.0,127.0,116.0,110.0,106.0,93.0,143.0,125.0,130.0,113.0,90.0,72.0,68.0,66.0,82.0,65.0,83.0,86.0,87.0,110.0,126.0,97.0,178.0,112.0,103.0,138.0,146.0,127.0,95.0,132.0,129.0,137.0,152.0,121.0,106.0,115.0,113.0,107.0,127.0,57.0,115.0,105.0,100.0,72.0,99.0,86.0,75.0,89.0,73.0,76.0,106.0,103.0
134.0,98.0,109.0,114.0,118.0,104.0,134.0,100.0,112.0,108.0,97.0,67.0,67.0,63.0,74.0,79.0,70.0,84.0,75.0,87.0,107.0,111.0,170.0,122.0,141.0,126.0,151.0,123.0,112.0,120.0,149.0,109.0,140.0,133.0,89.0,116.0,123.0,101.0,118.0,64.0,101.0,125.0,103.0,66.0,117.0,95.0,69.0,74.0,81.0,69.0,104.0,98.0
104.0,101.0,116.0,95.0,102.0,129.0,119.0,117.0,112.0,104.0,98.0,57.0,78.0,75.0,66.0,69.0,86.0,72.0,89.0,104.0,135.0,100.0,177.0,140.0,130.0,139.0,125.0,127.0,132.0,120.0,131.0,132.0,132.0,118.0,79.0,129.0,106.0,124.0,123.0,51.0,100.0,150.0,95.0,78.0,105.0,90.0,76.0,85.0,81.0,101.0,98.0,108.0
101.0,120.0,100.0,91.0,105.0,102.0,125.0,100.0,100.0,139.0,122.0,61.0,72.0,70.0,75.0,74.0,95.0,86.0,92.0,113.0,108.0,104.0,177.0,126.0,141.0,122.0,135.0,124.0,108.0,125.0,94.0,125.0,154.0,121.0,117.0,95.0,108.0,120.0,47.0,48.0,81.0,115.0,94.0,68.0,93.0,81.0,76.0,96.0,86.0,98.0,86.0,110.0
90.0,100.0,115.0,92.0,120.0,92.0,122.0,118.0,94.0,99.0,90.0,79.0,75.0,77.0,68.0,93.0,77.0,96.0,99.0,105.0,144.0,80.0,179.0,127.0,117.0,118.0,109.0,127.0,114.0,132.0,127.0,132.0,121.0,116.0,92.0,107.0,106.0,95.0,36.0,66.0,102.0,111.0,102.0,79.0,107.0,106.0,66.0,72.0,71.0,80.0,76.0,103.0
108.0,105.0,111.0,95.0,99.0,114.0,127.0,109.0,109.0,92.0,85.0,70.0,72.0,59.0,75.0,69.0,90.0,84.0,94.0,109.0,114.0,88.0,176.0,116.0,118.0,137.0,138.0,134.0,95.0,132.0,121.0,124.0,115.0,118.0,112.0,115.0,129.0,110.0,28.0,45.0,103.0,97.0,90.0,74.0,81.0,63.0,83.0,90.0,69.0,111.0,103.0,117.0
109.0,94.0,98.0,110.0,97.0,104.0,107.0,125.0,114.0,108.0,74.0,50.0,58.0,68.0,82.0,72.0,93.0,82.0,92.0,113.0,104.0,104.0,172.0,136.0,116.0,140.0,133.0,128.0,94.0,128.0,132.0,107.0,119.0,83.0,79.0,112.0,92.0,78.0,36.0,64.0,81.0,92.0,81.0,78.0,80.0,74.0,63.0,67.0,87.0,69.0,76.0,98.0
88.0,98.0,92.0,83.0,80.0,113.0,115.0,91.0,103.0,114.0,83.0,54.0,77.0,58.0,63.0,66.0,84.0,78.0,87.0,95.0,130.0,90.0,167.0,131.0,109.0,117.0,136.0,118.0,131.0,103.0,128.0,153.0,111.0,116.0,80.0,101.0,92.0,83.0,68.0,32.0,91.0,103.0,98.0,81.0,103.0,72.0,71.0,81.0,72.0,69.0,74.0,86.0
88.0,86.0,97.0,94.0,98.0,95.0,94.0,90.0,101.0,107.0,71.0,59.0,64.0,53.0,69.0,68.0,73.0,75.0,91.0,86.0,127.0,87.0,161.0,97.0,126.0,108.0,139.0,107.0,110.0,111.0,115.0,125.0,126.0,105.0,71.0,91.0,94.0,84.0,44.0,26.0,83.0,93.0,83.0,64.0,77.0,74.0,50.0,76.0,63.0,80.0,81.0,72.0
86.0,94.0,82.0,100.0,82.0,97.0,135.0,113.0,100.0,90.0,76.0,58.0,70.0,63.0,60.0,70.0,65.0,79.0,83.0,109.0,120.0,87.0,167.0,121.0,101.0,129.0,114.0,129.0,109.0,122.0,116.0,129.0,128.0,116.0,90.0,103.0,103.0,107.0,41.0,42.0,69.0,74.0,89.0,76.0,80.0,80.0,61.0,60.0,66.0,60.0,74.0,76.0
106.0,81.0,93.0,90.0,86.0,88.0,87.0,79.0,103.0,107.0,75.0,48.0,49.0,53.0,67.0,59.0,89.0,71.0,84.0,89.0,148.0,80.0,162.0,91.0,123.0,136.0,114.0,113.0,117.0,94.0,101.0,127.0,138.0,91.0,86.0,93.0,90.0,71.0,34.0,51.0,81.0,101.0,85.0,63.0,66.0,69.0,61.0,80.0,77.0,85.0,72.0,69.0
81.0,83.0,81.0,91.0,86.0,82.0,112.0,69.0,91.0,98.0,82.0,51.0,71.0,58.0,52.0,76.0,67.0,81.0,78.0,99.0,117.0,78.0,160.0,106.0,121.0,120.0,108.0,106.0,108.0,106.0,116.0,125.0,118.0,65.0,77.0,86.0,97.0,83.0,41.0,38.0,93.0,93.0,103.0,64.0,86.0,72.0,58.0,64.0,64.0,64.0,74.0,85.0
87.0,85.0,100.0,74.0,95.0,112.0,80.0,97.0,87.0,85.0,81.0,54.0,70.0,52.0,66.0,63.0,85.0,67.0,79.0,86.0,113.0,91.0,158.0,117.0,94.0,114.0,94.0,97.0,97.0,102.0,106.0,140.0,127.0,67.0,86.0,86.0,105.0,102.0,28.0,35.0,76.0,102.0,72.0,72.0,89.0,95.0,58.0,75.0,74.0,64.0,64.0,83.0
70.0,76.0,87.0,80.0,75.0,98.0,113.0,94.0,108.0,100.0,74.0,45.0,53.0,43.0,66.0,69.0,74.0,83.0,68.0,81.0,108.0,86.0,154.0,84.0,104.0,96.0,110.0,94.0,115.0,103.0,116.0,130.0,135.0,94.0,82.0,87.0,91.0,78.0,36.0,35.0,64.0,80.0,76.0,68.0,69.0,71.0,58.0,60.0,72.0,66.0,94.0,63.0
86.0,97.0,94.0,81.0,85.0,101.0,87.0,73.0,85.0,88.0,80.0,61.0,53.0,57.0,78.0,56.0,68.0,85.0,75.0,75.0,118.0,91.0,158.0,106.0,101.0,104.0,103.0,108.0,93.0,89.0,115.0,104.0,88.0,103.0,88.0,72.0,86.0,69.0,34.0,22.0,81.0,74.0,69.0,57.0,76.0,60.0,51.0,66.0,67.0,60.0,72.0,78.0
79.0,81.0,91.0,90.0,88.0,84.0,98.0,88.0,55.0,106.0,64.0,45.0,52.0,50.0,49.0,72.0,81.0,80.0,101.0,84.0,112.0,65.0,163.0,92.0,101.0,148.0,89.0,91.0,86.0,106.0,99.0,83.0,94.0,96.0,90.0,90.0,76.0,74.0,39.0,38.0,90.0,91.0,75.0,59.0,85.0,66.0,51.0,57.0,75.0,69.0,93.0,83.0
81.0,101.0,78.0,69.0,93.0,92.0,98.0,75.0,106.0,105.0,63.0,49.0,51.0,63.0,58.0,47.0,65.0,80.0,81.0,79.0,103.0,73.0,157.0,79.0,91.0,125.0,115.0,113.0,100.0,100.0,96.0,101.0,103.0,92.0,78.0,72.0,91.0,87.0,21.0,57.0,81.0,76.0,73.0,69.0,80.0,67.0,53.0,66.0,74.0,61.0,74.0,87.0
94.0,64.0,92.0,85.0,85.0,96.0,90.0,93.0,103.0,85.0,57.0,49.0,48.0,46.0,62.0,62.0,73.0,74.0,74.0,76.0,91.0,68.0,151.0,93.0,96.0,100.0,88.0,104.0,96.0,91.0,103.0,93.0,92.0,87.0,85.0,74.0,85.0,61.0,31.0,45.0,87.0,79.0,69.0,65.0,67.0,70.0,51.0,64.0,61.0,62.0,84.0,63.0
92.0,76.0,74.0,72.0,79.0,91.0,99.0,86.0,84.0,80.0,65.0,51.0,51.0,42.0,50.0,54.0,61.0,71.0,52.0,67.0,129.0,58.0,140.0,93.0,98.0,107.0,102.0,102.0,106.0,84.0,79.0,92.0,100.0,80.0,79.0,86.0,77.0,61.0,28.0,35.0,77.0,75.0,85.0,69.0,78.0,58.0,51.0,65.0,55.0,60.0,89.0,71.0
69.0,73.0,74.0,62.0,77.0,73.0,100.0,75.0,91.0,82.0,76.0,43.0,54.0,52.0,54.0,47.0,55.0,59.0,82.0,79.0,87.0,73.0,148.0,89.0,99.0,100.0,93.0,103.0,71.0,88.0,113.0,103.0,101.0,82.0,83.0,91.0,80.0,72.0,26.0,22.0,72.0,92.0,78.0,61.0,67.0,49.0,56.0,66.0,48.0,52.0,76.0,73.0
73.0,85.0,69.0,53.0,88.0,79.0,68.0,86.0,76.0,70.0,57.0,43.0,48.0,52.0,54.0,58.0,70.0,58.0,66.0,74.0,111.0,57.0,143.0,82.0,91.0,115.0,89.0,78.0,92.0,83.0,95.0,99.0,97.0,81.0,74.0,77.0,93.0,75.0,24.0,22.0,81.0,73.0,80.0,67.0,77.0,65.0,46.0,72.0,58.0,54.0,55.0,57.0
75.0,82.0,73.0,49.0,69.0,70.0,74.0,84.0,77.0,84.0,54.0,53.0,54.0,55.0,59.0,44.0,53.0,72.0,72.0,69.0,94.0,69.0,139.0,87.0,90.0,88.0,86.0,118.0,89.0,82.0,82.0,96.0,83.0,97.0,81.0,72.0,71.0,76.0,30.0,35.0,63.0,92.0,60.0,73.0,74.0,53.0,43.0,64.0,45.0,64.0,66.0,65.0
68.0,72.0,82.0,55.0,63.0,72.0,76.0,82.0,59.0,77.0,67.0,55.0,57.0,44.0,41.0,62.0,64.0,66.0,61.0,67.0,80.0,68.0,133.0,97.0,80.0,80.0,92.0,93.0,70.0,102.0,89.0,72.0,94.0,62.0,82.0,64.0,71.0,69.0,34.0,21.0,62.0,72.0,60.0,63.0,57.0,60.0,53.0,58.0,60.0,54.0,72.0,65.0
70.0,58.0,68.0,85.0,77.0,52.0,78.0,55.0,68.0,62.0,51.0,60.0,51.0,50.0,49.0,48.0,74.0,65.0,65.0,65.0,76.0,58.0,130.0,72.0,101.0,88.0,78.0,71.0,67.0,71.0,87.0,75.0,72.0,71.0,90.0,81.0,70.0,61.0,21.0,21.0,72.0,63.0,63.0,52.0,62.0,60.0,51.0,52.0,57.0,60.0,69.0,69.0
71.0,67.0,85.0,82.0,64.0,74.0,81.0,70.0,60.0,62.0,58.0,52.0,48.0,40.0,49.0,47.0,78.0,53.0,65.0,62.0,91.0,68.0,129.0,98.0,93.0,89.0,79.0,90.0,85.0,77.0,72.0,87.0,94.0,70.0,66.0,59.0,68.0,65.0,19.0,37.0,54.0,68.0,66.0,57.0,61.0,49.0,38.0,77.0,43.0,51.0,91.0,55.0
76.0,66.0,76.0,51.0,61.0,71.0,80.0,57.0,57.0,74.0,58.0,45.0,40.0,37.0,54.0,39.0,72.0,74.0,52.0,61.0,77.0,63.0,119.0,85.0,77.0,103.0,77.0,95.0,85.0,80.0,77.0,88.0,88.0,72.0,63.0,66.0,59.0,72.0,24.0,39.0,72.0,65.0,71.0,57.0,68.0,53.0,48.0,67.0,68.0,66.0,98.0,69.0
68.0,64.0,52.0,82.0,70.0,67.0,69.0,80.0,75.0,80.0,62.0,52.0,53.0,55.0,52.0,56.0,59.0,61.0,63.0,52.0,69.0,52.0,116.0,82.0,98.0,100.0,96.0,84.0,74.0,66.0,71.0,70.0,77.0,75.0,69.0,64.0,60.0,57.0,30.0,41.0,61.0,58.0,57.0,75.0,51.0,54.0,48.0,47.0,61.0,40.0,69.0,52.0
56.0,65.0,65.0,62.0,58.0,63.0,72.0,65.0,63.0,65.0,78.0,46.0,58.0,49.0,56.0,55.0,54.0,57.0,67.0,57.0,84.0,50.0,121.0,90.0,84.0,75.0,82.0,76.0,71.0,79.0,70.0,88.0,78.0,66.0,70.0,73.0,76.0,76.0,21.0,36.0,63.0,72.0,64.0,58.0,54.0,47.0,39.0,59.0,73.0,52.0,74.0,67.0
57.0,72.0,72.0,40.0,63.0,58.0,67.0,63.0,62.0,67.0,54.0,56.0,46.0,51.0,51.0,51.0,62.0,63.0,63.0,70.0,88.0,61.0,123.0,73.0,74.0,104.0,88.0,78.0,85.0,77.0,94.0,87.0,76.0,63.0,63.0,61.0,71.0,52.0,31.0,21.0,55.0,62.0,88.0,63.0,70.0,56.0,50.0,65.0,64.0,72.0,81.0,58.0
66.0,45.0,63.0,85.0,61.0,64.0,74.0,56.0,76.0,74.0,65.0,47.0,58.0,42.0,39.0,37.0,53.0,65.0,69.0,68.0,85.0,64.0,120.0,96.0,69.0,74.0,59.0,74.0,69.0,82.0,68.0,82.0,69.0,66.0,77.0,74.0,66.0,64.0,28.0,26.0,51.0,71.0,65.0,54.0,56.0,56.0,36.0,52.0,55.0,63.0,59.0,60.0
69.0,80.0,61.0,46.0,60.0,68.0,71.0,56.0,59.0,65.0,54.0,40.0,46.0,33.0,107.0,46.0,45.0,56.0,59.0,61.0,71.0,65.0,117.0,80.0,83.0,96.0,93.0,71.0,82.0,70.0,80.0,79.0,80.0,61.0,60.0,76.0,80.0,54.0,34.0,24.0,67.0,69.0,57.0,60.0,67.0,47.0,44.0,49.0,46.0,46.0,64.0,67.0
59.0,62.0,59.0,55.0,59.0,73.0,50.0,55.0,53.0,72.0,60.0,33.0,52.0,42.0,107.0,45.0,68.0,59.0,62.0,46.0,70.0,58.0,113.0,78.0,81.0,75.0,60.0,84.0,65.0,74.0,76.0,78.0,93.0,64.0,72.0,53.0,63.0,68.0,21.0,35.0,72.0,49.0,52.0,61.0,71.0,51.0,41.0,77.0,70.0,68.0,72.0,63.0
57.0,52.0,50.0,54.0,62.0,54.0,75.0,61.0,63.0,54.0,59.0,50.0,44.0,45.0,101.0,52.0,56.0,46.0,57.0,51.0,74.0,47.0,102.0,69.0,66.0,64.0,68.0,68.0,80.0,63.0,66.0,68.0,48.0,66.0,63.0,75.0,51.0,55.0,27.0,40.0,63.0,62.0,72.0,47.0,61.0,56.0,42.0,40.0,43.0,43.0,49.0,71.0
61.0,52.0,72.0,81.0,54.0,59.0,50.0,71.0,59.0,66.0,51.0,41.0,48.0,39.0,97.0,50.0,50.0,46.0,71.0,52.0,66.0,41.0,103.0,72.0,62.0,65.0,61.0,61.0,61.0,61.0,63.0,64.0,76.0,60.0,83.0,39.0,55.0,61.0,31.0,35.0,61.0,53.0,53.0,49.0,50.0,50.0,48.0,43.0,53.0,60.0,47.0,49.0
48.0,47.0,59.0,46.0,52.0,53.0,42.0,49.0,53.0,49.0,54.0,44.0,44.0,45.0,93.0,45.0,38.0,53.0,45.0,50.0,67.0,41.0,95.0,58.0,78.0,76.0,65.0,62.0,57.0,61.0,59.0,72.0,68.0,77.0,53.0,50.0,51.0,57.0,35.0,32.0,45.0,78.0,43.0,63.0,44.0,45.0,39.0,68.0,63.0,52.0,50.0,68.0
51.0,40.0,42.0,51.0,45.0,40.0,49.0,47.0,40.0,53.0,46.0,28.0,33.0,34.0,80.0,32.0,50.0,38.0,51.0,52.0,58.0,56.0,92.0,83.0,55.0,52.0,61.0,42.0,71.0,57.0,49.0,46.0,67.0,53.0,61.0,50.0,47.0,47.0,19.0,34.0,47.0,64.0,69.0,59.0,44.0,55.0,37.0,54.0,44.0,56.0,51.0,48.0
54.0,36.0,48.0,49.0,47.0,38.0,47.0,50.0,55.0,42.0,40.0,37.0,33.0,35.0,74.0,36.0,48.0,46.0,46.0,45.0,66.0,48.0,80.0,56.0,53.0,69.0,53.0,53.0,61.0,61.0,55.0,65.0,50.0,49.0,58.0,61.0,65.0,39.0,34.0,21.0,63.0,47.0,70.0,56.0,39.0,45.0,35.0,49.0,45.0,43.0,49.0,70.0
47.0,36.0,47.0,41.0,47.0,43.0,53.0,44.0,45.0,55.0,46.0,40.0,30.0,29.0,48.0,44.0,40.0,36.0,49.0,54.0,58.0,41.0,77.0,62.0,55.0,61.0,67.0,60.0,70.0,77.0,44.0,51.0,52.0,43.0,60.0,64.0,41.0,52.0,26.0,32.0,67.0,58.0,44.0,43.0,48.0,53.0,29.0,49.0,49.0,43.0,45.0,49.0
44.0,41.0,58.0,44.0,36.0,49.0,40.0,41.0,46.0,42.0,38.0,31.0,40.0,44.0,47.0,45.0,49.0,59.0,46.0,52.0,56.0,48.0,79.0,56.0,65.0,61.0,58.0,67.0,60.0,69.0,48.0,53.0,51.0,54.0,58.0,59.0,55.0,54.0,28.0,31.0,67.0,58.0,52.0,46.0,62.0,53.0,39.0,66.0,46.0,61.0,57.0,43.0
52.0,47.0,57.0,42.0,38.0,42.0,56.0,46.0,49.0,42.0,39.0,43.0,31.0,41.0,35.0,44.0,44.0,40.0,38.0,53.0,56.0,49.0,74.0,55.0,46.0,58.0,55.0,55.0,65.0,43.0,34.0,51.0,64.0,55.0,48.0,48.0,56.0,59.0,27.0,38.0,58.0,49.0,60.0,62.0,42.0,40.0,34.0,39.0,58.0,38.0,59.0,62.0
57.0,46.0,44.0,40.0,53.0,43.0,40.0,36.0,48.0,38.0,51.0,33.0,29.0,28.0,32.0,37.0,41.0,44.0,44.0,49.0,48.0,39.0,67.0,44.0,61.0,59.0,58.0,60.0,52.0,57.0,38.0,57.0,53.0,38.0,63.0,57.0,54.0,40.0,29.0,35.0,36.0,49.0,48.0,35.0,48.0,36.0,34.0,47.0,54.0,46.0,62.0,60.0
45.0,49.0,44.0,38.0,42.0,51.0,51.0,38.0,36.0,54.0,37.0,31.0,39.0,34.0,35.0,39.0,36.0,28.0,39.0,36.0,50.0,36.0,62.0,33.0,53.0,42.0,47.0,51.0,49.0,63.0,46.0,59.0,49.0,43.0,60.0,37.0,35.0,59.0,27.0,36.0,49.0,48.0,58.0,47.0,53.0,35.0,31.0,40.0,41.0,46.0,66.0,57.0
36.0,40.0,44.0,38.0,44.0,39.0,49.0,38.0,43.0,51.0,56.0,40.0,45.0,32.0,33.0,40.0,43.0,34.0,33.0,41.0,55.0,42.0,61.0,56.0,42.0,55.0,41.0,59.0,52.0,54.0,47.0,49.0,55.0,50.0,42.0,59.0,31.0,46.0,19.0,41.0,70.0,43.0,59.0,52.0,41.0,38.0,31.0,41.0,44.0,53.0,47.0,50.0
44.0,36.0,48.0,42.0,47.0,50.0,52.0,34.0,42.0,42.0,44.0,33.0,41.0,21.0,33.0,42.0,31.0,37.0,35.0,36.0,45.0,37.0,61.0,58.0,47.0,56.0,47.0,39.0,49.0,50.0,53.0,50.0,52.0,46.0,52.0,47.0,39.0,33.0,35.0,29.0,41.0,46.0,53.0,49.0,37.0,34.0,35.0,41.0,36.0,48.0,50.0,55.0
50.0,48.0,39.0,38.0,40.0,46.0,45.0,44.0,39.0,38.0,44.0,44.0,29.0,30.0,31.0,35.0,44.0,40.0,57.0,37.0,50.0,51.0,61.0,49.0,44.0,58.0,64.0,43.0,56.0,61.0,56.0,68.0,43.0,58.0,46.0,41.0,46.0,67.0,29.0,32.0,48.0,47.0,44.0,35.0,51.0,40.0,34.0,50.0,36.0,49.0,48.0,49.0
42.0,40.0,47.0,38.0,37.0,40.0,30.0,34.0,43.0,42.0,45.0,25.0,30.0,30.0,33.0,29.0,41.0,46.0,36.0,33.0,52.0,41.0,56.0,38.0,56.0,45.0,54.0,53.0,42.0,44.0,44.0,49.0,46.0,41.0,48.0,55.0,45.0,63.0,25.0,21.0,55.0,39.0,46.0,40.0,41.0,43.0,32.0,38.0,48.0,50.0,38.0,48.0
37.0,42.0,43.0,36.0,39.0,37.0,48.0,28.0,36.0,45.0,39.0,30.0,40.0,40.0,45.0,34.0,29.0,30.0,32.0,37.0,36.0,34.0,55.0,55.0,42.0,49.0,42.0,55.0,49.0,65.0,48.0,53.0,39.0,35.0,44.0,50.0,37.0,40.0,39.0,31.0,46.0,39.0,54.0,45.0,36.0,32.0,38.0,50.0,43.0,39.0,49.0,36.0
34.0,31.0,31.0,32.0,35.0,35.0,34.0,46.0,38.0,30.0,37.0,22.0,45.0,39.0,24.0,27.0,36.0,28.0,34.0,38.0,43.0,31.0,54.0,48.0,41.0,40.0,41.0,53.0,47.0,48.0,45.0,39.0,35.0,36.0,47.0,50.0,44.0,54.0,27.0,35.0,38.0,36.0,46.0,37.0,36.0,27.0,36.0,36.0,41.0,54.0,54.0,47.0
36.0,36.0,34.0,32.0,33.0,34.0,38.0,24.0,42.0,37.0,42.0,23.0,27.0,28.0,36.0,29.0,24.0,25.0,36.0,34.0,44.0,24.0,46.0,41.0,47.0,42.0,47.0,41.0,56.0,57.0,41.0,35.0,54.0,38.0,39.0,45.0,33.0,38.0,27.0,28.0,46.0,38.0,45.0,50.0,34.0,33.0,31.0,39.0,45.0,48.0,36.0,39.0
