1/7/2025 17:00,386,54.2,104,54.8,99,53.8,78,53.3,65,54.4,40,54.6
1/7/2025 17:05,377,58,101,59.3,97,58,76,57.5,64,57.4,39,56.7
1/7/2025 17:10,443,53.9,119,54.5,113,53.5,89,53,75,54.2,47,54.5
1/7/2025 17:15,372,51.8,100,52.1,96,51.2,75,50.7,63,52.5,38,53.3
1/7/2025 17:20,303,54.4,81,54.2,79,53.4,62,54.7,51,55.4,30,55
1/7/2025 17:25,418,56.2,112,56.5,107,55.5,84,56.3,71,56.6,44,55.9
1/7/2025 17:30,322,54,87,54.6,84,53.6,66,53.1,54,54.2,31,54.5
1/7/2025 17:35,382,57.2,102,58.3,98,57.1,77,56.6,65,56.7,40,56.3
1/7/2025 17:40,307,52.1,84,51.9,80,51,63,51.9,51,53.5,29,53.5
1/7/2025 17:45,336,51.9,91,51,88,50.6,68,52.4,56,53.8,33,53.8
1/7/2025 17:50,392,52.9,105,53,101,52,79,52.6,66,54,41,53.9
1/7/2025 17:55,336,53.7,91,54.3,88,53.3,68,52.9,56,54,33,54.4
1/7/2025 18:00,347,56.5,94,57.5,90,56.3,70,55.8,58,56.2,35,55.9
1/7/2025 18:05,307,57.7,84,58.9,80,57.6,63,57.1,51,57.1,29,56.5
1/7/2025 18:10,356,55.5,95,56.4,92,55.3,72,54.8,60,55.4,37,55.4
1/7/2025 18:15,339,55.8,91,56.7,88,55.6,69,55.1,57,55.6,34,55.5
1/7/2025 18:20,300,55.9,81,56.8,78,55.7,61,55.2,50,55.7,30,55.6
1/7/2025 18:25,259,53.9,70,54.5,68,53.5,53,53,43,54.2,25,54.5
1/7/2025 18:30,295,52,79,52.4,77,51.5,60,51,50,52.7,29,53.5
1/7/2025 18:35,347,50.6,94,50.7,90,49.9,70,49.4,58,51.6,35,52.7
1/7/2025 18:40,279,52.8,75,53.2,73,52.3,57,51.8,47,53.3,27,53.9
1/7/2025 18:45,221,53.8,62,54.4,60,53.4,46,53,35,54.1,18,54.4
1/7/2025 18:50,279,49.4,75,49.4,73,48.7,57,48.2,47,50.7,27,52.1
1/7/2025 18:55,256,48.8,71,48.7,68,48,53,47.6,42,50.2,22,51.7
1/7/2025 19:00,231,49.1,64,49.1,62,48.4,48,48,37,50.5,20,51.9
1/7/2025 19:05,241,51,67,51.3,65,50.5,50,50,39,52,20,52.9
1/7/2025 19:10,245,50.8,67,51,65,50.2,50,49.7,40,51.8,23,52.8
1/7/2025 19:15,302,48.8,82,48.7,79,48,62,47.6,50,50.2,29,51.7
1/7/2025 19:20,259,50.5,70,50.6,68,49.8,53,49.4,43,51.7,25,52.6
1/7/2025 19:25,210,50.3,58,49,57,48.8,43,50.9,34,52.8,18,53
1/7/2025 19:30,255,48.5,68,47.9,68,47.3,53,48,43,50.7,23,51.4
1/7/2025 19:35,193,49.2,53,48.4,52,47.8,39,49.1,32,51.5,17,52
1/7/2025 19:40,258,54.5,71,55.2,68,54.2,53,53.7,42,54.6,24,54.8
1/7/2025 19:45,230,52.7,64,53.2,62,52.2,48,51.8,37,53.2,19,53.8
1/7/2025 19:50,213,48.3,58,48.1,57,47.5,44,47,35,49.9,19,51.4
1/7/2025 19:55,194,47.7,53,45.7,52,45.7,40,48.5,32,51.1,17,51.6
1/7/2025 20:00,174,51.2,49,50.2,48,49.8,36,51.8,28,53.4,13,53.4
1/7/2025 20:05,212,50.4,57,49.1,57,48.8,44,51,35,52.8,19,53
1/7/2025 20:10,176,49.3,48,47.8,48,47.6,37,50,29,52.1,14,52.5
1/7/2025 20:15,246,50.2,66,48.9,65,48.6,51,50.8,41,52.7,23,52.9
1/7/2025 20:20,198,47.4,54,45.3,53,45.4,41,48.2,33,50.9,17,51.5
1/7/2025 20:25,238,44.4,64,41.4,63,41.8,49,45.4,40,48.9,22,49.9
1/7/2025 20:30,237,44.3,66,41.4,64,41.8,49,45.4,38,48.9,20,49.9
1/7/2025 20:35,224,43.3,61,40.2,60,40.7,46,44.5,37,48.2,20,49.4
1/7/2025 20:40,216,47.6,61,47.4,59,46.8,45,46.4,34,49.4,17,51.1
1/7/2025 20:45,157,51,42,51.3,43,50.5,33,50,25,52,14,52.9
1/7/2025 20:50,233,48.9,63,48.5,62,47.9,48,48,39,50.7,21,51.6
1/7/2025 20:55,221,49.4,62,49.4,60,48.7,46,48.2,35,50.7,18,52.1
1/7/2025 21:00,185,53.5,50,54,50,53.1,39,52.6,31,53.8,15,54.2
1/7/2025 21:05,168,53.3,46,53.8,46,52.9,35,52.4,28,53.7,13,54.2
1/7/2025 21:10,198,48.1,54,47.6,53,47,41,47.2,33,50.1,17,51.2
1/7/2025 21:15,212,47.4,57,45.6,57,45.2,44,48.1,35,50.8,19,51.4
1/7/2025 21:20,224,48.3,61,47,60,46.5,46,48.7,37,51.2,20,51.8
1/7/2025 21:25,188,48.9,52,48.7,51,48,39,48,31,50.7,15,51.7
1/7/2025 21:30,212,51.6,57,51.9,57,51,44,50.5,35,52.4,19,53.2
1/7/2025 21:35,171,53.8,46,54.4,47,53.4,36,53,29,54.1,13,54.4
1/7/2025 21:40,152,53.5,44,54.1,43,53.2,32,52.7,23,53.9,10,54.3
1/7/2025 21:45,175,51.6,49,51.9,48,51,36,50.5,28,52.5,14,53.2
1/7/2025 21:50,156,52.3,43,52.8,43,51.9,33,51.4,25,53,12,53.6
1/7/2025 21:55,193,57.8,52,59,52,57.7,40,57.2,32,57.2,17,56.6
1/7/2025 22:00,158,56,43,56.9,44,55.8,33,55.3,26,55.8,12,55.6
1/7/2025 22:05,172,56.3,47,57.3,47,56.1,36,55.6,28,56,14,55.8
1/7/2025 22:10,184,59.8,49,61.4,49,60,38,59.4,30,58.8,18,57.7
1/7/2025 22:15,181,53.9,50,54.5,49,53.5,37,53,30,54.2,15,54.5
1/7/2025 22:20,134,51.9,39,52.3,39,51.4,28,50.9,20,52.6,8,53.4
1/7/2025 22:25,104,54.5,28,54.5,30,53.5,22,54.8,16,55.5,8,55.1
1/7/2025 22:30,138,49.2,38,49.1,39,48.4,29,48.3,22,50.9,10,51.9
1/7/2025 22:35,147,48.6,40,47.6,41,47,31,48.7,24,51.2,11,51.7
1/7/2025 22:40,155,51.6,42,52,43,51.1,33,50.6,25,52.4,12,53.3
1/7/2025 22:45,194,49.2,53,49.2,52,48.5,40,48.1,32,50.6,17,52
1/7/2025 22:50,128,54.4,34,55.1,35,54.1,27,53.6,20,54.6,12,54.8
1/7/2025 22:55,148,52.8,43,53.3,42,52.4,31,51.9,22,53.4,10,53.9
1/7/2025 23:00,172,55.4,47,56.2,47,55.1,36,54.6,28,55.3,14,55.3
