S1L1_Flow,S1L2_Flow,S1L3_Flow,S1L4_Flow,S2L1_Flow,S2L2_Flow,S2L3_Flow,S2L4_Flow,S3L1_Flow,S3L2_Flow,S3L3_Flow,S3L4_Flow,S4L1_Flow,S4L2_Flow,S4L3_Flow,S4L4_Flow,S5L1_Flow,S5L2_Flow,S5L3_Flow,S5L4_Flow,S1L1_Speed,S1L2_Speed,S1L3_Speed,S1L4_Speed,S2L1_Speed,S2L2_Speed,S2L3_Speed,S2L4_Speed,S3L1_Speed,S3L2_Speed,S3L3_Speed,S3L4_Speed,S4L1_Speed,S4L2_Speed,S4L3_Speed,S4L4_Speed,S5L1_Speed,S5L2_Speed,S5L3_Speed,S5L4_Speed
32,199,150,63,32,199,148,77,32,197,146,77,31,192,143,81,31,190,143,79,32.89,29.27,26.48,26.91,32.88,29.41,26.80,26.89,32.88,28.94,27.00,27.16,32.97,28.85,27.68,26.53,33.25,30.45,27.93,27.07
45,231,167,96,43,228,166,105,42,229,164,104,43,234,163,102,42,233,162,104,32.95,28.32,26.35,26.74,32.97,28.42,26.37,26.96,33.00,28.85,26.72,27.36,33.30,28.47,27.11,27.84,33.33,29.92,27.76,27.82
81,344,247,130,81,343,246,147,82,342,246,146,81,335,244,145,80,337,240,142,32.37,26.29,24.32,26.07,32.41,26.88,24.30,26.53,32.50,26.52,24.61,26.66,32.77,27.05,24.65,26.21,33.17,28.34,26.65,26.96
78,358,246,149,79,358,246,193,80,348,245,189,80,348,247,193,81,344,249,196,32.64,26.09,24.72,26.65,32.56,26.50,24.82,26.27,32.54,26.81,25.58,26.51,32.92,26.65,25.90,26.93,33.06,28.98,27.09,26.99
104,434,250,168,105,433,252,210,104,437,255,208,105,436,254,202,104,436,254,197,32.87,24.61,24.93,21.38,32.76,25.08,24.90,21.00,32.52,24.87,25.71,22.35,32.70,25.02,25.82,22.57,33.29,26.81,27.20,23.01
149,467,348,200,153,462,347,259,152,460,340,262,153,455,337,260,152,454,335,262,33.08,22.89,23.03,19.92,32.42,23.78,22.94,19.28,32.94,23.92,23.36,19.85,32.99,24.47,23.15,20.64,33.24,26.15,25.46,22.17
258,507,386,255,265,500,381,329,265,499,384,324,259,493,384,334,256,495,382,329,31.57,20.21,20.23,18.35,31.14,19.76,20.55,16.07,31.46,21.19,20.84,17.04,31.70,21.55,21.00,19.10,32.54,23.96,24.08,21.68
373,450,356,323,370,455,352,399,357,460,350,402,355,463,349,428,357,449,351,428,25.02,10.87,11.93,11.36,25.48,13.69,12.12,10.64,25.77,16.01,14.75,12.61,26.05,16.92,15.20,16.76,27.13,18.98,18.97,18.85
325,413,410,335,333,409,413,396,345,403,412,397,347,402,417,416,343,411,417,410,24.33,11.30,11.39,11.41,24.60,11.82,12.38,10.78,24.65,13.30,13.53,12.58,24.71,14.08,13.54,14.50,26.79,14.67,15.47,15.97
352,381,357,320,347,383,369,386,346,381,367,386,347,381,360,417,349,381,350,420,21.40,10.21,10.08,10.20,21.87,10.76,10.50,9.72,21.70,11.28,10.85,11.14,21.17,11.74,11.25,12.70,24.67,12.36,12.48,13.03
334,370,323,281,334,372,325,338,334,377,328,328,334,377,331,336,331,380,340,340,19.96,9.36,9.74,9.25,20.34,9.80,10.05,8.54,19.95,10.33,10.36,10.03,20.25,10.26,10.77,10.92,23.73,11.21,11.59,11.74
288,357,371,322,286,356,384,370,287,353,387,378,290,361,383,393,295,358,383,387,21.99,9.52,9.65,9.77,22.00,9.97,9.98,9.75,22.31,10.52,10.47,10.66,22.19,10.00,11.02,11.13,24.46,11.07,11.35,11.98
218,443,335,260,230,441,338,331,230,446,338,333,229,440,348,358,222,442,349,362,26.23,10.27,10.53,10.83,26.06,12.60,12.91,10.39,24.54,13.44,13.18,11.73,24.57,13.82,12.66,13.18,26.32,16.18,16.49,15.88
136,401,350,217,140,398,347,272,143,399,347,272,144,406,350,294,154,411,347,300,31.18,21.23,21.01,19.87,31.07,21.30,21.05,17.94,30.99,22.34,21.02,19.89,31.14,21.87,20.90,20.94,30.81,23.70,23.83,21.91
115,425,317,202,116,427,317,248,116,427,318,250,119,427,320,263,119,424,325,261,33.19,25.61,26.30,23.17,33.53,25.79,26.39,23.28,33.71,26.13,26.47,22.93,33.69,25.26,26.53,23.82,33.95,27.46,28.05,24.94
137,428,350,179,138,428,343,235,138,422,338,235,136,423,332,246,134,425,330,246,33.52,26.57,24.90,23.79,33.92,26.84,26.16,23.49,33.75,27.10,26.34,23.22,33.59,26.67,27.12,24.30,34.26,28.65,28.64,25.07
97,399,264,210,97,403,272,286,98,406,279,283,97,406,285,294,95,405,288,294,32.94,25.86,25.22,23.06,33.10,26.24,24.96,22.18,33.16,26.02,25.30,21.84,33.22,26.28,25.64,23.64,33.68,27.73,27.09,24.87
114,416,310,224,114,415,309,281,114,413,306,285,116,408,302,305,121,400,302,308,32.35,25.27,25.06,21.15,32.21,26.05,25.97,21.24,32.39,26.06,25.51,20.70,32.50,25.53,26.34,21.76,32.96,28.68,27.59,23.37
115,447,321,189,118,446,321,261,119,449,323,261,122,447,326,269,119,453,325,268,32.26,25.21,24.76,22.11,32.05,25.09,25.78,21.60,31.96,25.20,25.38,21.74,32.51,24.69,26.27,22.39,32.86,26.57,27.68,23.32
90,392,281,211,91,389,283,293,96,385,281,290,96,389,280,300,99,389,281,299,32.44,25.71,26.13,22.11,32.34,26.22,26.76,21.78,32.18,26.67,26.28,21.32,32.32,26.12,27.23,22.49,32.97,28.24,28.48,23.65
86,414,312,210,84,417,310,262,85,415,311,265,85,414,310,276,85,415,308,273,32.57,26.04,25.79,22.13,32.54,25.93,26.61,21.90,32.59,25.82,26.14,21.44,32.85,25.86,27.21,22.71,33.15,27.87,28.31,23.90
125,415,309,184,129,410,310,250,128,407,311,250,125,401,310,265,124,402,309,270,32.34,25.36,25.21,22.68,32.12,26.40,26.02,21.89,31.95,25.92,25.29,22.56,32.40,25.58,26.41,23.17,33.11,28.06,27.68,24.32
117,431,337,218,117,432,335,288,118,433,336,291,121,437,339,305,120,436,339,303,32.31,25.51,23.82,22.10,32.37,25.81,24.84,21.57,32.41,25.45,24.36,21.25,32.63,25.54,25.27,21.95,33.05,27.69,26.66,23.91
98,440,342,199,101,434,342,250,101,437,340,246,102,438,342,273,102,440,342,275,32.59,25.01,24.72,22.25,32.18,25.02,25.34,21.58,32.44,25.40,24.84,21.63,32.91,25.56,25.42,22.92,32.99,27.43,27.13,24.04
122,460,290,202,125,460,290,252,123,457,289,246,121,454,289,269,123,452,291,269,32.35,24.97,23.90,22.66,31.88,25.29,24.34,21.82,32.27,25.14,25.01,22.58,32.27,24.52,25.28,23.16,32.86,26.91,26.68,24.38
124,493,353,202,124,485,352,259,125,483,352,265,127,487,349,279,125,487,345,277,32.32,24.06,23.74,22.70,32.23,24.01,23.96,22.41,32.41,24.37,24.18,22.25,32.67,24.48,24.71,22.73,32.98,26.36,26.65,23.90
117,454,289,199,119,461,289,251,120,462,289,251,122,455,287,260,123,451,291,262,32.32,25.49,26.13,23.12,32.20,25.50,26.80,23.45,32.29,25.17,26.35,23.18,32.64,25.25,27.53,23.81,33.04,27.30,28.48,24.90
171,432,381,224,169,436,381,271,168,441,384,272,167,445,380,288,167,448,375,287,31.50,24.90,23.49,23.49,31.59,24.46,23.23,23.23,31.60,24.51,24.10,23.01,31.64,25.03,25.00,23.94,32.38,26.88,26.68,25.27
142,455,360,195,146,443,355,261,144,440,349,258,148,440,354,273,148,440,357,270,32.45,24.84,24.63,23.52,32.24,25.32,25.56,23.01,32.25,25.20,24.99,22.29,32.20,25.34,25.56,23.63,32.82,27.42,26.81,25.07
172,512,354,225,169,514,356,283,167,513,360,282,161,509,358,295,159,503,359,293,31.92,24.48,23.69,22.91,31.90,24.28,23.97,23.07,32.30,24.41,24.38,22.27,32.32,24.52,24.66,23.21,33.27,26.34,26.60,25.08
184,487,391,257,190,488,393,327,193,486,392,323,194,488,387,338,196,493,387,339,31.99,24.52,23.95,22.60,31.81,24.91,25.22,22.55,31.99,24.48,24.69,21.24,32.08,24.53,25.33,23.99,33.08,26.24,26.70,24.89
226,478,343,265,228,480,343,343,228,484,345,349,231,482,351,373,231,479,349,374,31.38,22.63,23.10,22.27,31.43,22.44,23.12,21.51,31.56,22.82,23.21,20.62,31.81,23.55,23.45,22.24,32.59,25.55,25.75,23.73
283,497,362,322,282,495,357,390,281,491,354,386,281,490,353,397,279,487,349,398,26.71,18.27,17.73,17.91,27.48,18.61,15.95,15.12,27.54,20.12,19.61,17.39,27.83,19.94,20.05,18.37,29.03,23.11,23.15,21.68
289,440,364,331,293,452,351,408,292,455,353,406,291,448,350,421,291,449,353,411,24.37,15.20,13.32,15.11,24.46,14.00,12.75,11.89,25.11,16.98,16.26,14.56,24.47,17.92,15.70,16.23,27.04,20.52,19.70,20.28
343,433,348,280,332,437,350,350,331,434,349,350,328,445,353,371,327,445,354,381,19.45,11.96,11.97,11.66,19.74,12.26,11.96,10.84,20.22,13.25,13.03,12.46,20.34,13.80,15.96,14.56,23.35,16.35,16.81,17.41
303,372,351,273,307,368,369,330,309,369,360,332,310,356,354,355,312,354,351,347,17.31,11.09,11.05,10.17,17.32,11.35,11.31,9.57,18.00,12.02,11.80,11.84,17.92,12.28,12.78,13.67,21.34,13.93,14.20,14.86
333,389,314,288,325,399,322,341,324,397,327,335,323,403,328,372,320,406,329,379,14.01,10.78,10.78,10.23,12.70,11.32,11.00,9.44,15.60,11.84,11.50,11.17,15.30,11.71,11.81,12.64,19.86,13.08,13.46,13.49
341,367,338,279,347,370,347,354,346,374,351,353,345,374,349,378,344,376,350,374,14.48,10.90,10.73,9.71,11.59,11.16,10.99,9.13,15.64,11.81,11.46,10.72,14.91,11.86,11.83,11.56,19.68,13.11,12.90,12.16
292,353,334,300,287,355,344,388,288,352,341,394,286,345,338,416,289,341,335,405,10.91,10.43,10.03,9.37,12.25,10.95,10.48,8.95,13.95,12.10,10.82,10.28,15.11,12.46,11.13,11.26,18.67,12.75,12.31,11.35
338,352,318,268,336,349,321,321,335,347,323,325,338,357,332,360,333,357,331,373,11.37,10.09,9.76,9.18,13.91,10.61,10.28,8.80,14.02,11.54,10.68,10.05,13.27,11.15,10.84,10.84,17.46,12.09,11.99,11.21
300,338,294,285,300,336,301,337,298,338,298,332,296,342,294,345,300,343,296,341,10.61,9.66,9.51,9.12,12.50,10.13,9.96,8.38,12.74,10.70,10.46,9.57,13.21,10.64,10.44,10.34,17.88,11.52,11.46,10.84
300,333,312,295,293,342,310,352,295,338,308,351,291,324,308,371,285,325,306,375,10.12,9.48,9.49,9.01,11.25,10.06,9.88,8.53,12.63,10.33,10.50,9.44,13.42,10.87,10.87,10.06,18.16,11.28,11.21,10.58
304,361,269,295,292,364,275,351,292,367,281,356,296,380,278,372,303,382,278,370,10.28,9.91,10.19,9.74,12.44,10.53,10.38,9.12,12.86,10.71,11.31,10.72,13.04,10.95,11.30,11.49,18.04,11.82,12.49,12.11
283,332,295,293,288,341,300,328,288,345,301,328,289,342,309,362,289,344,310,365,13.73,10.84,10.92,10.68,14.29,11.18,11.42,10.38,15.15,11.48,11.72,11.51,14.82,11.95,12.85,12.32,18.93,13.28,14.08,13.15
278,408,327,298,274,406,320,371,274,403,316,365,275,404,318,378,279,400,323,376,15.80,11.87,11.77,11.35,15.45,13.64,13.58,9.77,16.97,14.01,12.85,12.03,16.15,14.97,13.38,13.48,20.47,16.11,16.90,15.42
258,405,315,237,261,420,307,296,261,419,311,297,259,419,312,326,254,418,312,325,16.66,11.50,11.43,11.64,17.18,14.20,12.05,11.18,16.76,14.52,14.08,12.20,17.23,13.45,14.15,14.31,20.42,17.23,18.16,17.06
252,391,335,276,250,390,339,296,250,394,326,297,247,399,319,317,247,398,319,315,16.29,11.57,11.69,11.10,15.15,12.42,12.08,10.27,16.93,12.97,12.60,11.81,16.68,13.71,12.78,13.09,20.50,16.02,16.48,15.65
44,371,277,134,58,369,285,166,65,367,302,177,77,364,316,198,83,363,321,210,17.86,12.63,13.12,12.15,16.37,12.06,12.82,11.33,17.87,14.31,15.51,11.81,17.11,15.17,14.41,13.65,20.70,18.28,18.80,16.82
