8.241587737946238,8.74684700420405,8.050359357288569,8.170589372203395,9.724534595965778,8.333010341046494,8.470274924857742,8.469764631965012,8.592196009641498,10.270469210143412,8.206860496755343,8.172106301431235,8.216379818862373,8.136094084191134,8.241020170714613,8.124457944007622,8.532294370247342,8.077262307225704,8.486956765825818,8.248554191168257,8.134390745799772,9.759720642807066,8.222087889755665,8.015020617172976,8.898663425506433,8.1074937623536,8.62152078583704,8.548319467433094,8.220240442916753,8.953085819418531,8.989629726518071,8.120259048368652,8.427382254733075,8.829700316821272,8.107057662897942,9.410515090545548,8.453900169533425,8.351205260716142,8.15826658414281,8.944561004124344
10.918733560271885,10.355940062690301,10.748696367478322,10.909505607704382,11.074301153273131,10.444362759657505,10.741210061511367,10.86073565318704,10.797214073815026,10.449255568150758,10.314481704052023,10.973274657332206,10.69688009557259,10.660910378032655,10.496011324466812,10.654237535721062,10.737023392246686,12.124354208243345,10.519400556512176,10.794996627913497,11.528546854152976,10.414827261217184,10.546006013818392,10.653300749340017,10.279236849551763,10.542451226783513,11.01854481464092,10.36689960737759,11.299633980375114,10.721554396993037,11.105795522723511,10.742005141097449,10.732145831164223,10.75301386352689,10.384149265839683,10.623220475142666,10.3938366501502,10.62776756769285,10.388913002329428,11.526965896758018
10.34868188979737,9.847731967447428,10.68251250330439,10.643266608338724,11.331546844761275,10.294758772055363,9.913537676299365,10.155530190329236,10.4335138464074,9.653573798737128,9.668271033391852,10.254493386513193,9.924000179505796,11.56835159516596,9.852422979966732,9.902623083896358,9.84162273849955,10.24301031004814,10.734834051998028,9.902355664714054,10.068023794724482,9.861634464253664,9.896035518772191,9.703622849598837,10.602064254256407,9.733419773503654,10.136635672914124,9.845525171667768,9.781213195654358,9.787612519191475,9.79017649446904,9.983171443515179,11.356048761925155,10.417018237771789,10.800181575098309,10.210986037038834,9.940357483146807,10.082161196239545,9.641987295427707,9.879871989180453
8.473221401412776,8.43070433732627,8.340152535503085,8.906842455513141,8.214004099363057,8.545445058852682,8.834540566889345,8.378253845291201,8.784213453363856,8.558887607618168,8.577479420287869,8.59253998179154,8.30447681307184,10.67686105708394,9.367247618397096,8.52104159038983,8.151915135595834,8.562341930878143,9.111509586535519,8.119580873928976,8.61440205371754,8.56272167477596,9.644340153573046,9.05432367604449,10.380586149787552,9.409505611945075,8.573902086008134,9.63708075325332,8.454946647113296,8.474683775987678,8.423000965769036,9.065959280174482,10.80086835079087,9.691351081772684,8.315428007874074,8.896057919661382,8.399685405994296,8.312076504562539,8.344144522032737,8.129114489899784
10.252970937486973,10.3890983278736,10.485919991891455,10.559704031420972,10.236001899290775,10.064256364875032,11.357249600478465,10.757626358584636,10.71557012308241,11.383433826314775,10.917744599479194,10.654495348591086,10.910289404830554,11.00704798555661,10.83654318600282,10.589812964772035,10.509328904199785,10.332960634222651,10.966859056177807,10.846170579442225,10.164419253278675,10.358794806243353,11.209163281329095,10.693425093990765,11.737051208516618,10.609243205454806,10.415969237621074,11.402026794492864,10.35240659009895,10.879718022800155,10.646674735226766,10.945918838215762,12.503080429303193,10.83407335473522,11.359870033279119,12.08907361403708,10.637946806326205,10.411954970876655,10.180667555322595,10.297200320183846
10.013903380817535,9.742936587409172,9.372492491860822,9.819789188126226,9.13983536589914,10.174559890171132,9.308193793019731,9.65405215368594,9.613387471290087,10.051830025192643,9.498334294165709,9.310796237115895,9.02276496777898,9.292202609759435,9.889661282792396,9.445462008236467,9.282301257581357,10.131582241771065,9.62364391021868,9.729948626720066,9.111179349012481,9.269530938824913,9.291369728663668,9.889247706664781,9.893132737378158,9.910538615533248,9.194746645126031,9.279815010458167,9.25166379209299,9.401087514210637,9.905028993160949,10.863448660919003,10.434202380353005,9.173719059575872,10.209417540335009,9.692619780297619,8.968668335667681,9.304413592797571,9.287830473610347,9.804904270001968
8.47373520784148,8.74974939592652,8.690098946122268,8.511936188449306,8.376198009574091,8.799446857258824,8.311343091476916,9.255717049711432,8.441777008643204,8.413688766152791,8.315621233803784,8.507609072140085,8.504086932915586,8.17752860143127,9.153111339556233,8.239652313987506,9.128710042768542,8.61655040777497,8.204877408793584,8.706587215995578,8.374160461852608,8.578866178951579,8.689127889399904,8.418668364249143,9.282822163513844,9.143224471563412,8.634468539661,8.120039590661278,9.128985362992273,8.304047669947806,8.632735075311134,9.735469478693032,8.593186603223536,8.392163343867866,9.174730593413832,8.965662979582367,8.164267390932721,8.575044295178591,8.369012108327535,8.732717069227164
7.426644860872669,8.426217918783927,8.564196734596907,8.214029068338757,8.947974698935882,7.554004501431296,7.363434299499059,9.817763588388496,7.560131146186684,7.980349189872098,7.4789721140807215,7.829378718232474,7.969016390984083,7.120522681187886,8.053324859468377,7.523892011010949,8.012561847613146,7.49088803753666,8.188224032833597,7.861147154312061,7.9854440261126385,7.753984460944023,7.603992246334892,7.957724175058804,8.10761533182515,7.911711407017627,7.7812749631299525,7.885990151458676,8.042284987148193,7.9489255840704915,7.694780494620784,7.7760336742832585,9.387606451046329,7.925473229140596,8.189038043767914,9.071294497743892,7.558396629464388,8.456061066961064,7.6412756847905685,8.729015634965801
7.841973759988419,7.4346496376448865,7.2271703052618275,7.822622886600379,8.505372072828862,6.850624588794102,7.349134617151868,8.352351101873387,7.277306626688721,7.891179729195659,7.633031212531144,7.668036075382684,7.816224471866366,7.172611893819794,7.362692138563034,7.856655419161517,7.693495090242224,7.349262888598105,8.41815633462898,7.496012298474104,7.358420528110076,7.185389466999156,7.741667048411397,7.193590531662855,7.915176211013659,7.30726486075127,7.059931522306289,7.773004046112742,7.4711645934452084,7.2228763460748615,7.199876247334047,7.633690850927267,8.333396326959384,7.313936535670743,7.731888175163204,8.36830693499686,7.446524686911647,8.451783493458686,7.1227187402828855,8.01785738650291
7.349663566508181,7.247772583760359,7.520935478981738,7.402772858441306,7.064546312894567,7.212851325029919,6.867458435411049,6.970501793831134,7.578301642135736,6.820810304560806,7.580395110462614,6.539630451659554,6.882992523619698,6.981382386166996,6.757786345943102,6.979728508786807,7.160417416722785,6.8271870743477185,7.579291150675839,7.093054322689312,6.9184212440452,7.60742934193555,6.98642903817171,6.903107034862033,7.38591638090703,7.336263152388907,6.933388195224554,7.823755938684337,6.85553249204457,7.120105181780439,7.1374185757294955,8.029097818951719,7.852982849647928,6.979736719518691,7.014395804514243,7.3018098217440235,6.756497666418209,7.098502570420532,6.7746149243888985,7.018590208441157
6.329424409576382,6.198828377635363,6.430820976058665,6.395506240863735,7.4492224297821465,6.435861027048264,6.200981182746342,6.150030620120023,6.907543801589589,5.93618271305302,6.308958226584019,5.777763251631383,5.721265571425124,6.472920245535062,6.04880885937686,6.8521988721325355,6.776018450589682,6.487589489341346,6.097127075560236,5.9737005567255785,6.0586017033951745,6.338327218605014,6.772230752769511,5.998049521636514,6.273379384257395,6.603004423276689,5.9130794909935585,6.971517232837653,6.239274962826646,6.659931433525919,6.330843311551512,6.79824013461289,6.655753561013523,6.539251999304119,6.138590564773122,6.095529952910678,6.044464652858332,6.58067710498973,6.4150327728923955,6.745342982885852
7.782732800125271,7.299252406036366,7.641301397675975,7.137190425723509,7.973536641310397,7.164472481080959,7.521896577300436,7.404335959098869,7.828957731021886,7.193053528064665,7.498675259878109,7.505718190816442,7.471265125646837,7.519119637089174,7.573320915915911,7.72094113715803,7.880107275153956,7.764930373128707,7.702012210292242,7.638904588018647,8.145090740829518,7.254719080775205,8.244055161653367,7.1375614504881995,7.714698180907994,7.922926263381516,7.049176891443916,7.4860130597070995,7.180908080285344,7.863408597703662,7.802276178076306,7.574358587018049,7.49068836876165,7.347777177126384,7.20062216611649,7.2123563020596,7.246783712906804,7.494928953375933,7.955267437317269,7.701740337502554
7.147591448894909,6.797602747687584,6.990548669290236,7.1243188848276855,7.595589022030892,6.81666876313234,7.29738888349565,7.0744317651888196,8.848931304726761,6.948535099009142,7.261346491833028,6.895079935374823,6.793645821449159,7.0840375895998,6.8098498535721905,6.8795741373674275,7.102776022723208,7.232433013079486,6.870578262109188,8.114264135381749,7.713015330812956,7.067127063789132,7.050726818200113,7.395310845849198,7.38202679592846,6.958173663491507,6.772092810355909,6.83482370987246,7.00589467130003,7.168968344962331,6.8816503683783115,6.954660108636534,6.677908532129274,6.9805188367213615,6.625022110131669,7.080950189074252,7.307294605231826,6.8469294253908295,7.1445125767194195,7.314997276247939
7.247553752136271,6.9389716854053525,6.8240611472507275,6.913811505778905,7.310432592152975,6.80553251782813,7.010587016204725,6.94045384415595,10.29524575629473,6.962428680429379,7.697735347364112,7.162375773805388,6.859391263711347,6.614181533071223,6.985082769933434,6.6094037808715385,6.692084425917747,7.245443134734011,6.663952316852537,6.947225664479661,7.78470122079948,6.741671241283067,6.815002808162316,7.714926490096434,7.150574370539341,6.961244620917974,6.714378774555713,7.082698794283851,7.323078170302273,6.807020307721807,6.818835613619987,7.226670934787373,7.4954391770677775,7.024393813207725,6.593063749308707,7.01212511172513,6.846832483074505,6.704098489483537,7.593356498522477,7.683329830060962
6.2475232749690015,6.715522311313401,6.444932592037112,6.647232548986881,6.973022298326188,6.84376658607016,6.967806615435824,7.476700901338995,7.9783786087582085,6.400889926054689,7.558929372130507,6.808969065644467,6.9650512745737325,7.0293298105037865,6.795116030553736,6.505217771261582,6.335413950318266,6.848608202965507,6.541510579877102,6.311624270383988,8.15872429358539,6.989399317665601,6.572568641775991,7.221817309220538,6.294626313496695,6.657807861579493,6.6203161370811765,6.809395937300587,6.940080136368918,6.370363250116216,6.5008503619484035,7.393969975663031,8.294827553429906,6.720556020700283,6.576112189278422,7.429585398925053,6.753953703029741,6.281676027365597,6.921862604565516,6.815706418050031
7.7794008973927165,8.584901458414043,8.07188741248477,7.9132594856481875,8.295824154276982,7.80913136761521,7.938962115636569,8.101791116143854,8.401400836518468,8.360611577037309,8.67417526715857,7.780470645465333,7.733478376047832,8.909380843676347,7.568130225455289,7.986487961173373,7.727819879343678,8.113760420995987,8.220304054233363,7.7483652918273815,9.012252564000274,8.224159007318429,7.738436007524731,8.750613120332295,7.8900788280444205,7.565904713558996,8.497615214782506,7.8418874178268565,7.705687754131967,7.707294578353587,7.798742880321367,8.302943329997639,8.394203613382876,8.074415168285691,7.548396644163389,7.779953704631662,7.973905260292814,8.020052736757442,8.403850038384931,7.984695981930059
8.359035645116476,9.107884848857617,8.134568090341693,8.460325929595994,8.644378288885358,8.054759664221796,8.904414120783452,7.945375917514696,9.273147895601534,8.917736194484267,9.186666359422906,8.805891339540569,7.917365637407416,9.30951828485339,7.923917521132285,8.749212236006406,8.1750739600382,8.842737422150977,8.74231358464257,8.350951159352475,8.497871079320376,8.673281291204363,8.42026446277186,8.342711903719378,8.61520849150503,8.009830088806611,8.683752913000825,8.041800809489137,8.316349117812319,8.367757271170571,9.05739765084876,8.364866247785084,9.532545238244111,8.455157978425577,8.325710474161319,8.269210176074976,8.609647802487995,8.399566595323437,8.726557797593367,8.18528394757991
9.914219675495453,10.782830539772293,10.087145669669582,10.085178472411533,9.956731934093279,9.63444518730888,11.483368411307008,10.508080046236417,9.94622024856613,10.420727907885436,10.221130987959807,10.248433634904305,9.947442664729458,10.100926156661407,9.64098322384992,10.428927686220884,9.860932040711793,10.245360183655503,10.245716188771361,10.423193546759741,10.356473799153951,9.883435750057423,9.774782421406028,9.81702460207497,10.494773751365255,10.140631890961387,10.100365463417813,10.129443071202573,9.975139006683486,10.15311379984916,10.429606386207766,9.660253105227694,10.757172450798945,9.918537884323362,10.103049610737937,9.86511955592708,10.146018025844647,10.374146504335533,10.256488854501947,10.261385952150931
6.526621260787638,7.284119432901889,6.836076307879709,7.324646683639918,6.748769048403134,6.654688382293526,7.371537131090279,7.304524091878241,6.820368926734541,6.784085670509002,6.917315594294844,6.89583338543852,6.662441330211462,7.304096393791232,6.5296413474821415,7.1065219937974184,6.497116585407002,6.922899097322151,7.160881878525855,7.377900179811987,7.392355373742031,6.886109612128618,7.3053914101775534,6.642124704914946,6.590248741667349,6.6686323413433835,6.567126744343001,7.08747368822966,7.9111849750492675,6.825320694055381,7.533300343920073,6.78879625421068,6.946184997940925,6.5458283966194735,6.717466948072343,6.793905588726283,6.962861564881505,6.892498679808938,6.803943219466884,7.339008671125583
7.704860708694652,8.029895157996155,7.581601925491106,7.811400081594144,7.663118580141095,7.216043682037108,7.715500045885342,7.926383772376347,7.459175169534496,7.391313775807279,7.634947914133062,7.636146033316795,7.240011105694673,8.012078667033654,7.187924531126209,8.314656966222396,6.906543376397574,7.705154601906215,8.179678585670828,7.060155115283442,7.332848039554517,7.081872900509228,7.5262911265789425,7.280498312222282,7.232973609191132,7.439546118211216,7.6956674468539354,7.4515637575108,8.186288766896638,7.5414393524359,7.357567892437758,7.193226922871557,7.6111682008774855,7.2382536942936175,7.532702820444222,7.627524848200024,7.358249584375859,7.4702776439091085,7.592850360720101,7.42555756918168
6.969113810843673,6.950654396309965,6.5350479214527954,7.399884259763459,6.7066929418923955,7.150100109602855,7.043683324910872,7.8905070501224435,7.055234275460003,7.067087974269734,7.467746920364874,7.018222241968769,7.519351343913808,7.406974248139153,6.80374492983597,7.6366608495126425,6.943360389810996,7.847234433659649,7.0471431656476415,6.6429100319089285,6.956396019171321,6.789128269206301,6.820849141631464,6.994074146566209,6.7834624431146215,6.845796865138259,7.785635369828272,7.374260024809589,7.1041079192625185,6.629086722322361,6.794785848314383,6.75922706079597,6.960152101843067,6.903250642925316,6.635495679069422,7.4496029370092565,7.154185655156262,6.816336707769352,6.988755596096647,6.712467670223634
6.400872056100438,6.197259360674688,5.997839729742825,7.26740436604982,6.142965119135175,6.3810575026547465,6.43564180708622,6.686985133662391,6.4355688530791495,6.702251138393403,6.982538807152534,6.2312387823164075,7.807848675443873,6.161682796083762,6.35265041212817,6.073305497213205,6.629896614334496,7.846979999748837,5.993958281472029,6.686461076785159,6.4870819453569295,5.9921776469319985,6.792164376713544,6.49170418582442,6.366633158518256,6.253978882322394,7.32593685355567,6.774822925883674,6.696812880156432,5.890830605853966,6.552025504455274,6.455468234472635,6.874588294847344,6.499001046727194,6.103445537129468,6.661848846483093,6.367320656381277,6.36530690178779,6.021547884659409,5.990907098896686
8.0089409667919,6.914231999015445,6.705685331097247,7.11402167974188,6.554763543186375,6.6343530852275086,6.589797137128008,6.574635649912774,6.744696226315244,6.768505362572059,7.256581638697029,6.591994168875206,7.3788966867163195,7.57789116785749,6.663945423947027,6.568332241202322,6.926210076443952,7.847156704082861,6.578381460790584,6.826881714901013,6.80257564163653,6.466900642532773,7.283431828516653,7.334699247479563,6.711271591751368,6.893049891201602,6.95470223330829,6.926832853832438,6.794968633204615,6.4038847802490695,7.168262851890537,6.93283510332084,6.874354151359744,6.510868015181258,6.7594228230674105,7.083058858538235,6.668134890955398,6.311172810511856,6.628253764230872,6.600323502291821
7.965508373306584,7.9508877818507875,7.285027754659517,7.352818002928337,7.383281275883016,7.457684773916233,7.382853976644921,7.734455649815472,7.590618530934948,7.908986204702861,7.748275802131408,7.517623774041469,7.30405018029347,8.196425478502933,7.375924283371138,7.393811595697984,7.366002863401126,7.475278554552882,7.418040578766522,7.0583037716788075,7.675787806693227,7.355848530619472,8.267218480918094,7.793305253583827,7.187678197798741,7.685439501206315,7.382735187548388,7.369779909046776,7.41979894213769,7.562039391259416,7.686964266198957,7.909028619682929,7.844551557004204,7.740363244494847,7.23248868833023,7.348113220528404,7.071573154485199,7.173304461806805,7.189701243517426,7.213572184326435
7.264282713371938,8.001389009944862,7.511734019077747,7.833023893621798,7.765324238476386,7.274447118438306,7.65227786926761,7.700403357826662,7.702296884334822,8.182899801661426,8.13390832992413,7.773866018158021,7.277035668004143,7.625666073056375,7.1766855797143565,7.029759705301398,7.112961014433387,7.1981308505470905,7.40919364355254,6.9188538046473695,8.153530898589018,7.147869055912008,8.446337319740199,7.3747610679846325,7.563240419874012,7.536115890832463,7.346964060244368,7.494357012914706,6.96304797231293,7.407304354321951,7.922930619356462,7.348753594624432,7.837331065391266,8.539295179548205,7.211687400029234,6.761387795431406,7.069480670609238,7.096340556658058,6.8469841361136785,7.416583304400246
7.142608437159114,7.963081782302304,6.698077323029881,6.849202461473645,6.639702765872587,7.095210457646516,7.629721110525122,7.205592234818873,7.132350680473193,7.499077295487437,7.741020991903141,7.395953128199237,7.122098782470612,7.048709939596262,7.162220371882428,7.319255451792924,6.804867350148979,6.927352399764063,7.733306271964328,6.886359802711516,7.725426689021101,7.48497291808993,6.860384551416093,6.682144213266519,6.696787863022368,7.610721434492199,6.720899848373759,8.06991893179986,7.182245893970693,8.09566321836635,7.36448687145594,7.651464507937723,6.6162977836103805,6.685570320992905,6.606830477633835,7.186008577219988,6.750007605392423,6.948175030071836,6.430366722962744,7.122714651678142
7.282743537644411,8.026658408634118,7.237359372312056,8.020625082711172,7.2687444241645265,7.592098344895922,7.860377853657271,7.849394013390838,7.8064012283371484,7.67175254664173,8.089631861072476,7.505713656739182,7.229871681178118,7.661774558996219,7.816991405417341,7.672471853819649,7.974209457814878,7.596419302251956,8.250571886092041,7.407702532166674,7.879209498410485,7.718563326533528,7.896340295061805,7.061803871661169,7.754521165984834,7.844769111493126,7.181717182681548,8.73561298028537,7.553111532087093,8.346605968987046,7.23841139650962,7.477565022233135,7.220986875976625,7.2819972147171965,7.1489521179924616,7.8685599375642825,7.294397193451836,7.474100969402979,7.162051842064065,9.00857538651818
7.767021660632625,7.11120615252592,7.089109427012585,7.4580957497084714,7.286366028240156,7.065126580104739,6.805069850840338,7.061269998014235,7.1782012813659,6.964831693384059,6.971587196956285,6.860209800647099,7.334478527459208,7.141544551246841,7.235092901267314,7.907006091878805,8.063146516253322,7.086613740118263,8.019402316697622,7.29024610360366,8.489315832810107,7.493343211080394,7.152825553907857,6.850989807691845,7.560123314478132,7.096995839775855,7.0246980203682226,7.956484544321868,7.376749285833569,7.2118231126321,7.506476414605885,7.180163069090742,7.082172581473679,6.909196569113389,6.80535054445958,7.241405068296911,7.474696188785747,6.925052501289599,7.23406145283862,8.152532421408731
8.7565121338089,8.463109063994882,8.401577301658245,8.69180638596766,8.091915968111488,8.351659143810584,7.939785792255715,8.506447305632513,7.8635425694928385,8.228027724291904,8.637009490307875,8.313083879894867,8.01061264404923,8.264179312261998,8.347257828665816,8.276026512540511,8.722704182986801,8.598166244594319,9.64560064266142,8.485043838806748,8.78760123330825,8.307262186932828,8.674063939177508,8.071054783546154,8.447446691955202,8.114930643378324,8.445873268243158,9.239138080822629,9.353199879499334,7.790250149280439,8.391746220595355,8.507425257043879,8.618187338673934,8.46466379956035,7.911082655028124,8.249987788373348,9.058299034742436,7.73596870369371,8.203217856807775,8.54167040669239
8.269577930656121,9.010403055183536,7.889073536489636,8.718123614132518,8.041834678214874,8.689530231863497,8.281652525757297,7.790951066276047,8.545218630654233,8.717617954571825,8.305753310841347,8.4458939148708,8.01395497624166,7.867788674677646,7.974764376558854,8.014604401519634,8.58880865618531,9.051724114845966,8.773804988232333,8.104759656449126,8.591982399040862,7.934944129301705,9.122248364061528,8.153257925656053,8.414262408291306,8.336424624422094,8.131783405710545,8.181902943708572,9.553706873278609,8.28028047817694,8.211765085215445,8.066290304625802,7.919115170287831,8.793295771607466,8.28279029830503,9.466717796746881,8.240168351981731,8.035510640764437,8.14155946219997,8.066102612639627
7.467504862655799,7.789795006789212,8.520390576028282,7.744311859766321,7.55244047628738,7.78996872386151,8.058506610902636,7.60963307870321,7.861085276370219,7.871855168067553,8.922276351164617,7.739998914833187,7.600356479019509,7.765590942481768,7.773121634397827,7.842589711458987,8.389046639647619,8.390212777211241,8.158253264872458,7.898863171556225,8.205205922493523,8.126470182102102,8.49172591009138,8.425469162299592,8.036546270697107,7.772131840614282,8.400164913262742,7.733173967082989,9.091252713516061,7.842307858321679,7.952850934529012,7.599481413295474,7.448826474785639,7.942581702861108,7.560463687145795,8.502749273633269,7.908636392915873,7.7069691526117765,7.558201363439502,7.682431462537638
6.667397702634175,6.961607339580898,7.27461823537715,6.9752592611912005,6.156113353116957,6.762007047651257,7.097574121724801,6.4305086873623525,6.607390785987402,6.98344084172774,8.081566139191503,6.664005752463336,6.781524269358423,6.680364000550064,7.784180431416755,7.168143018350161,6.849090409846394,7.747330401338029,6.992213631441132,6.453431452048277,7.158881465210798,6.993414569622023,7.179056507312658,7.3329536808944935,7.520007356841035,7.2218562857489355,7.143782169233279,7.0319653194961775,7.917018569153271,6.818672514289482,6.8572193711416345,6.717474985374812,6.952078451688782,7.115060256482269,7.28541859867964,6.707681339819118,6.377073460274699,6.6959302186378835,7.190235487432652,6.757649783374647
7.400454499835355,7.685872219056631,7.22187110816523,7.1039712522144125,6.830835771154273,7.613959547071123,7.091915890210898,6.991334841701286,7.281056758862786,6.958618248999919,8.746575170844661,6.945805615914559,7.166093828648833,7.28722507281441,8.749045542228554,7.845590497632938,7.026176249145963,7.425806210812383,7.426526634574506,7.3916878149028244,7.187466888462534,7.425128721231499,7.190551924245501,8.367808052161546,7.283040405647169,7.769019192689237,7.459740709722125,7.128064665618542,8.70723928556724,6.940431510477076,7.041958672220499,7.240017729480274,7.683285648569504,7.296770457416811,7.792883912526734,7.094456994752997,6.986455308265453,7.2355077523596725,7.32700908086929,8.125128543134457
6.147504076455578,6.799378632873284,5.832728958707696,6.731168470997628,6.148628263935957,7.350302689681657,6.408254813341898,6.283665000229517,6.2218340952181075,6.079822937852964,8.256974752253964,5.977511299956917,6.309630971566631,6.109470897786426,7.875146547991503,7.371411269747048,6.218924469465954,7.085939226924758,6.26252535890698,6.103260730827971,6.150521176755014,6.491248568426266,6.215529010020824,6.230564195207546,6.453848399249753,7.174240316026245,6.793590226254093,6.300136793458802,6.635297659068978,6.048929595265378,6.296662120800012,6.181054062526535,6.861457699331595,6.250598380964269,6.626080477982828,6.131175389532466,6.4471315665847175,6.415992028248627,6.54331326447313,7.3351324028678455
6.404549526454363,6.354737928854191,6.691867659621121,6.340194870240454,6.316653205495083,6.961159194534426,6.461338333773032,6.1168385326702035,6.713390186389622,6.040403377225368,7.826439097162541,6.134880183118229,6.358699719743151,6.297622702010513,6.392584584843438,7.567231454081457,6.481558647418329,7.0706082423238215,6.2964406003647495,6.609888918656989,6.265347000492244,6.573086506215707,6.38415850744112,6.18327047930588,6.11027761910198,6.143293762734403,6.031382931718193,6.191366957262609,7.341454823640178,6.480989221356832,6.046598152054067,6.379341245479962,6.824726848467649,6.498218966145955,6.783051864468267,6.082806766708029,6.250978200356596,6.641067343629327,6.364127711105909,7.128630286502302
6.65103197263157,6.642380191702858,6.904350966395025,6.574146282859627,6.637128798424989,7.189711844970936,6.416886095486342,6.824316274982661,6.374106905272768,6.398480658601821,6.715287459981458,6.2837974060100885,6.2954594897797485,6.1711933693494,6.387978516312654,7.5609995343544085,6.88120420862827,7.016791032573795,6.588295335721433,6.616225485598367,6.818476390111073,6.854306276598852,6.763979269788727,6.808165467046389,6.659237327366355,6.514322803988528,6.468286453218241,6.122528314559057,7.159676162811752,6.413242870953006,6.363392741263246,6.870216295644348,6.72745282769741,6.77758190966377,6.419236849911799,6.321761391617819,6.4844483405437705,7.134184347876372,6.868715297406598,6.802869790764336
6.9647508947925,7.31284619330184,7.377999710977058,7.1753893065094125,7.357199783581723,8.233471479485905,7.237626458096156,7.74385120302193,6.721932609886109,6.640969636237878,7.122307241358403,6.712890109326886,6.945168704770839,6.806194467334211,6.72922281680063,7.4624237464245,7.006933236030845,7.776455268457395,7.0767700529460456,7.180182549981453,6.802587660572671,7.761040405218152,7.308105600949185,7.221220785613036,6.511850464727348,7.013179981209836,6.746608989331861,6.633207122817759,6.937037121496333,6.522972223051936,6.869075996051198,7.046883995506323,7.124409872555162,6.904157590667718,6.705390845441995,6.971498271032824,7.017492283376175,8.236237778613049,6.9911260795176045,7.311312774044389
6.226165786222803,6.462330193002953,7.522363329773447,6.302807423691425,6.372480465671791,6.616334022480902,6.781987848258651,6.731592178596912,6.168578731955539,6.186376994267306,6.34242826763419,5.7602509631459915,5.656429577753258,6.08891348685974,5.993459162874768,5.981734284771018,5.951314067920161,6.961938178813118,6.32609014148362,6.385774981132126,5.913582359365831,6.419363537469521,6.208775651317083,6.560278865213919,6.044735038058808,5.978743167043046,6.277857891224044,6.239179855678878,7.2393952104387305,5.832368202678944,6.009420397378493,6.517138425199614,6.43478196427188,7.194314160444456,6.13442626364092,5.735194587080467,6.067841450241598,6.687796770783597,6.1510630911067805,7.2766577747598395
8.257728450467813,8.193391393726708,9.287812520282543,8.192743958437156,8.502878202373633,8.120778561564771,8.265183953668698,8.135294540141993,8.335767148426712,8.044139864330614,7.947043514612242,7.979565833736645,7.8376996399199825,8.129016676653102,8.06665595310985,8.128152921745695,8.458263539469801,8.520690594227673,8.574275637727515,8.434307909057987,8.532518459892987,8.78815777517938,8.15411311276282,8.519061468222278,8.003844441044393,8.293376447933824,8.4865610823782,8.144994555452577,9.325283459545032,8.184575756057283,7.8654899237154465,8.307729565662738,8.27912076523266,8.805320801486682,8.264406046131844,7.933465123534096,7.899047428837955,8.403535279506213,8.180094271117786,9.363834258064207
7.329404738099662,7.381568509376334,7.188619071774206,7.209766484272089,7.375210491476462,7.338755949274158,7.385521016719681,7.1291887179269295,7.25151640759051,7.1052506317503665,7.291730641917262,7.196620863036818,7.0443089218862,7.420313249255691,7.176725067265892,7.459380312669433,7.704295219905728,7.355251962797865,7.303597377992183,7.008228977628768,7.496482801383862,7.65453527568478,7.294790276231635,7.696585965397464,7.056189880719612,7.140788310049396,7.0953514365044175,7.0484902744671345,7.7695263837528685,7.196871007312633,6.836472875100789,7.210438428076395,7.4512209049913425,7.936398765424612,7.454707962985544,7.087416780368187,7.136320999980973,7.471160929236215,7.20985420393025,7.6715475384957275
7.272694549995689,6.930574540109699,6.843419518625729,6.518968328892773,7.16078853546603,6.607286770502807,7.116540664489616,6.699033053713504,6.9781756286295,6.855848712896381,7.1285462481934845,7.097822250457348,6.84158253638204,6.725285887761576,7.18121197930484,6.940377166400249,7.614758784396243,7.720280408469395,6.835555517364632,6.744388145029155,6.929785886132008,7.470258598625749,6.966179891541154,7.453501250714328,6.683639500912431,7.066947913539569,6.847395583425564,7.22696298464535,6.685686346197463,6.886476318245872,6.830177671522716,6.716138729340875,7.518281344640877,8.432727551855914,7.270775143387064,6.77341616879388,7.128044646396566,6.783866234509732,7.2268604238175165,7.207935341718429
6.526800243765348,7.160429526494016,6.281189663768814,6.051779224759183,6.506929691694402,6.537466507853021,6.956366374587112,6.542823263628011,7.104630753486677,6.235608565400133,6.482220904899594,7.215202386399684,6.415447805279182,6.598648401242903,6.751952759643063,7.348164890138614,7.270925006101908,7.98138225510701,6.304458558815904,6.724169166439779,6.1949965833985665,7.158713397102093,6.309986101877169,7.854759233200359,6.18259697560179,6.3567872482909165,6.622138137999525,7.650807286079957,6.933225664981631,6.257736094912481,6.68629273993902,6.420306156435566,7.468006878400126,7.718542540808603,6.406791997936164,6.310592444452008,7.287334160695662,6.602425845157254,7.409031985575977,7.030356318933291
8.441250174805582,8.965392204599658,8.158677642309227,8.366458089501238,8.69944373829982,9.035197356441111,8.598485596197342,8.05113034955979,8.49647211783685,8.030781760636867,8.264521392774787,8.746321422526387,8.054063616528202,8.172221892661502,8.447173177183988,9.308183151765691,8.401987556999146,9.4100360613304,7.989698479794131,8.253905326987443,8.276138662129124,8.265118537778557,8.293120785381696,9.048764621134621,8.403059601240688,8.361323697794788,8.194495344060767,9.25587570078694,8.641511925239241,8.146866946363115,8.131704126651307,8.110587228543336,8.660961325247637,9.612200904820602,8.49485482158441,8.050089599748524,8.47420541997884,9.185674266886986,8.625663460447957,8.40928750526706
7.592000204183485,7.405936382810847,7.323756685269551,7.739379259618934,7.525434475186079,7.401675428061382,7.7368597179108445,7.517720693313637,7.346121157716067,7.343184029981457,7.474272100881809,7.795653208264355,7.58090017584999,7.137520855731594,7.33944029319583,8.366608751042058,8.343583754987712,8.455535849569923,8.042509912401743,7.371611303143486,7.7619446168756605,7.9937780258038975,7.441000322279232,7.709409884360267,7.562251043586103,7.183787858428351,7.8481205550068145,7.940064938131395,8.096158950517545,7.674581484568937,7.519735226164984,7.969926595932844,7.635649193380433,8.111335997626606,7.365555161473129,7.240907107583048,7.678453498165759,7.716031457745868,7.282704830988538,6.991862874985097
8.07984913751882,8.200592124952673,8.470132559436143,8.204524090578595,7.701234146458332,7.959319552891976,7.544440053665152,7.759474306062963,8.362102359080556,7.572715870315263,8.039113176438182,9.48267566172547,8.525577268024955,8.422142213086588,7.99191166313781,8.773939643776215,8.536609006050794,8.386880094354568,7.806636407973654,8.385564062479288,7.932631691454856,7.999481605022423,8.376544107971801,8.291789513822668,7.673493245668878,8.257323587445786,8.223224648259432,7.691330362274147,8.861369710484814,7.7052500739842005,7.444968900851858,8.660214693457897,7.988432305430772,9.037671234886625,8.231531757333993,7.598342524341454,7.983789198637333,7.793974004972553,8.69915860494411,7.39971735668592
6.811909851450299,7.238272897041023,7.014872706730273,7.255650322833888,7.229046665903993,6.928095717610723,6.507901667927457,6.809195545729497,6.844368948428877,6.661239179187694,7.034621058321066,7.768283603704913,7.441705964627874,7.106775042290816,7.435422596275913,8.797766191400681,7.042026470426602,7.340740821697641,6.826096334821138,6.985394521306157,6.667893906867867,6.824194189981944,6.839221255522016,6.872904780508556,7.113661201400305,6.702161378403557,7.432506662960363,6.701543475166503,6.903724127310096,6.699040201369267,7.342327144671359,7.6721982810285025,6.401280481024716,7.846720481797797,6.974634941085487,6.658502916645881,6.828982734368343,6.606497708249321,7.622332819838942,6.361535610391025
8.634580032130616,8.34288635249882,8.079276883985221,8.614762205666173,8.003948048248652,9.052518320492139,8.208247231037156,8.763195699862198,8.236199817797763,7.963442493739476,8.113123797998313,8.415598105348503,8.665765996788961,7.943123657889584,7.836565906859676,10.460919202346346,8.0547276121437,8.393753216608605,8.25056700753316,8.567695391986163,8.786135465181513,8.589727561280236,8.435607809949376,8.258347892907667,8.65162650879419,8.394915724466076,8.679031969216641,7.912118509762887,8.263201851748072,8.45993064307618,8.531993261408598,9.10942251011536,8.092196307835696,8.694643771730771,8.293323656681743,7.902549233821923,8.666483759562174,8.419882403211082,7.899342882363768,8.076022149643961
9.662499370327149,9.55009719791274,8.890002570637897,9.084901419712187,9.482225038327616,9.490735028026775,9.43781359414442,9.386993518301603,8.804171750995822,9.188725112628765,9.111261320517604,9.204278629607728,9.071588852991072,8.907073643468612,9.446378912510193,11.22113429089735,9.69649479949896,8.81161448689232,8.777331238753636,9.03694100198872,9.436533324379278,8.899709715611424,8.841125553466862,9.459048718180371,9.356013578622024,8.915491607683748,9.593877621126122,9.152396891268582,9.184665063682905,9.026093761723175,9.964704501672431,9.47593543609332,8.654499767806714,9.352226065970678,8.785821487716632,9.063109784064379,9.725686179415863,8.689561427069805,9.162616598570244,9.208005244913263
