17:00:00,403,61.36666666666667,108,63.16666666666666,103,61.56666666666666,81,61.26666666666667,68,60.06666666666666,42,58.56666666666666
17:05:00,425,58.63333333333333,114,59.56666666666666,109,58.366666666666674,85,58.8,72,58.333333333333336,45,57.23333333333333
17:10:00,426,56.333333333333336,114,56.56666666666666,109,55.6,86,56.6,72,56.76666666666667,45,56.03333333333333
17:15:00,465,54.13333333333333,124,53.76666666666667,118,53.1,93,54.5,79,55.333333333333336,50,54.96666666666667
17:20:00,432,53.8,116,53.4,110,52.73333333333333,87,54.13333333333333,73,55.06666666666666,46,54.73333333333333
17:25:00,418,52.333333333333336,112,51.53333333333333,107,51.03333333333333,84,52.73333333333333,71,54.03333333333333,44,53.96666666666667
17:30:00,399,48.23333333333333,106,46.23333333333333,102,46.23333333333333,80,48.93333333333334,68,51.36666666666667,42,51.86666666666667
17:35:00,411,46.2,110,43.6,105,43.8,83,46.96666666666667,70,49.96666666666667,43,50.833333333333336
17:40:00,387,43.3,104,39.73333333333333,99,40.266666666666666,78,44.5,65,48.23333333333333,40,49.43333333333334
17:45:00,407,41.3,108,37.1,104,38.03333333333333,82,42.6,69,46.76666666666667,44,48.5
17:50:00,426,41.73333333333333,114,37.73333333333333,109,38.6,86,43,72,47.06666666666666,45,48.73333333333333
17:55:00,429,41.53333333333333,115,37.53333333333333,109,38.266666666666666,86,42.76666666666667,73,47,46,48.46666666666667
18:00:00,413,40.8,110,36.36666666666667,105,37.36666666666667,83,42.23333333333333,70,46.6,44,48.2
18:05:00,348,37.2,93,31.933333333333334,90,33.2,70,38.9,59,44.26666666666667,36,46.36666666666667
18:10:00,366,35.733333333333334,98,29.700000000000003,94,31.33333333333333,74,37.8,62,43.43333333333334,38,45.76666666666667
18:15:00,393,38.5,105,33.5,101,34.800000000000004,79,40.03333333333333,67,44.9,42,47.23333333333333
18:20:00,410,42.7,110,38.93333333333333,105,39.766666666666666,83,43.73333333333333,70,47.56666666666666,43,49.333333333333336
18:25:00,404,43.53333333333333,108,40.03333333333333,103,40.6,81,44.7,69,48.36666666666667,43,49.53333333333333
18:30:00,420,46.26666666666667,112,43.66666666666666,107,43.86666666666667,84,47.1,71,50.1,45,50.9
18:35:00,413,48.16666666666666,111,46.16666666666666,106,46.16666666666666,83,48.9,70,51.333333333333336,44,51.86666666666667
18:40:00,401,48.4,108,46.7,103,46.6,81,48.76666666666667,68,51.16666666666666,42,51.86666666666667
18:45:00,359,51.8,96,50.86666666666667,93,50.36666666666667,73,52.2,61,53.7,37,53.66666666666666
18:50:00,333,53.6,90,53.53333333333333,87,52.73333333333333,68,53.63333333333333,56,54.63333333333333,33,54.53333333333333
18:55:00,290,58.23333333333333,78,59.1,76,57.93333333333334,59,58.26666666666667,49,57.96666666666667,29,56.96666666666667
19:00:00,302,60.46666666666667,81,61.93333333333334,79,60.5,62,60.5,51,59.53333333333333,30,58.16666666666666
19:05:00,283,62.43333333333334,76,64.53333333333333,74,62.86666666666667,58,62.23333333333333,47,60.8,28,59.13333333333333
19:10:00,296,61.1,79,62.9,77,61.333333333333336,60,60.833333333333336,50,59.76666666666667,29,58.4
19:15:00,287,60.76666666666667,77,62.46666666666667,75,60.93333333333334,59,60.53333333333333,48,59.56666666666666,28,58.23333333333333
19:20:00,280,62.333333333333336,76,64.36666666666666,74,62.7,58,62.03333333333333,46,60.63333333333333,26,59.03333333333333
19:25:00,257,63,70,65.10000000000001,68,63.4,53,62.76666666666667,42,61.13333333333333,24,59.36666666666667
19:30:00,278,64.8,75,67.5,73,65.53333333333333,57,64.33333333333333,46,62.3,26,60.3
19:35:00,253,63.8,68,66.26666666666667,67,64.43333333333334,52,63.333333333333336,42,61.6,24,59.76666666666667
19:40:00,246,63.70000000000001,67,66.06666666666668,65,64.23333333333333,51,63.26666666666666,41,61.5,22,59.7
19:45:00,251,65.53333333333333,69,68.16666666666667,67,66.2,52,65.23333333333333,41,62.93333333333333,23,60.7
19:50:00,248,64.8,68,67.6,66,65.56666666666666,51,64.26666666666667,41,62.23333333333333,23,60.23333333333333
19:55:00,252,65.76666666666667,68,68.7,67,66.63333333333334,52,65.26666666666667,42,62.93333333333333,23,60.76666666666667
20:00:00,235,65.53333333333333,64,68.26666666666667,63,66.3,48,65.13333333333333,39,62.86666666666667,21,60.66666666666666
20:05:00,235,62.93333333333334,64,65,62,63.26666666666667,48,62.76666666666667,39,61.16666666666666,21,59.4
20:10:00,238,65.03333333333333,64,67.83333333333333,63,65.83333333333333,49,64.56666666666666,40,62.43333333333334,22,60.36666666666667
20:15:00,228,65,63,67.39999999999999,61,65.53333333333333,47,64.83333333333333,38,62.63333333333333,20,60.5
20:20:00,210,64.73333333333333,57,67.2,56,65.33333333333333,43,64.53333333333335,35,62.4,18,60.333333333333336
20:25:00,223,66.39999999999999,60,69.63333333333333,59,67.43333333333334,46,65.7,37,63.26666666666667,20,61.03333333333333
20:30:00,232,65.5,63,68.26666666666667,62,66.3,48,65.13333333333333,38,62.86666666666667,21,60.7
20:35:00,244,65.96666666666667,66,69.03333333333333,64,66.93333333333332,50,65.39999999999999,41,63,23,60.86666666666667
20:40:00,195,65.3,54,68,53,66.03333333333335,40,64.83333333333333,32,62.6,16,60.56666666666666
20:45:00,210,65.2,59,67.83333333333333,57,65.86666666666666,43,64.73333333333333,34,62.56666666666666,17,60.46666666666667
20:50:00,208,65.39999999999999,57,68.23333333333333,56,66.2,43,64.86666666666667,34,62.66666666666666,18,60.56666666666666
20:55:00,197,64.63333333333334,55,67.10000000000001,54,65.2,41,64.23333333333333,32,62.23333333333333,16,60.2
21:00:00,196,64.63333333333334,53,67.3,53,65.36666666666666,40,64.13333333333333,32,62.1,17,60.16666666666666
21:05:00,219,65.13333333333334,59,67.93333333333334,59,65.89999999999999,45,64.56666666666666,36,62.46666666666667,20,60.43333333333334
21:10:00,230,67.89999999999999,63,71.36666666666667,61,69.03333333333335,47,67.23333333333333,38,64.33333333333333,20,61.8
21:15:00,216,68.26666666666667,58,72.03333333333335,57,69.60000000000001,45,67.43333333333334,36,64.5,19,61.96666666666667
21:20:00,207,68.63333333333334,56,71.89999999999999,56,69.60000000000001,43,68.39999999999999,34,65.23333333333333,18,62.26666666666667
21:25:00,209,67.66666666666667,57,71.03333333333333,56,68.7,43,67.10000000000001,35,64.26666666666667,19,61.73333333333333
21:30:00,189,66.3,52,69.39999999999999,51,67.23333333333333,39,65.63333333333333,31,63.16666666666666,16,60.96666666666667
21:35:00,189,67.10000000000001,52,70.26666666666667,51,68.06666666666666,39,66.43333333333334,31,63.8,16,61.46666666666666
21:40:00,180,67.60000000000001,50,70.63333333333333,49,68.43333333333334,38,67.33333333333333,29,64.46666666666665,14,61.76666666666667
21:45:00,167,67.96666666666665,46,71.39999999999999,46,69.03333333333333,35,67.06666666666666,27,64.2,12,61.8
21:50:00,186,65.7,52,68.39999999999999,51,66.36666666666666,39,65.06666666666666,30,62.76666666666667,14,60.66666666666666
21:55:00,153,67.3,42,70.56666666666666,43,68.3,32,66.43333333333334,25,63.76666666666667,11,61.46666666666667
22:00:00,164,66.63333333333334,46,69.36666666666666,45,67.33333333333333,34,66.36666666666666,26,63.73333333333333,12,61.3
22:05:00,166,67.5,47,70.2,47,68.06666666666666,35,67.10000000000001,26,64.26666666666667,11,61.66666666666666
22:10:00,164,68.33333333333333,45,71.93333333333334,45,69.60000000000001,34,67.46666666666667,27,64.46666666666667,13,62
22:15:00,181,67.53333333333335,49,71,49,68.66666666666667,38,66.76666666666667,30,63.96666666666667,15,61.63333333333333
22:20:00,148,67.66666666666667,41,70.8,41,68.53333333333333,31,67.03333333333333,24,64.16666666666667,11,61.7
22:25:00,155,68.86666666666667,42,72.63333333333334,43,70.16666666666667,33,67.93333333333332,26,64.83333333333333,12,62.26666666666667
22:30:00,131,67.76666666666667,38,70.73333333333333,38,68.53333333333335,28,66.73333333333333,19,63.96666666666667,7,61.6
22:35:00,139,67.39999999999999,38,70.53333333333335,39,68.3,29,66.76666666666667,23,64,10,61.56666666666666
22:40:00,129,64.36666666666666,37,66.60000000000001,37,64.73333333333333,28,63.73333333333333,20,61.833333333333336,7,59.96666666666667
22:45:00,136,64.76666666666667,38,67.3,38,65.33333333333333,29,64.2,21,62.20000000000001,10,60.2
22:50:00,123,64.56666666666666,36,66.56666666666666,37,64.76666666666667,26,64.2,18,62.23333333333333,6,60.13333333333333
22:55:00,124,66.86666666666666,35,69.73333333333333,36,67.60000000000001,27,66.13333333333334,20,63.56666666666666,7,61.23333333333333
23:00:00,108,66.10000000000001,30,69.06666666666666,30,66.93333333333334,22,65.39999999999999,17,63.03333333333333,9,60.86666666666667
