Timestamp,Station,Freeway,Direction,Lane Type,Latitude,Longitude,Location,Abs_PM,Total Flow (veh/5min),Lane1 Flow (veh/5min),Lane2 Flow (veh/5min),Lane3 Flow (veh/5min),Lane4 Flow (veh/5min),Lane5 Flow (veh/5min),Lane6 Flow (veh/5min)
06:00:00,773979,134,W,FF,34.14568,-118.221874,OAKVIEW,9.213,,,,,,,
06:00:00,773980,134,W,FF,34.14568,-118.221874,OAKVIEW,9.213,,,,,,,
06:00:00,774057,134,W,FF,34.15084,-118.234258,FM 2 SB TO 134,8.403,,,,,,,
06:05:00,773979,134,W,FF,34.14568,-118.221874,OAKVIEW,9.213,,,,,,,
06:05:00,773980,134,W,FF,34.14568,-118.221874,OAKVIEW,9.213,,,,,,,
06:05:00,774057,134,W,FF,34.15084,-118.234258,FM 2 SB TO 134,8.403,,,,,,,
06:10:00,773979,134,W,FF,34.14568,-118.221874,OAKVIEW,9.213,,,,,,,
06:10:00,773980,134,W,FF,34.14568,-118.221874,OAKVIEW,9.213,,,,,,,
06:10:00,774057,134,W,FF,34.15084,-118.234258,FM 2 SB TO 134,8.403,,,,,,,
06:15:00,773979,134,W,FF,34.14568,-118.221874,OAKVIEW,9.213,,,,,,,
06:15:00,773980,134,W,FF,34.14568,-118.221874,OAKVIEW,9.213,,,,,,,
06:15:00,774057,134,W,FF,34.15084,-118.234258,FM 2 SB TO 134,8.403,,,,,,,
06:20:00,773979,134,W,FF,34.14568,-118.221874,OAKVIEW,9.213,,,,,,,
06:20:00,773980,134,W,FF,34.14568,-118.221874,OAKVIEW,9.213,,,,,,,
06:20:00,774057,134,W,FF,34.15084,-118.234258,FM 2 SB TO 134,8.403,,,,,,,
06:25:00,773979,134,W,FF,34.14568,-118.221874,OAKVIEW,9.213,,,,,,,
06:25:00,773980,134,W,FF,34.14568,-118.221874,OAKVIEW,9.213,,,,,,,
06:25:00,774057,134,W,FF,34.15084,-118.234258,FM 2 SB TO 134,8.403,,,,,,,
06:30:00,773979,134,W,FF,34.14568,-118.221874,OAKVIEW,9.213,,,,,,,
06:30:00,773980,134,W,FF,34.14568,-118.221874,OAKVIEW,9.213,,,,,,,
06:30:00,774057,134,W,FF,34.15084,-118.234258,FM 2 SB TO 134,8.403,,,,,,,
06:35:00,773979,134,W,FF,34.14568,-118.221874,OAKVIEW,9.213,,,,,,,
06:35:00,773980,134,W,FF,34.14568,-118.221874,OAKVIEW,9.213,,,,,,,
06:35:00,774057,134,W,FF,34.15084,-118.234258,FM 2 SB TO 134,8.403,,,,,,,
06:40:00,773979,134,W,FF,34.14568,-118.221874,OAKVIEW,9.213,,,,,,,
06:40:00,773980,134,W,FF,34.14568,-118.221874,OAKVIEW,9.213,,,,,,,
06:40:00,774057,134,W,FF,34.15084,-118.234258,FM 2 SB TO 134,8.403,,,,,,,
06:45:00,773979,134,W,FF,34.14568,-118.221874,OAKVIEW,9.213,,,,,,,
06:45:00,773980,134,W,FF,34.14568,-118.221874,OAKVIEW,9.213,,,,,,,
06:45:00,774057,134,W,FF,34.15084,-118.234258,FM 2 SB TO 134,8.403,,,,,,,
06:50:00,773979,134,W,FF,34.14568,-118.221874,OAKVIEW,9.213,,,,,,,
06:50:00,773980,134,W,FF,34.14568,-118.221874,OAKVIEW,9.213,,,,,,,
06:50:00,774057,134,W,FF,34.15084,-118.234258,FM 2 SB TO 134,8.403,,,,,,,
06:55:00,773979,134,W,FF,34.14568,-118.221874,OAKVIEW,9.213,,,,,,,
06:55:00,773980,134,W,FF,34.14568,-118.221874,OAKVIEW,9.213,,,,,,,
06:55:00,774057,134,W,FF,34.15084,-118.234258,FM 2 SB TO 134,8.403,,,,,,,
07:00:00,773979,134,W,FF,34.14568,-118.221874,OAKVIEW,9.213,,,,,,,
07:00:00,773980,134,W,FF,34.14568,-118.221874,OAKVIEW,9.213,,,,,,,
07:00:00,774057,134,W,FF,34.15084,-118.234258,FM 2 SB TO 134,8.403,,,,,,,
07:05:00,773979,134,W,FF,34.14568,-118.221874,OAKVIEW,9.213,,,,,,,
07:05:00,773980,134,W,FF,34.14568,-118.221874,OAKVIEW,9.213,,,,,,,
07:05:00,774057,134,W,FF,34.15084,-118.234258,FM 2 SB TO 134,8.403,,,,,,,
07:10:00,773979,134,W,FF,34.14568,-118.221874,OAKVIEW,9.213,,,,,,,
07:10:00,773980,134,W,FF,34.14568,-118.221874,OAKVIEW,9.213,,,,,,,
07:10:00,774057,134,W,FF,34.15084,-118.234258,FM 2 SB TO 134,8.403,,,,,,,
07:15:00,773979,134,W,FF,34.14568,-118.221874,OAKVIEW,9.213,,,,,,,
07:15:00,773980,134,W,FF,34.14568,-118.221874,OAKVIEW,9.213,,,,,,,
07:15:00,774057,134,W,FF,34.15084,-118.234258,FM 2 SB TO 134,8.403,,,,,,,
07:20:00,773979,134,W,FF,34.14568,-118.221874,OAKVIEW,9.213,,,,,,,
07:20:00,773980,134,W,FF,34.14568,-118.221874,OAKVIEW,9.213,,,,,,,
07:20:00,774057,134,W,FF,34.15084,-118.234258,FM 2 SB TO 134,8.403,,,,,,,
07:25:00,773979,134,W,FF,34.14568,-118.221874,OAKVIEW,9.213,,,,,,,
07:25:00,773980,134,W,FF,34.14568,-118.221874,OAKVIEW,9.213,,,,,,,
07:25:00,774057,134,W,FF,34.15084,-118.234258,FM 2 SB TO 134,8.403,,,,,,,
07:30:00,773979,134,W,FF,34.14568,-118.221874,OAKVIEW,9.213,,,,,,,
07:30:00,773980,134,W,FF,34.14568,-118.221874,OAKVIEW,9.213,,,,,,,
07:30:00,774057,134,W,FF,34.15084,-118.234258,FM 2 SB TO 134,8.403,,,,,,,
07:35:00,773979,134,W,FF,34.14568,-118.221874,OAKVIEW,9.213,,,,,,,
07:35:00,773980,134,W,FF,34.14568,-118.221874,OAKVIEW,9.213,,,,,,,
07:35:00,774057,134,W,FF,34.15084,-118.234258,FM 2 SB TO 134,8.403,,,,,,,
07:40:00,773979,134,W,FF,34.14568,-118.221874,OAKVIEW,9.213,,,,,,,
07:40:00,773980,134,W,FF,34.14568,-118.221874,OAKVIEW,9.213,,,,,,,
07:40:00,774057,134,W,FF,34.15084,-118.234258,FM 2 SB TO 134,8.403,,,,,,,
07:45:00,773979,134,W,FF,34.14568,-118.221874,OAKVIEW,9.213,,,,,,,
07:45:00,773980,134,W,FF,34.14568,-118.221874,OAKVIEW,9.213,,,,,,,
07:45:00,774057,134,W,FF,34.15084,-118.234258,FM 2 SB TO 134,8.403,,,,,,,
07:50:00,773979,134,W,FF,34.14568,-118.221874,OAKVIEW,9.213,,,,,,,
07:50:00,773980,134,W,FF,34.14568,-118.221874,OAKVIEW,9.213,,,,,,,
07:50:00,774057,134,W,FF,34.15084,-118.234258,FM 2 SB TO 134,8.403,,,,,,,
07:55:00,773979,134,W,FF,34.14568,-118.221874,OAKVIEW,9.213,,,,,,,
07:55:00,773980,134,W,FF,34.14568,-118.221874,OAKVIEW,9.213,,,,,,,
07:55:00,774057,134,W,FF,34.15084,-118.234258,FM 2 SB TO 134,8.403,,,,,,,
08:00:00,773979,134,W,FF,34.14568,-118.221874,OAKVIEW,9.213,,,,,,,
08:00:00,773980,134,W,FF,34.14568,-118.221874,OAKVIEW,9.213,,,,,,,
08:00:00,774057,134,W,FF,34.15084,-118.234258,FM 2 SB TO 134,8.403,,,,,,,
08:05:00,773979,134,W,FF,34.14568,-118.221874,OAKVIEW,9.213,,,,,,,
08:05:00,773980,134,W,FF,34.14568,-118.221874,OAKVIEW,9.213,,,,,,,
08:05:00,774057,134,W,FF,34.15084,-118.234258,FM 2 SB TO 134,8.403,,,,,,,
08:10:00,773979,134,W,FF,34.14568,-118.221874,OAKVIEW,9.213,,,,,,,
08:10:00,773980,134,W,FF,34.14568,-118.221874,OAKVIEW,9.213,,,,,,,
08:10:00,774057,134,W,FF,34.15084,-118.234258,FM 2 SB TO 134,8.403,,,,,,,
08:15:00,773979,134,W,FF,34.14568,-118.221874,OAKVIEW,9.213,,,,,,,
08:15:00,773980,134,W,FF,34.14568,-118.221874,OAKVIEW,9.213,,,,,,,
08:15:00,774057,134,W,FF,34.15084,-118.234258,FM 2 SB TO 134,8.403,,,,,,,
08:20:00,773979,134,W,FF,34.14568,-118.221874,OAKVIEW,9.213,,,,,,,
08:20:00,773980,134,W,FF,34.14568,-118.221874,OAKVIEW,9.213,,,,,,,
08:20:00,774057,134,W,FF,34.15084,-118.234258,FM 2 SB TO 134,8.403,,,,,,,
08:25:00,773979,134,W,FF,34.14568,-118.221874,OAKVIEW,9.213,,,,,,,
08:25:00,773980,134,W,FF,34.14568,-118.221874,OAKVIEW,9.213,,,,,,,
08:25:00,774057,134,W,FF,34.15084,-118.234258,FM 2 SB TO 134,8.403,,,,,,,
08:30:00,773979,134,W,FF,34.14568,-118.221874,OAKVIEW,9.213,,,,,,,
08:30:00,773980,134,W,FF,34.14568,-118.221874,OAKVIEW,9.213,,,,,,,
08:30:00,774057,134,W,FF,34.15084,-118.234258,FM 2 SB TO 134,8.403,,,,,,,
08:35:00,773979,134,W,FF,34.14568,-118.221874,OAKVIEW,9.213,,,,,,,
08:35:00,773980,134,W,FF,34.14568,-118.221874,OAKVIEW,9.213,,,,,,,
08:35:00,774057,134,W,FF,34.15084,-118.234258,FM 2 SB TO 134,8.403,,,,,,,
08:40:00,773979,134,W,FF,34.14568,-118.221874,OAKVIEW,9.213,,,,,,,
08:40:00,773980,134,W,FF,34.14568,-118.221874,OAKVIEW,9.213,,,,,,,
08:40:00,774057,134,W,FF,34.15084,-118.234258,FM 2 SB TO 134,8.403,,,,,,,
08:45:00,773979,134,W,FF,34.14568,-118.221874,OAKVIEW,9.213,,,,,,,
08:45:00,773980,134,W,FF,34.14568,-118.221874,OAKVIEW,9.213,,,,,,,
08:45:00,774057,134,W,FF,34.15084,-118.234258,FM 2 SB TO 134,8.403,,,,,,,
08:50:00,773979,134,W,FF,34.14568,-118.221874,OAKVIEW,9.213,,,,,,,
08:50:00,773980,134,W,FF,34.14568,-118.221874,OAKVIEW,9.213,,,,,,,
08:50:00,774057,134,W,FF,34.15084,-118.234258,FM 2 SB TO 134,8.403,,,,,,,
08:55:00,773979,134,W,FF,34.14568,-118.221874,OAKVIEW,9.213,,,,,,,
08:55:00,773980,134,W,FF,34.14568,-118.221874,OAKVIEW,9.213,,,,,,,
08:55:00,774057,134,W,FF,34.15084,-118.234258,FM 2 SB TO 134,8.403,,,,,,,
09:00:00,773979,134,W,FF,34.14568,-118.221874,OAKVIEW,9.213,,,,,,,
09:00:00,773980,134,W,FF,34.14568,-118.221874,OAKVIEW,9.213,,,,,,,
09:00:00,774057,134,W,FF,34.15084,-118.234258,FM 2 SB TO 134,8.403,,,,,,,
09:05:00,773979,134,W,FF,34.14568,-118.221874,OAKVIEW,9.213,,,,,,,
09:05:00,773980,134,W,FF,34.14568,-118.221874,OAKVIEW,9.213,,,,,,,
09:05:00,774057,134,W,FF,34.15084,-118.234258,FM 2 SB TO 134,8.403,,,,,,,
09:10:00,773979,134,W,FF,34.14568,-118.221874,OAKVIEW,9.213,,,,,,,
09:10:00,773980,134,W,FF,34.14568,-118.221874,OAKVIEW,9.213,,,,,,,
09:10:00,774057,134,W,FF,34.15084,-118.234258,FM 2 SB TO 134,8.403,,,,,,,
09:15:00,773979,134,W,FF,34.14568,-118.221874,OAKVIEW,9.213,,,,,,,
09:15:00,773980,134,W,FF,34.14568,-118.221874,OAKVIEW,9.213,,,,,,,
09:15:00,774057,134,W,FF,34.15084,-118.234258,FM 2 SB TO 134,8.403,,,,,,,
09:20:00,773979,134,W,FF,34.14568,-118.221874,OAKVIEW,9.213,,,,,,,
09:20:00,773980,134,W,FF,34.14568,-118.221874,OAKVIEW,9.213,,,,,,,
09:20:00,774057,134,W,FF,34.15084,-118.234258,FM 2 SB TO 134,8.403,,,,,,,
09:25:00,773979,134,W,FF,34.14568,-118.221874,OAKVIEW,9.213,,,,,,,
09:25:00,773980,134,W,FF,34.14568,-118.221874,OAKVIEW,9.213,,,,,,,
09:25:00,774057,134,W,FF,34.15084,-118.234258,FM 2 SB TO 134,8.403,,,,,,,
09:30:00,773979,134,W,FF,34.14568,-118.221874,OAKVIEW,9.213,,,,,,,
09:30:00,773980,134,W,FF,34.14568,-118.221874,OAKVIEW,9.213,,,,,,,
09:30:00,774057,134,W,FF,34.15084,-118.234258,FM 2 SB TO 134,8.403,,,,,,,
09:35:00,773979,134,W,FF,34.14568,-118.221874,OAKVIEW,9.213,,,,,,,
09:35:00,773980,134,W,FF,34.14568,-118.221874,OAKVIEW,9.213,,,,,,,
09:35:00,774057,134,W,FF,34.15084,-118.234258,FM 2 SB TO 134,8.403,,,,,,,
09:40:00,773979,134,W,FF,34.14568,-118.221874,OAKVIEW,9.213,,,,,,,
09:40:00,773980,134,W,FF,34.14568,-118.221874,OAKVIEW,9.213,,,,,,,
09:40:00,774057,134,W,FF,34.15084,-118.234258,FM 2 SB TO 134,8.403,,,,,,,
09:45:00,773979,134,W,FF,34.14568,-118.221874,OAKVIEW,9.213,,,,,,,
09:45:00,773980,134,W,FF,34.14568,-118.221874,OAKVIEW,9.213,,,,,,,
09:45:00,774057,134,W,FF,34.15084,-118.234258,FM 2 SB TO 134,8.403,,,,,,,
09:50:00,773979,134,W,FF,34.14568,-118.221874,OAKVIEW,9.213,,,,,,,
09:50:00,773980,134,W,FF,34.14568,-118.221874,OAKVIEW,9.213,,,,,,,
09:50:00,774057,134,W,FF,34.15084,-118.234258,FM 2 SB TO 134,8.403,,,,,,,
09:55:00,773979,134,W,FF,34.14568,-118.221874,OAKVIEW,9.213,,,,,,,
09:55:00,773980,134,W,FF,34.14568,-118.221874,OAKVIEW,9.213,,,,,,,
09:55:00,774057,134,W,FF,34.15084,-118.234258,FM 2 SB TO 134,8.403,,,,,,,
10:00:00,773979,134,W,FF,34.14568,-118.221874,OAKVIEW,9.213,,,,,,,
10:00:00,773980,134,W,FF,34.14568,-118.221874,OAKVIEW,9.213,,,,,,,
10:00:00,774057,134,W,FF,34.15084,-118.234258,FM 2 SB TO 134,8.403,,,,,,,
10:05:00,773979,134,W,FF,34.14568,-118.221874,OAKVIEW,9.213,,,,,,,
10:05:00,773980,134,W,FF,34.14568,-118.221874,OAKVIEW,9.213,,,,,,,
10:05:00,774057,134,W,FF,34.15084,-118.234258,FM 2 SB TO 134,8.403,,,,,,,
10:10:00,773979,134,W,FF,34.14568,-118.221874,OAKVIEW,9.213,,,,,,,
10:10:00,773980,134,W,FF,34.14568,-118.221874,OAKVIEW,9.213,,,,,,,
10:10:00,774057,134,W,FF,34.15084,-118.234258,FM 2 SB TO 134,8.403,,,,,,,
10:15:00,773979,134,W,FF,34.14568,-118.221874,OAKVIEW,9.213,,,,,,,
10:15:00,773980,134,W,FF,34.14568,-118.221874,OAKVIEW,9.213,,,,,,,
10:15:00,774057,134,W,FF,34.15084,-118.234258,FM 2 SB TO 134,8.403,,,,,,,
10:20:00,773979,134,W,FF,34.14568,-118.221874,OAKVIEW,9.213,,,,,,,
10:20:00,773980,134,W,FF,34.14568,-118.221874,OAKVIEW,9.213,,,,,,,
10:20:00,774057,134,W,FF,34.15084,-118.234258,FM 2 SB TO 134,8.403,,,,,,,
10:25:00,773979,134,W,FF,34.14568,-118.221874,OAKVIEW,9.213,,,,,,,
10:25:00,773980,134,W,FF,34.14568,-118.221874,OAKVIEW,9.213,,,,,,,
10:25:00,774057,134,W,FF,34.15084,-118.234258,FM 2 SB TO 134,8.403,,,,,,,
10:30:00,773979,134,W,FF,34.14568,-118.221874,OAKVIEW,9.213,,,,,,,
10:30:00,773980,134,W,FF,34.14568,-118.221874,OAKVIEW,9.213,,,,,,,
10:30:00,774057,134,W,FF,34.15084,-118.234258,FM 2 SB TO 134,8.403,,,,,,,
10:35:00,773979,134,W,FF,34.14568,-118.221874,OAKVIEW,9.213,,,,,,,
10:35:00,773980,134,W,FF,34.14568,-118.221874,OAKVIEW,9.213,,,,,,,
10:35:00,774057,134,W,FF,34.15084,-118.234258,FM 2 SB TO 134,8.403,,,,,,,
10:40:00,773979,134,W,FF,34.14568,-118.221874,OAKVIEW,9.213,,,,,,,
10:40:00,773980,134,W,FF,34.14568,-118.221874,OAKVIEW,9.213,,,,,,,
10:40:00,774057,134,W,FF,34.15084,-118.234258,FM 2 SB TO 134,8.403,,,,,,,
10:45:00,773979,134,W,FF,34.14568,-118.221874,OAKVIEW,9.213,,,,,,,
10:45:00,773980,134,W,FF,34.14568,-118.221874,OAKVIEW,9.213,,,,,,,
10:45:00,774057,134,W,FF,34.15084,-118.234258,FM 2 SB TO 134,8.403,,,,,,,
10:50:00,773979,134,W,FF,34.14568,-118.221874,OAKVIEW,9.213,,,,,,,
10:50:00,773980,134,W,FF,34.14568,-118.221874,OAKVIEW,9.213,,,,,,,
10:50:00,774057,134,W,FF,34.15084,-118.234258,FM 2 SB TO 134,8.403,,,,,,,
10:55:00,773979,134,W,FF,34.14568,-118.221874,OAKVIEW,9.213,,,,,,,
10:55:00,773980,134,W,FF,34.14568,-118.221874,OAKVIEW,9.213,,,,,,,
10:55:00,774057,134,W,FF,34.15084,-118.234258,FM 2 SB TO 134,8.403,,,,,,,
11:00:00,773979,134,W,FF,34.14568,-118.221874,OAKVIEW,9.213,,,,,,,
11:00:00,773980,134,W,FF,34.14568,-118.221874,OAKVIEW,9.213,,,,,,,
11:00:00,774057,134,W,FF,34.15084,-118.234258,FM 2 SB TO 134,8.403,,,,,,,
11:05:00,773979,134,W,FF,34.14568,-118.221874,OAKVIEW,9.213,,,,,,,
11:05:00,773980,134,W,FF,34.14568,-118.221874,OAKVIEW,9.213,,,,,,,
11:05:00,774057,134,W,FF,34.15084,-118.234258,FM 2 SB TO 134,8.403,,,,,,,
11:10:00,773979,134,W,FF,34.14568,-118.221874,OAKVIEW,9.213,,,,,,,
11:10:00,773980,134,W,FF,34.14568,-118.221874,OAKVIEW,9.213,,,,,,,
11:10:00,774057,134,W,FF,34.15084,-118.234258,FM 2 SB TO 134,8.403,,,,,,,
11:15:00,773979,134,W,FF,34.14568,-118.221874,OAKVIEW,9.213,,,,,,,
11:15:00,773980,134,W,FF,34.14568,-118.221874,OAKVIEW,9.213,,,,,,,
11:15:00,774057,134,W,FF,34.15084,-118.234258,FM 2 SB TO 134,8.403,,,,,,,
11:20:00,773979,134,W,FF,34.14568,-118.221874,OAKVIEW,9.213,,,,,,,
11:20:00,773980,134,W,FF,34.14568,-118.221874,OAKVIEW,9.213,,,,,,,
11:20:00,774057,134,W,FF,34.15084,-118.234258,FM 2 SB TO 134,8.403,,,,,,,
11:25:00,773979,134,W,FF,34.14568,-118.221874,OAKVIEW,9.213,,,,,,,
11:25:00,773980,134,W,FF,34.14568,-118.221874,OAKVIEW,9.213,,,,,,,
11:25:00,774057,134,W,FF,34.15084,-118.234258,FM 2 SB TO 134,8.403,,,,,,,
11:30:00,773979,134,W,FF,34.14568,-118.221874,OAKVIEW,9.213,,,,,,,
11:30:00,773980,134,W,FF,34.14568,-118.221874,OAKVIEW,9.213,,,,,,,
11:30:00,774057,134,W,FF,34.15084,-118.234258,FM 2 SB TO 134,8.403,,,,,,,
11:35:00,773979,134,W,FF,34.14568,-118.221874,OAKVIEW,9.213,,,,,,,
11:35:00,773980,134,W,FF,34.14568,-118.221874,OAKVIEW,9.213,,,,,,,
11:35:00,774057,134,W,FF,34.15084,-118.234258,FM 2 SB TO 134,8.403,,,,,,,
11:40:00,773979,134,W,FF,34.14568,-118.221874,OAKVIEW,9.213,,,,,,,
11:40:00,773980,134,W,FF,34.14568,-118.221874,OAKVIEW,9.213,,,,,,,
11:40:00,774057,134,W,FF,34.15084,-118.234258,FM 2 SB TO 134,8.403,,,,,,,
11:45:00,773979,134,W,FF,34.14568,-118.221874,OAKVIEW,9.213,,,,,,,
11:45:00,773980,134,W,FF,34.14568,-118.221874,OAKVIEW,9.213,,,,,,,
11:45:00,774057,134,W,FF,34.15084,-118.234258,FM 2 SB TO 134,8.403,,,,,,,
11:50:00,773979,134,W,FF,34.14568,-118.221874,OAKVIEW,9.213,,,,,,,
11:50:00,773980,134,W,FF,34.14568,-118.221874,OAKVIEW,9.213,,,,,,,
11:50:00,774057,134,W,FF,34.15084,-118.234258,FM 2 SB TO 134,8.403,,,,,,,
11:55:00,773979,134,W,FF,34.14568,-118.221874,OAKVIEW,9.213,,,,,,,
11:55:00,773980,134,W,FF,34.14568,-118.221874,OAKVIEW,9.213,,,,,,,
11:55:00,774057,134,W,FF,34.15084,-118.234258,FM 2 SB TO 134,8.403,,,,,,,
12:00:00,773979,134,W,FF,34.14568,-118.221874,OAKVIEW,9.213,,,,,,,
12:00:00,773980,134,W,FF,34.14568,-118.221874,OAKVIEW,9.213,,,,,,,
12:00:00,774057,134,W,FF,34.15084,-118.234258,FM 2 SB TO 134,8.403,,,,,,,
12:05:00,773979,134,W,FF,34.14568,-118.221874,OAKVIEW,9.213,,,,,,,
12:05:00,773980,134,W,FF,34.14568,-118.221874,OAKVIEW,9.213,,,,,,,
12:05:00,774057,134,W,FF,34.15084,-118.234258,FM 2 SB TO 134,8.403,,,,,,,
12:10:00,773979,134,W,FF,34.14568,-118.221874,OAKVIEW,9.213,,,,,,,
12:10:00,773980,134,W,FF,34.14568,-118.221874,OAKVIEW,9.213,,,,,,,
12:10:00,774057,134,W,FF,34.15084,-118.234258,FM 2 SB TO 134,8.403,,,,,,,
12:15:00,773979,134,W,FF,34.14568,-118.221874,OAKVIEW,9.213,,,,,,,
12:15:00,773980,134,W,FF,34.14568,-118.221874,OAKVIEW,9.213,,,,,,,
12:15:00,774057,134,W,FF,34.15084,-118.234258,FM 2 SB TO 134,8.403,,,,,,,
12:20:00,773979,134,W,FF,34.14568,-118.221874,OAKVIEW,9.213,,,,,,,
12:20:00,773980,134,W,FF,34.14568,-118.221874,OAKVIEW,9.213,,,,,,,
12:20:00,774057,134,W,FF,34.15084,-118.234258,FM 2 SB TO 134,8.403,,,,,,,
12:25:00,773979,134,W,FF,34.14568,-118.221874,OAKVIEW,9.213,,,,,,,
12:25:00,773980,134,W,FF,34.14568,-118.221874,OAKVIEW,9.213,,,,,,,
12:25:00,774057,134,W,FF,34.15084,-118.234258,FM 2 SB TO 134,8.403,,,,,,,
12:30:00,773979,134,W,FF,34.14568,-118.221874,OAKVIEW,9.213,,,,,,,
12:30:00,773980,134,W,FF,34.14568,-118.221874,OAKVIEW,9.213,,,,,,,
12:30:00,774057,134,W,FF,34.15084,-118.234258,FM 2 SB TO 134,8.403,,,,,,,
12:35:00,773979,134,W,FF,34.14568,-118.221874,OAKVIEW,9.213,,,,,,,
12:35:00,773980,134,W,FF,34.14568,-118.221874,OAKVIEW,9.213,,,,,,,
12:35:00,774057,134,W,FF,34.15084,-118.234258,FM 2 SB TO 134,8.403,,,,,,,
12:40:00,773979,134,W,FF,34.14568,-118.221874,OAKVIEW,9.213,,,,,,,
12:40:00,773980,134,W,FF,34.14568,-118.221874,OAKVIEW,9.213,,,,,,,
12:40:00,774057,134,W,FF,34.15084,-118.234258,FM 2 SB TO 134,8.403,,,,,,,
12:45:00,773979,134,W,FF,34.14568,-118.221874,OAKVIEW,9.213,,,,,,,
12:45:00,773980,134,W,FF,34.14568,-118.221874,OAKVIEW,9.213,,,,,,,
12:45:00,774057,134,W,FF,34.15084,-118.234258,FM 2 SB TO 134,8.403,,,,,,,
12:50:00,773979,134,W,FF,34.14568,-118.221874,OAKVIEW,9.213,,,,,,,
12:50:00,773980,134,W,FF,34.14568,-118.221874,OAKVIEW,9.213,,,,,,,
12:50:00,774057,134,W,FF,34.15084,-118.234258,FM 2 SB TO 134,8.403,,,,,,,
12:55:00,773979,134,W,FF,34.14568,-118.221874,OAKVIEW,9.213,,,,,,,
12:55:00,773980,134,W,FF,34.14568,-118.221874,OAKVIEW,9.213,,,,,,,
12:55:00,774057,134,W,FF,34.15084,-118.234258,FM 2 SB TO 134,8.403,,,,,,,
13:00:00,773979,134,W,FF,34.14568,-118.221874,OAKVIEW,9.213,,,,,,,
13:00:00,773980,134,W,FF,34.14568,-118.221874,OAKVIEW,9.213,,,,,,,
13:00:00,774057,134,W,FF,34.15084,-118.234258,FM 2 SB TO 134,8.403,,,,,,,
13:05:00,773979,134,W,FF,34.14568,-118.221874,OAKVIEW,9.213,,,,,,,
13:05:00,773980,134,W,FF,34.14568,-118.221874,OAKVIEW,9.213,,,,,,,
13:05:00,774057,134,W,FF,34.15084,-118.234258,FM 2 SB TO 134,8.403,,,,,,,
13:10:00,773979,134,W,FF,34.14568,-118.221874,OAKVIEW,9.213,,,,,,,
13:10:00,773980,134,W,FF,34.14568,-118.221874,OAKVIEW,9.213,,,,,,,
13:10:00,774057,134,W,FF,34.15084,-118.234258,FM 2 SB TO 134,8.403,,,,,,,
13:15:00,773979,134,W,FF,34.14568,-118.221874,OAKVIEW,9.213,,,,,,,
13:15:00,773980,134,W,FF,34.14568,-118.221874,OAKVIEW,9.213,,,,,,,
13:15:00,774057,134,W,FF,34.15084,-118.234258,FM 2 SB TO 134,8.403,,,,,,,
13:20:00,773979,134,W,FF,34.14568,-118.221874,OAKVIEW,9.213,,,,,,,
13:20:00,773980,134,W,FF,34.14568,-118.221874,OAKVIEW,9.213,,,,,,,
13:20:00,774057,134,W,FF,34.15084,-118.234258,FM 2 SB TO 134,8.403,,,,,,,
13:25:00,773979,134,W,FF,34.14568,-118.221874,OAKVIEW,9.213,,,,,,,
13:25:00,773980,134,W,FF,34.14568,-118.221874,OAKVIEW,9.213,,,,,,,
13:25:00,774057,134,W,FF,34.15084,-118.234258,FM 2 SB TO 134,8.403,,,,,,,
13:30:00,773979,134,W,FF,34.14568,-118.221874,OAKVIEW,9.213,,,,,,,
13:30:00,773980,134,W,FF,34.14568,-118.221874,OAKVIEW,9.213,,,,,,,
13:30:00,774057,134,W,FF,34.15084,-118.234258,FM 2 SB TO 134,8.403,,,,,,,
13:35:00,773979,134,W,FF,34.14568,-118.221874,OAKVIEW,9.213,,,,,,,
13:35:00,773980,134,W,FF,34.14568,-118.221874,OAKVIEW,9.213,,,,,,,
13:35:00,774057,134,W,FF,34.15084,-118.234258,FM 2 SB TO 134,8.403,,,,,,,
13:40:00,773979,134,W,FF,34.14568,-118.221874,OAKVIEW,9.213,,,,,,,
13:40:00,773980,134,W,FF,34.14568,-118.221874,OAKVIEW,9.213,,,,,,,
13:40:00,774057,134,W,FF,34.15084,-118.234258,FM 2 SB TO 134,8.403,,,,,,,
13:45:00,773979,134,W,FF,34.14568,-118.221874,OAKVIEW,9.213,,,,,,,
13:45:00,773980,134,W,FF,34.14568,-118.221874,OAKVIEW,9.213,,,,,,,
13:45:00,774057,134,W,FF,34.15084,-118.234258,FM 2 SB TO 134,8.403,,,,,,,
13:50:00,773979,134,W,FF,34.14568,-118.221874,OAKVIEW,9.213,,,,,,,
13:50:00,773980,134,W,FF,34.14568,-118.221874,OAKVIEW,9.213,,,,,,,
13:50:00,774057,134,W,FF,34.15084,-118.234258,FM 2 SB TO 134,8.403,,,,,,,
13:55:00,773979,134,W,FF,34.14568,-118.221874,OAKVIEW,9.213,,,,,,,
13:55:00,773980,134,W,FF,34.14568,-118.221874,OAKVIEW,9.213,,,,,,,
13:55:00,774057,134,W,FF,34.15084,-118.234258,FM 2 SB TO 134,8.403,,,,,,,
14:00:00,773979,134,W,FF,34.14568,-118.221874,OAKVIEW,9.213,,,,,,,
14:00:00,773980,134,W,FF,34.14568,-118.221874,OAKVIEW,9.213,,,,,,,
14:00:00,774057,134,W,FF,34.15084,-118.234258,FM 2 SB TO 134,8.403,,,,,,,
14:05:00,773979,134,W,FF,34.14568,-118.221874,OAKVIEW,9.213,,,,,,,
14:05:00,773980,134,W,FF,34.14568,-118.221874,OAKVIEW,9.213,,,,,,,
14:05:00,774057,134,W,FF,34.15084,-118.234258,FM 2 SB TO 134,8.403,,,,,,,
14:10:00,773979,134,W,FF,34.14568,-118.221874,OAKVIEW,9.213,,,,,,,
14:10:00,773980,134,W,FF,34.14568,-118.221874,OAKVIEW,9.213,,,,,,,
14:10:00,774057,134,W,FF,34.15084,-118.234258,FM 2 SB TO 134,8.403,,,,,,,
14:15:00,773979,134,W,FF,34.14568,-118.221874,OAKVIEW,9.213,,,,,,,
14:15:00,773980,134,W,FF,34.14568,-118.221874,OAKVIEW,9.213,,,,,,,
14:15:00,774057,134,W,FF,34.15084,-118.234258,FM 2 SB TO 134,8.403,,,,,,,
14:20:00,773979,134,W,FF,34.14568,-118.221874,OAKVIEW,9.213,,,,,,,
14:20:00,773980,134,W,FF,34.14568,-118.221874,OAKVIEW,9.213,,,,,,,
14:20:00,774057,134,W,FF,34.15084,-118.234258,FM 2 SB TO 134,8.403,,,,,,,
14:25:00,773979,134,W,FF,34.14568,-118.221874,OAKVIEW,9.213,,,,,,,
14:25:00,773980,134,W,FF,34.14568,-118.221874,OAKVIEW,9.213,,,,,,,
14:25:00,774057,134,W,FF,34.15084,-118.234258,FM 2 SB TO 134,8.403,,,,,,,
14:30:00,773979,134,W,FF,34.14568,-118.221874,OAKVIEW,9.213,,,,,,,
14:30:00,773980,134,W,FF,34.14568,-118.221874,OAKVIEW,9.213,,,,,,,
14:30:00,774057,134,W,FF,34.15084,-118.234258,FM 2 SB TO 134,8.403,,,,,,,
14:35:00,773979,134,W,FF,34.14568,-118.221874,OAKVIEW,9.213,,,,,,,
14:35:00,773980,134,W,FF,34.14568,-118.221874,OAKVIEW,9.213,,,,,,,
14:35:00,774057,134,W,FF,34.15084,-118.234258,FM 2 SB TO 134,8.403,,,,,,,
14:40:00,773979,134,W,FF,34.14568,-118.221874,OAKVIEW,9.213,,,,,,,
14:40:00,773980,134,W,FF,34.14568,-118.221874,OAKVIEW,9.213,,,,,,,
14:40:00,774057,134,W,FF,34.15084,-118.234258,FM 2 SB TO 134,8.403,,,,,,,
14:45:00,773979,134,W,FF,34.14568,-118.221874,OAKVIEW,9.213,,,,,,,
14:45:00,773980,134,W,FF,34.14568,-118.221874,OAKVIEW,9.213,,,,,,,
14:45:00,774057,134,W,FF,34.15084,-118.234258,FM 2 SB TO 134,8.403,,,,,,,
14:50:00,773979,134,W,FF,34.14568,-118.221874,OAKVIEW,9.213,,,,,,,
14:50:00,773980,134,W,FF,34.14568,-118.221874,OAKVIEW,9.213,,,,,,,
14:50:00,774057,134,W,FF,34.15084,-118.234258,FM 2 SB TO 134,8.403,,,,,,,
14:55:00,773979,134,W,FF,34.14568,-118.221874,OAKVIEW,9.213,,,,,,,
14:55:00,773980,134,W,FF,34.14568,-118.221874,OAKVIEW,9.213,,,,,,,
14:55:00,774057,134,W,FF,34.15084,-118.234258,FM 2 SB TO 134,8.403,,,,,,,
15:00:00,773979,134,W,FF,34.14568,-118.221874,OAKVIEW,9.213,,,,,,,
15:00:00,773980,134,W,FF,34.14568,-118.221874,OAKVIEW,9.213,,,,,,,
15:00:00,774057,134,W,FF,34.15084,-118.234258,FM 2 SB TO 134,8.403,,,,,,,
15:05:00,773979,134,W,FF,34.14568,-118.221874,OAKVIEW,9.213,,,,,,,
15:05:00,773980,134,W,FF,34.14568,-118.221874,OAKVIEW,9.213,,,,,,,
15:05:00,774057,134,W,FF,34.15084,-118.234258,FM 2 SB TO 134,8.403,,,,,,,
15:10:00,773979,134,W,FF,34.14568,-118.221874,OAKVIEW,9.213,,,,,,,
15:10:00,773980,134,W,FF,34.14568,-118.221874,OAKVIEW,9.213,,,,,,,
15:10:00,774057,134,W,FF,34.15084,-118.234258,FM 2 SB TO 134,8.403,,,,,,,
15:15:00,773979,134,W,FF,34.14568,-118.221874,OAKVIEW,9.213,,,,,,,
15:15:00,773980,134,W,FF,34.14568,-118.221874,OAKVIEW,9.213,,,,,,,
15:15:00,774057,134,W,FF,34.15084,-118.234258,FM 2 SB TO 134,8.403,,,,,,,
15:20:00,773979,134,W,FF,34.14568,-118.221874,OAKVIEW,9.213,,,,,,,
15:20:00,773980,134,W,FF,34.14568,-118.221874,OAKVIEW,9.213,,,,,,,
15:20:00,774057,134,W,FF,34.15084,-118.234258,FM 2 SB TO 134,8.403,,,,,,,
15:25:00,773979,134,W,FF,34.14568,-118.221874,OAKVIEW,9.213,,,,,,,
15:25:00,773980,134,W,FF,34.14568,-118.221874,OAKVIEW,9.213,,,,,,,
15:25:00,774057,134,W,FF,34.15084,-118.234258,FM 2 SB TO 134,8.403,,,,,,,
15:30:00,773979,134,W,FF,34.14568,-118.221874,OAKVIEW,9.213,,,,,,,
15:30:00,773980,134,W,FF,34.14568,-118.221874,OAKVIEW,9.213,,,,,,,
15:30:00,774057,134,W,FF,34.15084,-118.234258,FM 2 SB TO 134,8.403,,,,,,,
15:35:00,773979,134,W,FF,34.14568,-118.221874,OAKVIEW,9.213,,,,,,,
15:35:00,773980,134,W,FF,34.14568,-118.221874,OAKVIEW,9.213,,,,,,,
15:35:00,774057,134,W,FF,34.15084,-118.234258,FM 2 SB TO 134,8.403,,,,,,,
15:40:00,773979,134,W,FF,34.14568,-118.221874,OAKVIEW,9.213,,,,,,,
15:40:00,773980,134,W,FF,34.14568,-118.221874,OAKVIEW,9.213,,,,,,,
15:40:00,774057,134,W,FF,34.15084,-118.234258,FM 2 SB TO 134,8.403,,,,,,,
15:45:00,773979,134,W,FF,34.14568,-118.221874,OAKVIEW,9.213,,,,,,,
15:45:00,773980,134,W,FF,34.14568,-118.221874,OAKVIEW,9.213,,,,,,,
15:45:00,774057,134,W,FF,34.15084,-118.234258,FM 2 SB TO 134,8.403,,,,,,,
15:50:00,773979,134,W,FF,34.14568,-118.221874,OAKVIEW,9.213,,,,,,,
15:50:00,773980,134,W,FF,34.14568,-118.221874,OAKVIEW,9.213,,,,,,,
15:50:00,774057,134,W,FF,34.15084,-118.234258,FM 2 SB TO 134,8.403,,,,,,,
15:55:00,773979,134,W,FF,34.14568,-118.221874,OAKVIEW,9.213,,,,,,,
15:55:00,773980,134,W,FF,34.14568,-118.221874,OAKVIEW,9.213,,,,,,,
15:55:00,774057,134,W,FF,34.15084,-118.234258,FM 2 SB TO 134,8.403,,,,,,,
16:00:00,773979,134,W,FF,34.14568,-118.221874,OAKVIEW,9.213,,,,,,,
16:00:00,773980,134,W,FF,34.14568,-118.221874,OAKVIEW,9.213,,,,,,,
16:00:00,774057,134,W,FF,34.15084,-118.234258,FM 2 SB TO 134,8.403,,,,,,,
16:05:00,773979,134,W,FF,34.14568,-118.221874,OAKVIEW,9.213,,,,,,,
16:05:00,773980,134,W,FF,34.14568,-118.221874,OAKVIEW,9.213,,,,,,,
16:05:00,774057,134,W,FF,34.15084,-118.234258,FM 2 SB TO 134,8.403,,,,,,,
16:10:00,773979,134,W,FF,34.14568,-118.221874,OAKVIEW,9.213,,,,,,,
16:10:00,773980,134,W,FF,34.14568,-118.221874,OAKVIEW,9.213,,,,,,,
16:10:00,774057,134,W,FF,34.15084,-118.234258,FM 2 SB TO 134,8.403,,,,,,,
16:15:00,773979,134,W,FF,34.14568,-118.221874,OAKVIEW,9.213,,,,,,,
16:15:00,773980,134,W,FF,34.14568,-118.221874,OAKVIEW,9.213,,,,,,,
16:15:00,774057,134,W,FF,34.15084,-118.234258,FM 2 SB TO 134,8.403,,,,,,,
16:20:00,773979,134,W,FF,34.14568,-118.221874,OAKVIEW,9.213,,,,,,,
16:20:00,773980,134,W,FF,34.14568,-118.221874,OAKVIEW,9.213,,,,,,,
16:20:00,774057,134,W,FF,34.15084,-118.234258,FM 2 SB TO 134,8.403,,,,,,,
16:25:00,773979,134,W,FF,34.14568,-118.221874,OAKVIEW,9.213,,,,,,,
16:25:00,773980,134,W,FF,34.14568,-118.221874,OAKVIEW,9.213,,,,,,,
16:25:00,774057,134,W,FF,34.15084,-118.234258,FM 2 SB TO 134,8.403,,,,,,,
16:30:00,773979,134,W,FF,34.14568,-118.221874,OAKVIEW,9.213,,,,,,,
16:30:00,773980,134,W,FF,34.14568,-118.221874,OAKVIEW,9.213,,,,,,,
16:30:00,774057,134,W,FF,34.15084,-118.234258,FM 2 SB TO 134,8.403,,,,,,,
16:35:00,773979,134,W,FF,34.14568,-118.221874,OAKVIEW,9.213,,,,,,,
16:35:00,773980,134,W,FF,34.14568,-118.221874,OAKVIEW,9.213,,,,,,,
16:35:00,774057,134,W,FF,34.15084,-118.234258,FM 2 SB TO 134,8.403,,,,,,,
16:40:00,773979,134,W,FF,34.14568,-118.221874,OAKVIEW,9.213,,,,,,,
16:40:00,773980,134,W,FF,34.14568,-118.221874,OAKVIEW,9.213,,,,,,,
16:40:00,774057,134,W,FF,34.15084,-118.234258,FM 2 SB TO 134,8.403,,,,,,,
16:45:00,773979,134,W,FF,34.14568,-118.221874,OAKVIEW,9.213,,,,,,,
16:45:00,773980,134,W,FF,34.14568,-118.221874,OAKVIEW,9.213,,,,,,,
16:45:00,774057,134,W,FF,34.15084,-118.234258,FM 2 SB TO 134,8.403,,,,,,,
16:50:00,773979,134,W,FF,34.14568,-118.221874,OAKVIEW,9.213,,,,,,,
16:50:00,773980,134,W,FF,34.14568,-118.221874,OAKVIEW,9.213,,,,,,,
16:50:00,774057,134,W,FF,34.15084,-118.234258,FM 2 SB TO 134,8.403,,,,,,,
16:55:00,773979,134,W,FF,34.14568,-118.221874,OAKVIEW,9.213,,,,,,,
16:55:00,773980,134,W,FF,34.14568,-118.221874,OAKVIEW,9.213,,,,,,,
16:55:00,774057,134,W,FF,34.15084,-118.234258,FM 2 SB TO 134,8.403,,,,,,,
17:00:00,773979,134,W,FF,34.14568,-118.221874,OAKVIEW,9.213,,,,,,,
17:00:00,773980,134,W,FF,34.14568,-118.221874,OAKVIEW,9.213,,,,,,,
17:00:00,774057,134,W,FF,34.15084,-118.234258,FM 2 SB TO 134,8.403,,,,,,,
17:05:00,773979,134,W,FF,34.14568,-118.221874,OAKVIEW,9.213,,,,,,,
17:05:00,773980,134,W,FF,34.14568,-118.221874,OAKVIEW,9.213,,,,,,,
17:05:00,774057,134,W,FF,34.15084,-118.234258,FM 2 SB TO 134,8.403,,,,,,,
17:10:00,773979,134,W,FF,34.14568,-118.221874,OAKVIEW,9.213,,,,,,,
17:10:00,773980,134,W,FF,34.14568,-118.221874,OAKVIEW,9.213,,,,,,,
17:10:00,774057,134,W,FF,34.15084,-118.234258,FM 2 SB TO 134,8.403,,,,,,,
17:15:00,773979,134,W,FF,34.14568,-118.221874,OAKVIEW,9.213,,,,,,,
17:15:00,773980,134,W,FF,34.14568,-118.221874,OAKVIEW,9.213,,,,,,,
17:15:00,774057,134,W,FF,34.15084,-118.234258,FM 2 SB TO 134,8.403,,,,,,,
17:20:00,773979,134,W,FF,34.14568,-118.221874,OAKVIEW,9.213,,,,,,,
17:20:00,773980,134,W,FF,34.14568,-118.221874,OAKVIEW,9.213,,,,,,,
17:20:00,774057,134,W,FF,34.15084,-118.234258,FM 2 SB TO 134,8.403,,,,,,,
17:25:00,773979,134,W,FF,34.14568,-118.221874,OAKVIEW,9.213,,,,,,,
17:25:00,773980,134,W,FF,34.14568,-118.221874,OAKVIEW,9.213,,,,,,,
17:25:00,774057,134,W,FF,34.15084,-118.234258,FM 2 SB TO 134,8.403,,,,,,,
17:30:00,773979,134,W,FF,34.14568,-118.221874,OAKVIEW,9.213,,,,,,,
17:30:00,773980,134,W,FF,34.14568,-118.221874,OAKVIEW,9.213,,,,,,,
17:30:00,774057,134,W,FF,34.15084,-118.234258,FM 2 SB TO 134,8.403,,,,,,,
17:35:00,773979,134,W,FF,34.14568,-118.221874,OAKVIEW,9.213,,,,,,,
17:35:00,773980,134,W,FF,34.14568,-118.221874,OAKVIEW,9.213,,,,,,,
17:35:00,774057,134,W,FF,34.15084,-118.234258,FM 2 SB TO 134,8.403,,,,,,,
17:40:00,773979,134,W,FF,34.14568,-118.221874,OAKVIEW,9.213,,,,,,,
17:40:00,773980,134,W,FF,34.14568,-118.221874,OAKVIEW,9.213,,,,,,,
17:40:00,774057,134,W,FF,34.15084,-118.234258,FM 2 SB TO 134,8.403,,,,,,,
17:45:00,773979,134,W,FF,34.14568,-118.221874,OAKVIEW,9.213,,,,,,,
17:45:00,773980,134,W,FF,34.14568,-118.221874,OAKVIEW,9.213,,,,,,,
17:45:00,774057,134,W,FF,34.15084,-118.234258,FM 2 SB TO 134,8.403,,,,,,,
17:50:00,773979,134,W,FF,34.14568,-118.221874,OAKVIEW,9.213,,,,,,,
17:50:00,773980,134,W,FF,34.14568,-118.221874,OAKVIEW,9.213,,,,,,,
17:50:00,774057,134,W,FF,34.15084,-118.234258,FM 2 SB TO 134,8.403,,,,,,,
17:55:00,773979,134,W,FF,34.14568,-118.221874,OAKVIEW,9.213,,,,,,,
17:55:00,773980,134,W,FF,34.14568,-118.221874,OAKVIEW,9.213,,,,,,,
17:55:00,774057,134,W,FF,34.15084,-118.234258,FM 2 SB TO 134,8.403,,,,,,,
18:00:00,773979,134,W,FF,34.14568,-118.221874,OAKVIEW,9.213,,,,,,,
18:00:00,773980,134,W,FF,34.14568,-118.221874,OAKVIEW,9.213,,,,,,,
18:00:00,774057,134,W,FF,34.15084,-118.234258,FM 2 SB TO 134,8.403,,,,,,,
18:05:00,773979,134,W,FF,34.14568,-118.221874,OAKVIEW,9.213,,,,,,,
18:05:00,773980,134,W,FF,34.14568,-118.221874,OAKVIEW,9.213,,,,,,,
18:05:00,774057,134,W,FF,34.15084,-118.234258,FM 2 SB TO 134,8.403,,,,,,,
18:10:00,773979,134,W,FF,34.14568,-118.221874,OAKVIEW,9.213,,,,,,,
18:10:00,773980,134,W,FF,34.14568,-118.221874,OAKVIEW,9.213,,,,,,,
18:10:00,774057,134,W,FF,34.15084,-118.234258,FM 2 SB TO 134,8.403,,,,,,,
18:15:00,773979,134,W,FF,34.14568,-118.221874,OAKVIEW,9.213,,,,,,,
18:15:00,773980,134,W,FF,34.14568,-118.221874,OAKVIEW,9.213,,,,,,,
18:15:00,774057,134,W,FF,34.15084,-118.234258,FM 2 SB TO 134,8.403,,,,,,,
18:20:00,773979,134,W,FF,34.14568,-118.221874,OAKVIEW,9.213,,,,,,,
18:20:00,773980,134,W,FF,34.14568,-118.221874,OAKVIEW,9.213,,,,,,,
18:20:00,774057,134,W,FF,34.15084,-118.234258,FM 2 SB TO 134,8.403,,,,,,,
18:25:00,773979,134,W,FF,34.14568,-118.221874,OAKVIEW,9.213,,,,,,,
18:25:00,773980,134,W,FF,34.14568,-118.221874,OAKVIEW,9.213,,,,,,,
18:25:00,774057,134,W,FF,34.15084,-118.234258,FM 2 SB TO 134,8.403,,,,,,,
18:30:00,773979,134,W,FF,34.14568,-118.221874,OAKVIEW,9.213,,,,,,,
18:30:00,773980,134,W,FF,34.14568,-118.221874,OAKVIEW,9.213,,,,,,,
18:30:00,774057,134,W,FF,34.15084,-118.234258,FM 2 SB TO 134,8.403,,,,,,,
18:35:00,773979,134,W,FF,34.14568,-118.221874,OAKVIEW,9.213,,,,,,,
18:35:00,773980,134,W,FF,34.14568,-118.221874,OAKVIEW,9.213,,,,,,,
18:35:00,774057,134,W,FF,34.15084,-118.234258,FM 2 SB TO 134,8.403,,,,,,,
18:40:00,773979,134,W,FF,34.14568,-118.221874,OAKVIEW,9.213,,,,,,,
18:40:00,773980,134,W,FF,34.14568,-118.221874,OAKVIEW,9.213,,,,,,,
18:40:00,774057,134,W,FF,34.15084,-118.234258,FM 2 SB TO 134,8.403,,,,,,,
18:45:00,773979,134,W,FF,34.14568,-118.221874,OAKVIEW,9.213,,,,,,,
18:45:00,773980,134,W,FF,34.14568,-118.221874,OAKVIEW,9.213,,,,,,,
18:45:00,774057,134,W,FF,34.15084,-118.234258,FM 2 SB TO 134,8.403,,,,,,,
18:50:00,773979,134,W,FF,34.14568,-118.221874,OAKVIEW,9.213,,,,,,,
18:50:00,773980,134,W,FF,34.14568,-118.221874,OAKVIEW,9.213,,,,,,,
18:50:00,774057,134,W,FF,34.15084,-118.234258,FM 2 SB TO 134,8.403,,,,,,,
18:55:00,773979,134,W,FF,34.14568,-118.221874,OAKVIEW,9.213,,,,,,,
18:55:00,773980,134,W,FF,34.14568,-118.221874,OAKVIEW,9.213,,,,,,,
18:55:00,774057,134,W,FF,34.15084,-118.234258,FM 2 SB TO 134,8.403,,,,,,,
19:00:00,773979,134,W,FF,34.14568,-118.221874,OAKVIEW,9.213,,,,,,,
19:00:00,773980,134,W,FF,34.14568,-118.221874,OAKVIEW,9.213,,,,,,,
19:00:00,774057,134,W,FF,34.15084,-118.234258,FM 2 SB TO 134,8.403,,,,,,,
19:05:00,773979,134,W,FF,34.14568,-118.221874,OAKVIEW,9.213,,,,,,,
19:05:00,773980,134,W,FF,34.14568,-118.221874,OAKVIEW,9.213,,,,,,,
19:05:00,774057,134,W,FF,34.15084,-118.234258,FM 2 SB TO 134,8.403,,,,,,,
19:10:00,773979,134,W,FF,34.14568,-118.221874,OAKVIEW,9.213,,,,,,,
19:10:00,773980,134,W,FF,34.14568,-118.221874,OAKVIEW,9.213,,,,,,,
19:10:00,774057,134,W,FF,34.15084,-118.234258,FM 2 SB TO 134,8.403,,,,,,,
19:15:00,773979,134,W,FF,34.14568,-118.221874,OAKVIEW,9.213,,,,,,,
19:15:00,773980,134,W,FF,34.14568,-118.221874,OAKVIEW,9.213,,,,,,,
19:15:00,774057,134,W,FF,34.15084,-118.234258,FM 2 SB TO 134,8.403,,,,,,,
19:20:00,773979,134,W,FF,34.14568,-118.221874,OAKVIEW,9.213,,,,,,,
19:20:00,773980,134,W,FF,34.14568,-118.221874,OAKVIEW,9.213,,,,,,,
19:20:00,774057,134,W,FF,34.15084,-118.234258,FM 2 SB TO 134,8.403,,,,,,,
19:25:00,773979,134,W,FF,34.14568,-118.221874,OAKVIEW,9.213,,,,,,,
19:25:00,773980,134,W,FF,34.14568,-118.221874,OAKVIEW,9.213,,,,,,,
19:25:00,774057,134,W,FF,34.15084,-118.234258,FM 2 SB TO 134,8.403,,,,,,,
19:30:00,773979,134,W,FF,34.14568,-118.221874,OAKVIEW,9.213,,,,,,,
19:30:00,773980,134,W,FF,34.14568,-118.221874,OAKVIEW,9.213,,,,,,,
19:30:00,774057,134,W,FF,34.15084,-118.234258,FM 2 SB TO 134,8.403,,,,,,,
19:35:00,773979,134,W,FF,34.14568,-118.221874,OAKVIEW,9.213,,,,,,,
19:35:00,773980,134,W,FF,34.14568,-118.221874,OAKVIEW,9.213,,,,,,,
19:35:00,774057,134,W,FF,34.15084,-118.234258,FM 2 SB TO 134,8.403,,,,,,,
19:40:00,773979,134,W,FF,34.14568,-118.221874,OAKVIEW,9.213,,,,,,,
19:40:00,773980,134,W,FF,34.14568,-118.221874,OAKVIEW,9.213,,,,,,,
19:40:00,774057,134,W,FF,34.15084,-118.234258,FM 2 SB TO 134,8.403,,,,,,,
19:45:00,773979,134,W,FF,34.14568,-118.221874,OAKVIEW,9.213,,,,,,,
19:45:00,773980,134,W,FF,34.14568,-118.221874,OAKVIEW,9.213,,,,,,,
19:45:00,774057,134,W,FF,34.15084,-118.234258,FM 2 SB TO 134,8.403,,,,,,,
19:50:00,773979,134,W,FF,34.14568,-118.221874,OAKVIEW,9.213,,,,,,,
19:50:00,773980,134,W,FF,34.14568,-118.221874,OAKVIEW,9.213,,,,,,,
19:50:00,774057,134,W,FF,34.15084,-118.234258,FM 2 SB TO 134,8.403,,,,,,,
19:55:00,773979,134,W,FF,34.14568,-118.221874,OAKVIEW,9.213,,,,,,,
19:55:00,773980,134,W,FF,34.14568,-118.221874,OAKVIEW,9.213,,,,,,,
19:55:00,774057,134,W,FF,34.15084,-118.234258,FM 2 SB TO 134,8.403,,,,,,,
20:00:00,773979,134,W,FF,34.14568,-118.221874,OAKVIEW,9.213,,,,,,,
20:00:00,773980,134,W,FF,34.14568,-118.221874,OAKVIEW,9.213,,,,,,,
20:00:00,774057,134,W,FF,34.15084,-118.234258,FM 2 SB TO 134,8.403,,,,,,,
20:05:00,773979,134,W,FF,34.14568,-118.221874,OAKVIEW,9.213,,,,,,,
20:05:00,773980,134,W,FF,34.14568,-118.221874,OAKVIEW,9.213,,,,,,,
20:05:00,774057,134,W,FF,34.15084,-118.234258,FM 2 SB TO 134,8.403,,,,,,,
20:10:00,773979,134,W,FF,34.14568,-118.221874,OAKVIEW,9.213,,,,,,,
20:10:00,773980,134,W,FF,34.14568,-118.221874,OAKVIEW,9.213,,,,,,,
20:10:00,774057,134,W,FF,34.15084,-118.234258,FM 2 SB TO 134,8.403,,,,,,,
20:15:00,773979,134,W,FF,34.14568,-118.221874,OAKVIEW,9.213,,,,,,,
20:15:00,773980,134,W,FF,34.14568,-118.221874,OAKVIEW,9.213,,,,,,,
20:15:00,774057,134,W,FF,34.15084,-118.234258,FM 2 SB TO 134,8.403,,,,,,,
20:20:00,773979,134,W,FF,34.14568,-118.221874,OAKVIEW,9.213,,,,,,,
20:20:00,773980,134,W,FF,34.14568,-118.221874,OAKVIEW,9.213,,,,,,,
20:20:00,774057,134,W,FF,34.15084,-118.234258,FM 2 SB TO 134,8.403,,,,,,,
20:25:00,773979,134,W,FF,34.14568,-118.221874,OAKVIEW,9.213,,,,,,,
20:25:00,773980,134,W,FF,34.14568,-118.221874,OAKVIEW,9.213,,,,,,,
20:25:00,774057,134,W,FF,34.15084,-118.234258,FM 2 SB TO 134,8.403,,,,,,,
20:30:00,773979,134,W,FF,34.14568,-118.221874,OAKVIEW,9.213,,,,,,,
20:30:00,773980,134,W,FF,34.14568,-118.221874,OAKVIEW,9.213,,,,,,,
20:30:00,774057,134,W,FF,34.15084,-118.234258,FM 2 SB TO 134,8.403,,,,,,,
20:35:00,773979,134,W,FF,34.14568,-118.221874,OAKVIEW,9.213,,,,,,,
20:35:00,773980,134,W,FF,34.14568,-118.221874,OAKVIEW,9.213,,,,,,,
20:35:00,774057,134,W,FF,34.15084,-118.234258,FM 2 SB TO 134,8.403,,,,,,,
20:40:00,773979,134,W,FF,34.14568,-118.221874,OAKVIEW,9.213,,,,,,,
20:40:00,773980,134,W,FF,34.14568,-118.221874,OAKVIEW,9.213,,,,,,,
20:40:00,774057,134,W,FF,34.15084,-118.234258,FM 2 SB TO 134,8.403,,,,,,,
20:45:00,773979,134,W,FF,34.14568,-118.221874,OAKVIEW,9.213,,,,,,,
20:45:00,773980,134,W,FF,34.14568,-118.221874,OAKVIEW,9.213,,,,,,,
20:45:00,774057,134,W,FF,34.15084,-118.234258,FM 2 SB TO 134,8.403,,,,,,,
20:50:00,773979,134,W,FF,34.14568,-118.221874,OAKVIEW,9.213,,,,,,,
20:50:00,773980,134,W,FF,34.14568,-118.221874,OAKVIEW,9.213,,,,,,,
20:50:00,774057,134,W,FF,34.15084,-118.234258,FM 2 SB TO 134,8.403,,,,,,,
20:55:00,773979,134,W,FF,34.14568,-118.221874,OAKVIEW,9.213,,,,,,,
20:55:00,773980,134,W,FF,34.14568,-118.221874,OAKVIEW,9.213,,,,,,,
20:55:00,774057,134,W,FF,34.15084,-118.234258,FM 2 SB TO 134,8.403,,,,,,,
21:00:00,773979,134,W,FF,34.14568,-118.221874,OAKVIEW,9.213,,,,,,,
21:00:00,773980,134,W,FF,34.14568,-118.221874,OAKVIEW,9.213,,,,,,,
21:00:00,774057,134,W,FF,34.15084,-118.234258,FM 2 SB TO 134,8.403,,,,,,,
21:05:00,773979,134,W,FF,34.14568,-118.221874,OAKVIEW,9.213,,,,,,,
21:05:00,773980,134,W,FF,34.14568,-118.221874,OAKVIEW,9.213,,,,,,,
21:05:00,774057,134,W,FF,34.15084,-118.234258,FM 2 SB TO 134,8.403,,,,,,,
21:10:00,773979,134,W,FF,34.14568,-118.221874,OAKVIEW,9.213,,,,,,,
21:10:00,773980,134,W,FF,34.14568,-118.221874,OAKVIEW,9.213,,,,,,,
21:10:00,774057,134,W,FF,34.15084,-118.234258,FM 2 SB TO 134,8.403,,,,,,,
21:15:00,773979,134,W,FF,34.14568,-118.221874,OAKVIEW,9.213,,,,,,,
21:15:00,773980,134,W,FF,34.14568,-118.221874,OAKVIEW,9.213,,,,,,,
21:15:00,774057,134,W,FF,34.15084,-118.234258,FM 2 SB TO 134,8.403,,,,,,,
21:20:00,773979,134,W,FF,34.14568,-118.221874,OAKVIEW,9.213,,,,,,,
21:20:00,773980,134,W,FF,34.14568,-118.221874,OAKVIEW,9.213,,,,,,,
21:20:00,774057,134,W,FF,34.15084,-118.234258,FM 2 SB TO 134,8.403,,,,,,,
21:25:00,773979,134,W,FF,34.14568,-118.221874,OAKVIEW,9.213,,,,,,,
21:25:00,773980,134,W,FF,34.14568,-118.221874,OAKVIEW,9.213,,,,,,,
21:25:00,774057,134,W,FF,34.15084,-118.234258,FM 2 SB TO 134,8.403,,,,,,,
21:30:00,773979,134,W,FF,34.14568,-118.221874,OAKVIEW,9.213,,,,,,,
21:30:00,773980,134,W,FF,34.14568,-118.221874,OAKVIEW,9.213,,,,,,,
21:30:00,774057,134,W,FF,34.15084,-118.234258,FM 2 SB TO 134,8.403,,,,,,,
21:35:00,773979,134,W,FF,34.14568,-118.221874,OAKVIEW,9.213,,,,,,,
21:35:00,773980,134,W,FF,34.14568,-118.221874,OAKVIEW,9.213,,,,,,,
21:35:00,774057,134,W,FF,34.15084,-118.234258,FM 2 SB TO 134,8.403,,,,,,,
21:40:00,773979,134,W,FF,34.14568,-118.221874,OAKVIEW,9.213,,,,,,,
21:40:00,773980,134,W,FF,34.14568,-118.221874,OAKVIEW,9.213,,,,,,,
21:40:00,774057,134,W,FF,34.15084,-118.234258,FM 2 SB TO 134,8.403,,,,,,,
21:45:00,773979,134,W,FF,34.14568,-118.221874,OAKVIEW,9.213,,,,,,,
21:45:00,773980,134,W,FF,34.14568,-118.221874,OAKVIEW,9.213,,,,,,,
21:45:00,774057,134,W,FF,34.15084,-118.234258,FM 2 SB TO 134,8.403,,,,,,,
21:50:00,773979,134,W,FF,34.14568,-118.221874,OAKVIEW,9.213,,,,,,,
21:50:00,773980,134,W,FF,34.14568,-118.221874,OAKVIEW,9.213,,,,,,,
21:50:00,774057,134,W,FF,34.15084,-118.234258,FM 2 SB TO 134,8.403,,,,,,,
21:55:00,773979,134,W,FF,34.14568,-118.221874,OAKVIEW,9.213,,,,,,,
21:55:00,773980,134,W,FF,34.14568,-118.221874,OAKVIEW,9.213,,,,,,,
21:55:00,774057,134,W,FF,34.15084,-118.234258,FM 2 SB TO 134,8.403,,,,,,,
22:00:00,773979,134,W,FF,34.14568,-118.221874,OAKVIEW,9.213,,,,,,,
22:00:00,773980,134,W,FF,34.14568,-118.221874,OAKVIEW,9.213,,,,,,,
22:00:00,774057,134,W,FF,34.15084,-118.234258,FM 2 SB TO 134,8.403,,,,,,,
22:05:00,773979,134,W,FF,34.14568,-118.221874,OAKVIEW,9.213,,,,,,,
22:05:00,773980,134,W,FF,34.14568,-118.221874,OAKVIEW,9.213,,,,,,,
22:05:00,774057,134,W,FF,34.15084,-118.234258,FM 2 SB TO 134,8.403,,,,,,,
22:10:00,773979,134,W,FF,34.14568,-118.221874,OAKVIEW,9.213,,,,,,,
22:10:00,773980,134,W,FF,34.14568,-118.221874,OAKVIEW,9.213,,,,,,,
22:10:00,774057,134,W,FF,34.15084,-118.234258,FM 2 SB TO 134,8.403,,,,,,,
22:15:00,773979,134,W,FF,34.14568,-118.221874,OAKVIEW,9.213,,,,,,,
22:15:00,773980,134,W,FF,34.14568,-118.221874,OAKVIEW,9.213,,,,,,,
22:15:00,774057,134,W,FF,34.15084,-118.234258,FM 2 SB TO 134,8.403,,,,,,,
22:20:00,773979,134,W,FF,34.14568,-118.221874,OAKVIEW,9.213,,,,,,,
22:20:00,773980,134,W,FF,34.14568,-118.221874,OAKVIEW,9.213,,,,,,,
22:20:00,774057,134,W,FF,34.15084,-118.234258,FM 2 SB TO 134,8.403,,,,,,,
22:25:00,773979,134,W,FF,34.14568,-118.221874,OAKVIEW,9.213,,,,,,,
22:25:00,773980,134,W,FF,34.14568,-118.221874,OAKVIEW,9.213,,,,,,,
22:25:00,774057,134,W,FF,34.15084,-118.234258,FM 2 SB TO 134,8.403,,,,,,,
22:30:00,773979,134,W,FF,34.14568,-118.221874,OAKVIEW,9.213,,,,,,,
22:30:00,773980,134,W,FF,34.14568,-118.221874,OAKVIEW,9.213,,,,,,,
22:30:00,774057,134,W,FF,34.15084,-118.234258,FM 2 SB TO 134,8.403,,,,,,,
22:35:00,773979,134,W,FF,34.14568,-118.221874,OAKVIEW,9.213,,,,,,,
22:35:00,773980,134,W,FF,34.14568,-118.221874,OAKVIEW,9.213,,,,,,,
22:35:00,774057,134,W,FF,34.15084,-118.234258,FM 2 SB TO 134,8.403,,,,,,,
22:40:00,773979,134,W,FF,34.14568,-118.221874,OAKVIEW,9.213,,,,,,,
22:40:00,773980,134,W,FF,34.14568,-118.221874,OAKVIEW,9.213,,,,,,,
22:40:00,774057,134,W,FF,34.15084,-118.234258,FM 2 SB TO 134,8.403,,,,,,,
22:45:00,773979,134,W,FF,34.14568,-118.221874,OAKVIEW,9.213,,,,,,,
22:45:00,773980,134,W,FF,34.14568,-118.221874,OAKVIEW,9.213,,,,,,,
22:45:00,774057,134,W,FF,34.15084,-118.234258,FM 2 SB TO 134,8.403,,,,,,,
22:50:00,773979,134,W,FF,34.14568,-118.221874,OAKVIEW,9.213,,,,,,,
22:50:00,773980,134,W,FF,34.14568,-118.221874,OAKVIEW,9.213,,,,,,,
22:50:00,774057,134,W,FF,34.15084,-118.234258,FM 2 SB TO 134,8.403,,,,,,,
22:55:00,773979,134,W,FF,34.14568,-118.221874,OAKVIEW,9.213,,,,,,,
22:55:00,773980,134,W,FF,34.14568,-118.221874,OAKVIEW,9.213,,,,,,,
22:55:00,774057,134,W,FF,34.15084,-118.234258,FM 2 SB TO 134,8.403,,,,,,,
23:00:00,773979,134,W,FF,34.14568,-118.221874,OAKVIEW,9.213,,,,,,,
23:00:00,773980,134,W,FF,34.14568,-118.221874,OAKVIEW,9.213,,,,,,,
23:00:00,774057,134,W,FF,34.15084,-118.234258,FM 2 SB TO 134,8.403,,,,,,,
