109.0,28.0,43.0,24.0,26.0,28.0,19.0,62.0,21.0,28.0,6.0,27.0,37.0,33.0,22.0,64.0,41.0,27.0,32.0,26.0,33.0,96.0,29.0,33.0,32.0,43.0,62.0,36.0,40.0,46.0,46.0,47.0,64.0,20.0,24.0,130.0,69.0,37.0,30.0,34.0,25.0,40.0,39.0,38.0,24.0,23.0,30.0,42.0,27.0,25.0,37.0,72.0
105.0,32.0,41.0,19.0,27.0,23.0,31.0,50.0,27.0,30.0,6.0,29.0,29.0,34.0,19.0,53.0,29.0,28.0,38.0,44.0,59.0,94.0,33.0,33.0,35.0,26.0,42.0,28.0,27.0,35.0,39.0,42.0,53.0,39.0,15.0,91.0,52.0,32.0,36.0,34.0,22.0,37.0,36.0,31.0,26.0,25.0,33.0,34.0,23.0,29.0,38.0,46.0
85.0,21.0,38.0,32.0,21.0,28.0,21.0,69.0,28.0,25.0,6.0,23.0,39.0,43.0,27.0,40.0,45.0,24.0,29.0,30.0,37.0,92.0,49.0,29.0,35.0,40.0,23.0,27.0,23.0,35.0,39.0,31.0,38.0,38.0,35.0,120.0,65.0,28.0,32.0,36.0,17.0,34.0,33.0,21.0,22.0,45.0,40.0,33.0,28.0,26.0,42.0,74.0
90.0,15.0,34.0,21.0,22.0,26.0,26.0,55.0,17.0,38.0,6.0,31.0,24.0,30.0,23.0,34.0,30.0,23.0,34.0,36.0,27.0,64.0,20.0,40.0,26.0,44.0,43.0,21.0,21.0,39.0,28.0,33.0,30.0,27.0,28.0,114.0,50.0,32.0,26.0,19.0,26.0,29.0,30.0,22.0,28.0,30.0,25.0,22.0,31.0,29.0,43.0,76.0
65.0,23.0,34.0,21.0,31.0,18.0,25.0,54.0,17.0,22.0,6.0,23.0,39.0,35.0,20.0,36.0,33.0,36.0,42.0,26.0,38.0,76.0,47.0,32.0,37.0,33.0,32.0,34.0,35.0,28.0,30.0,36.0,39.0,28.0,26.0,83.0,43.0,31.0,20.0,20.0,26.0,33.0,31.0,29.0,20.0,28.0,35.0,25.0,29.0,32.0,38.0,60.0
70.0,23.0,32.0,20.0,28.0,25.0,27.0,48.0,16.0,23.0,6.0,20.0,36.0,57.0,38.0,39.0,30.0,26.0,32.0,21.0,28.0,98.0,47.0,37.0,30.0,22.0,31.0,29.0,30.0,41.0,24.0,51.0,30.0,30.0,26.0,114.0,53.0,31.0,20.0,34.0,27.0,34.0,30.0,20.0,22.0,26.0,26.0,23.0,19.0,32.0,43.0,80.0
122.0,23.0,22.0,22.0,23.0,19.0,24.0,47.0,25.0,15.0,6.0,21.0,25.0,39.0,23.0,29.0,26.0,38.0,26.0,35.0,0.0,83.0,39.0,22.0,27.0,32.0,40.0,35.0,38.0,38.0,40.0,35.0,42.0,24.0,25.0,102.0,54.0,20.0,26.0,30.0,26.0,30.0,32.0,31.0,26.0,32.0,40.0,22.0,36.0,21.0,36.0,58.0
54.0,13.0,29.0,22.0,16.0,20.0,27.0,46.0,30.0,28.0,6.0,26.0,29.0,47.0,36.0,28.0,34.0,28.0,37.0,20.0,37.0,80.0,38.0,25.0,31.0,41.0,41.0,36.0,28.0,42.0,28.0,38.0,36.0,26.0,37.0,119.0,62.0,22.0,35.0,24.0,34.0,31.0,34.0,31.0,-1.0,26.0,31.0,28.0,29.0,30.0,42.0,77.0
111.0,28.0,31.0,23.0,24.0,14.0,22.0,35.0,23.0,17.0,6.0,18.0,31.0,22.0,42.0,40.0,47.0,30.0,32.0,29.0,30.0,52.0,30.0,21.0,36.0,25.0,35.0,26.0,37.0,30.0,25.0,31.0,24.0,23.0,24.0,93.0,42.0,22.0,29.0,18.0,16.0,25.0,24.0,23.0,24.0,42.0,35.0,22.0,29.0,28.0,38.0,69.0
103.0,20.0,27.0,21.0,31.0,12.0,29.0,35.0,24.0,32.0,6.0,32.0,29.0,26.0,23.0,28.0,35.0,39.0,26.0,25.0,38.0,69.0,21.0,30.0,33.0,38.0,26.0,37.0,31.0,34.0,42.0,45.0,48.0,22.0,16.0,60.0,44.0,25.0,25.0,19.0,26.0,29.0,29.0,30.0,18.0,35.0,25.0,31.0,26.0,18.0,43.0,63.0
92.0,22.0,35.0,39.0,24.0,28.0,24.0,39.0,23.0,22.0,6.0,20.0,26.0,23.0,11.0,25.0,23.0,30.0,26.0,18.0,25.0,49.0,29.0,34.0,24.0,31.0,39.0,20.0,31.0,22.0,34.0,33.0,28.0,29.0,22.0,76.0,45.0,22.0,30.0,34.0,21.0,29.0,32.0,20.0,16.0,32.0,32.0,12.0,32.0,32.0,35.0,61.0
84.0,23.0,26.0,25.0,26.0,17.0,14.0,39.0,20.0,19.0,6.0,17.0,30.0,26.0,20.0,27.0,31.0,36.0,28.0,29.0,34.0,39.0,24.0,21.0,23.0,30.0,17.0,28.0,33.0,26.0,27.0,36.0,30.0,17.0,23.0,77.0,38.0,32.0,24.0,30.0,37.0,33.0,32.0,27.0,29.0,28.0,16.0,34.0,27.0,25.0,35.0,53.0
72.0,31.0,23.0,22.0,19.0,17.0,24.0,43.0,24.0,29.0,6.0,28.0,29.0,33.0,34.0,35.0,26.0,20.0,27.0,17.0,43.0,50.0,34.0,38.0,36.0,34.0,43.0,20.0,40.0,34.0,40.0,35.0,42.0,23.0,36.0,40.0,39.0,20.0,24.0,27.0,23.0,26.0,26.0,26.0,21.0,25.0,32.0,18.0,17.0,27.0,46.0,72.0
53.0,28.0,37.0,21.0,18.0,29.0,23.0,29.0,24.0,23.0,6.0,21.0,21.0,23.0,26.0,26.0,23.0,29.0,26.0,18.0,27.0,55.0,23.0,26.0,25.0,23.0,36.0,19.0,19.0,24.0,34.0,29.0,16.0,27.0,31.0,60.0,35.0,27.0,32.0,24.0,31.0,28.0,27.0,19.0,27.0,23.0,30.0,23.0,20.0,19.0,41.0,66.0
54.0,19.0,33.0,22.0,21.0,32.0,23.0,35.0,29.0,29.0,6.0,26.0,25.0,22.0,31.0,28.0,32.0,25.0,34.0,25.0,28.0,50.0,18.0,24.0,30.0,27.0,38.0,26.0,31.0,27.0,30.0,32.0,37.0,22.0,23.0,48.0,34.0,28.0,20.0,24.0,20.0,26.0,24.0,25.0,33.0,20.0,26.0,30.0,16.0,14.0,33.0,70.0
51.0,19.0,24.0,20.0,16.0,27.0,20.0,30.0,20.0,16.0,6.0,20.0,27.0,34.0,30.0,29.0,16.0,25.0,28.0,30.0,21.0,49.0,27.0,29.0,25.0,27.0,15.0,25.0,22.0,25.0,25.0,36.0,32.0,24.0,30.0,70.0,39.0,26.0,31.0,22.0,30.0,24.0,24.0,28.0,16.0,17.0,25.0,18.0,24.0,25.0,30.0,55.0
35.0,18.0,33.0,17.0,25.0,26.0,25.0,28.0,26.0,28.0,6.0,17.0,26.0,30.0,26.0,9.0,22.0,21.0,19.0,24.0,32.0,47.0,32.0,26.0,31.0,25.0,27.0,18.0,26.0,24.0,27.0,42.0,38.0,37.0,37.0,56.0,47.0,22.0,18.0,19.0,25.0,24.0,24.0,29.0,24.0,13.0,24.0,25.0,20.0,38.0,36.0,55.0
59.0,27.0,23.0,18.0,29.0,23.0,13.0,43.0,30.0,16.0,6.0,30.0,21.0,20.0,25.0,36.0,42.0,21.0,35.0,22.0,27.0,50.0,24.0,33.0,27.0,20.0,30.0,23.0,41.0,35.0,23.0,28.0,25.0,27.0,29.0,53.0,34.0,25.0,23.0,22.0,30.0,26.0,25.0,21.0,15.0,19.0,21.0,28.0,19.0,26.0,34.0,55.0
52.0,15.0,22.0,18.0,26.0,24.0,25.0,33.0,25.0,21.0,6.0,20.0,27.0,29.0,19.0,27.0,23.0,20.0,24.0,12.0,25.0,51.0,27.0,27.0,27.0,28.0,30.0,21.0,28.0,23.0,32.0,32.0,41.0,30.0,33.0,51.0,43.0,29.0,24.0,25.0,31.0,27.0,26.0,25.0,28.0,31.0,25.0,31.0,23.0,24.0,33.0,58.0
69.0,20.0,25.0,19.0,36.0,22.0,18.0,29.0,23.0,21.0,6.0,19.0,23.0,34.0,29.0,30.0,31.0,45.0,49.0,27.0,27.0,29.0,38.0,24.0,31.0,30.0,34.0,29.0,28.0,25.0,30.0,31.0,29.0,33.0,26.0,60.0,43.0,19.0,20.0,21.0,15.0,22.0,21.0,35.0,45.0,27.0,38.0,30.0,32.0,26.0,45.0,50.0
37.0,26.0,28.0,23.0,33.0,17.0,18.0,28.0,27.0,26.0,6.0,25.0,33.0,35.0,23.0,19.0,19.0,25.0,31.0,25.0,28.0,48.0,18.0,35.0,19.0,24.0,30.0,39.0,32.0,27.0,45.0,35.0,30.0,30.0,28.0,39.0,35.0,26.0,22.0,26.0,27.0,25.0,25.0,33.0,27.0,20.0,24.0,29.0,19.0,34.0,38.0,63.0
32.0,28.0,36.0,19.0,17.0,25.0,19.0,32.0,22.0,21.0,6.0,30.0,32.0,28.0,24.0,14.0,31.0,19.0,29.0,34.0,39.0,45.0,28.0,39.0,20.0,31.0,25.0,37.0,20.0,26.0,31.0,29.0,34.0,24.0,24.0,35.0,32.0,13.0,19.0,27.0,21.0,21.0,22.0,31.0,22.0,27.0,21.0,20.0,21.0,25.0,47.0,51.0
29.0,24.0,27.0,24.0,24.0,19.0,20.0,29.0,27.0,31.0,6.0,25.0,36.0,31.0,30.0,27.0,19.0,19.0,25.0,24.0,23.0,35.0,38.0,24.0,36.0,31.0,29.0,22.0,27.0,27.0,23.0,35.0,32.0,28.0,29.0,40.0,35.0,25.0,19.0,15.0,30.0,24.0,21.0,25.0,18.0,39.0,26.0,19.0,15.0,33.0,39.0,52.0
29.0,19.0,23.0,23.0,19.0,30.0,21.0,32.0,20.0,30.0,6.0,20.0,31.0,33.0,33.0,25.0,23.0,26.0,25.0,43.0,23.0,36.0,28.0,25.0,25.0,22.0,34.0,21.0,33.0,18.0,25.0,29.0,48.0,41.0,13.0,33.0,41.0,28.0,20.0,25.0,35.0,27.0,26.0,34.0,22.0,23.0,28.0,28.0,14.0,24.0,41.0,51.0
36.0,21.0,19.0,23.0,18.0,19.0,22.0,32.0,28.0,17.0,6.0,21.0,27.0,20.0,15.0,26.0,28.0,29.0,30.0,28.0,25.0,56.0,19.0,29.0,30.0,28.0,30.0,25.0,31.0,31.0,18.0,30.0,35.0,25.0,30.0,63.0,43.0,24.0,27.0,23.0,39.0,25.0,24.0,37.0,42.0,32.0,31.0,21.0,21.0,26.0,33.0,38.0
29.0,20.0,30.0,16.0,19.0,20.0,22.0,33.0,28.0,37.0,6.0,29.0,28.0,28.0,33.0,31.0,37.0,24.0,17.0,28.0,28.0,39.0,33.0,42.0,31.0,27.0,25.0,23.0,19.0,31.0,43.0,39.0,31.0,39.0,21.0,43.0,38.0,22.0,24.0,30.0,22.0,24.0,24.0,33.0,17.0,34.0,31.0,23.0,26.0,38.0,33.0,36.0
48.0,26.0,22.0,19.0,26.0,28.0,29.0,25.0,22.0,37.0,6.0,21.0,22.0,22.0,18.0,29.0,29.0,33.0,19.0,33.0,31.0,35.0,28.0,41.0,27.0,31.0,18.0,31.0,30.0,30.0,22.0,36.0,24.0,35.0,36.0,60.0,44.0,25.0,44.0,30.0,33.0,28.0,27.0,47.0,45.0,26.0,19.0,31.0,30.0,31.0,39.0,39.0
41.0,33.0,24.0,22.0,18.0,40.0,29.0,35.0,18.0,23.0,6.0,21.0,30.0,25.0,26.0,23.0,25.0,29.0,21.0,23.0,24.0,36.0,40.0,31.0,44.0,20.0,36.0,27.0,27.0,30.0,38.0,35.0,29.0,27.0,27.0,62.0,42.0,36.0,50.0,20.0,40.0,34.0,31.0,74.0,35.0,34.0,34.0,25.0,28.0,37.0,42.0,34.0
50.0,22.0,28.0,28.0,20.0,35.0,20.0,34.0,26.0,21.0,6.0,17.0,28.0,36.0,24.0,28.0,23.0,38.0,30.0,24.0,31.0,37.0,32.0,39.0,44.0,32.0,35.0,25.0,27.0,31.0,36.0,38.0,35.0,36.0,35.0,41.0,40.0,32.0,51.0,29.0,50.0,38.0,42.0,55.0,44.0,31.0,34.0,22.0,39.0,31.0,38.0,53.0
39.0,28.0,29.0,24.0,26.0,25.0,25.0,39.0,28.0,30.0,6.0,30.0,32.0,36.0,20.0,22.0,29.0,34.0,19.0,27.0,33.0,57.0,27.0,44.0,34.0,47.0,38.0,41.0,33.0,35.0,43.0,39.0,42.0,43.0,32.0,58.0,44.0,38.0,33.0,35.0,40.0,36.0,35.0,57.0,41.0,38.0,38.0,21.0,30.0,21.0,46.0,30.0
32.0,38.0,34.0,25.0,25.0,26.0,28.0,37.0,27.0,31.0,6.0,33.0,21.0,39.0,32.0,25.0,29.0,40.0,30.0,42.0,42.0,37.0,37.0,40.0,31.0,32.0,32.0,28.0,31.0,37.0,21.0,60.0,34.0,39.0,33.0,57.0,42.0,43.0,44.0,39.0,28.0,37.0,35.0,56.0,34.0,42.0,30.0,34.0,33.0,44.0,38.0,33.0
48.0,22.0,28.0,35.0,35.0,39.0,37.0,50.0,34.0,39.0,6.0,29.0,33.0,43.0,23.0,22.0,27.0,23.0,40.0,28.0,40.0,34.0,30.0,34.0,22.0,49.0,46.0,36.0,32.0,41.0,39.0,49.0,41.0,41.0,41.0,53.0,47.0,47.0,28.0,30.0,27.0,32.0,28.0,56.0,36.0,29.0,39.0,33.0,41.0,28.0,38.0,22.0
48.0,41.0,30.0,25.0,29.0,25.0,28.0,35.0,18.0,38.0,6.0,29.0,33.0,32.0,29.0,28.0,32.0,35.0,38.0,46.0,34.0,37.0,46.0,54.0,39.0,22.0,48.0,30.0,45.0,37.0,33.0,39.0,48.0,31.0,33.0,47.0,48.0,37.0,51.0,37.0,28.0,36.0,38.0,65.0,37.0,28.0,29.0,34.0,31.0,28.0,38.0,25.0
46.0,35.0,29.0,36.0,35.0,32.0,42.0,37.0,29.0,32.0,6.0,39.0,50.0,35.0,31.0,41.0,38.0,44.0,41.0,45.0,50.0,54.0,49.0,55.0,45.0,42.0,40.0,26.0,37.0,35.0,37.0,48.0,47.0,36.0,47.0,52.0,45.0,44.0,59.0,41.0,33.0,42.0,40.0,49.0,36.0,34.0,27.0,28.0,26.0,33.0,48.0,21.0
46.0,36.0,43.0,34.0,36.0,35.0,45.0,31.0,47.0,35.0,6.0,32.0,44.0,32.0,40.0,44.0,41.0,31.0,40.0,36.0,35.0,38.0,42.0,46.0,30.0,19.0,54.0,39.0,45.0,45.0,46.0,41.0,43.0,44.0,46.0,44.0,49.0,35.0,46.0,37.0,28.0,33.0,32.0,67.0,37.0,39.0,37.0,38.0,32.0,39.0,51.0,30.0
48.0,39.0,28.0,30.0,38.0,37.0,39.0,43.0,41.0,40.0,6.0,40.0,37.0,33.0,33.0,37.0,39.0,31.0,29.0,29.0,33.0,53.0,38.0,46.0,35.0,45.0,42.0,40.0,44.0,44.0,33.0,42.0,56.0,43.0,35.0,47.0,52.0,52.0,53.0,30.0,35.0,38.0,34.0,68.0,37.0,42.0,42.0,40.0,48.0,34.0,44.0,24.0
53.0,36.0,28.0,27.0,34.0,29.0,35.0,41.0,39.0,43.0,6.0,30.0,32.0,50.0,28.0,29.0,31.0,48.0,32.0,38.0,40.0,61.0,42.0,32.0,37.0,45.0,51.0,31.0,34.0,44.0,25.0,36.0,61.0,46.0,38.0,55.0,57.0,47.0,40.0,50.0,32.0,37.0,36.0,64.0,51.0,54.0,31.0,31.0,48.0,49.0,48.0,25.0
42.0,46.0,54.0,35.0,37.0,33.0,39.0,29.0,31.0,33.0,6.0,37.0,29.0,21.0,21.0,35.0,40.0,29.0,37.0,46.0,55.0,25.0,36.0,35.0,50.0,38.0,46.0,40.0,42.0,37.0,39.0,57.0,57.0,44.0,43.0,55.0,57.0,33.0,32.0,44.0,43.0,35.0,38.0,66.0,41.0,59.0,45.0,45.0,29.0,32.0,50.0,21.0
48.0,55.0,41.0,39.0,40.0,42.0,46.0,62.0,36.0,39.0,40.0,38.0,34.0,35.0,35.0,35.0,38.0,53.0,42.0,41.0,53.0,59.0,34.0,73.0,51.0,48.0,58.0,39.0,53.0,38.0,35.0,61.0,50.0,45.0,43.0,52.0,51.0,35.0,43.0,35.0,53.0,39.0,40.0,37.0,44.0,41.0,40.0,49.0,47.0,39.0,56.0,23.0
76.0,41.0,40.0,42.0,54.0,57.0,47.0,46.0,51.0,49.0,44.0,47.0,47.0,45.0,45.0,45.0,45.0,39.0,37.0,44.0,50.0,62.0,35.0,77.0,57.0,48.0,62.0,42.0,44.0,57.0,60.0,48.0,65.0,40.0,49.0,69.0,66.0,48.0,46.0,49.0,43.0,43.0,43.0,38.0,54.0,46.0,44.0,49.0,49.0,64.0,67.0,22.0
59.0,43.0,53.0,44.0,49.0,46.0,54.0,55.0,36.0,43.0,45.0,42.0,68.0,49.0,49.0,49.0,47.0,31.0,43.0,44.0,60.0,66.0,41.0,60.0,49.0,71.0,72.0,51.0,39.0,50.0,46.0,66.0,54.0,60.0,46.0,57.0,57.0,48.0,52.0,49.0,76.0,49.0,50.0,50.0,55.0,64.0,39.0,27.0,46.0,63.0,53.0,22.0
63.0,75.0,49.0,54.0,53.0,54.0,54.0,64.0,61.0,53.0,53.0,52.0,52.0,50.0,50.0,50.0,54.0,48.0,48.0,56.0,59.0,68.0,43.0,73.0,57.0,65.0,73.0,39.0,49.0,49.0,53.0,70.0,63.0,64.0,63.0,87.0,81.0,58.0,68.0,45.0,30.0,48.0,43.0,60.0,63.0,56.0,43.0,59.0,58.0,56.0,71.0,12.0
80.0,57.0,61.0,57.0,46.0,66.0,55.0,59.0,49.0,54.0,51.0,51.0,51.0,48.0,48.0,48.0,65.0,62.0,50.0,48.0,50.0,76.0,55.0,68.0,47.0,69.0,76.0,55.0,67.0,48.0,78.0,60.0,69.0,52.0,57.0,114.0,85.0,58.0,60.0,60.0,75.0,57.0,56.0,53.0,72.0,60.0,48.0,65.0,45.0,62.0,64.0,24.0
83.0,85.0,52.0,53.0,69.0,58.0,75.0,76.0,58.0,63.0,68.0,64.0,45.0,53.0,53.0,53.0,50.0,61.0,48.0,58.0,62.0,68.0,49.0,69.0,59.0,72.0,90.0,44.0,60.0,53.0,52.0,68.0,74.0,66.0,31.0,112.0,90.0,54.0,67.0,65.0,66.0,61.0,63.0,65.0,61.0,57.0,40.0,72.0,72.0,78.0,65.0,22.0
74.0,77.0,70.0,70.0,80.0,66.0,68.0,56.0,61.0,58.0,57.0,75.0,65.0,63.0,63.0,110.0,61.0,65.0,55.0,72.0,65.0,57.0,56.0,99.0,65.0,87.0,90.0,73.0,59.0,67.0,70.0,51.0,103.0,77.0,65.0,103.0,102.0,66.0,61.0,73.0,62.0,60.0,62.0,70.0,76.0,72.0,47.0,63.0,65.0,76.0,77.0,20.0
88.0,73.0,80.0,60.0,58.0,73.0,70.0,70.0,69.0,60.0,60.0,75.0,75.0,74.0,64.0,81.0,75.0,78.0,92.0,73.0,63.0,89.0,63.0,90.0,90.0,100.0,106.0,80.0,73.0,77.0,69.0,82.0,102.0,63.0,77.0,84.0,94.0,84.0,87.0,66.0,85.0,73.0,70.0,75.0,74.0,83.0,65.0,69.0,82.0,69.0,77.0,15.0
99.0,103.0,63.0,62.0,69.0,77.0,59.0,73.0,52.0,84.0,6.0,72.0,77.0,80.0,94.0,92.0,67.0,66.0,92.0,71.0,67.0,96.0,66.0,83.0,73.0,114.0,96.0,59.0,87.0,70.0,70.0,92.0,122.0,84.0,82.0,142.0,126.0,79.0,70.0,89.0,77.0,71.0,72.0,75.0,83.0,92.0,69.0,84.0,75.0,83.0,88.0,20.0
91.0,126.0,62.0,84.0,80.0,85.0,82.0,87.0,79.0,78.0,6.0,74.0,84.0,89.0,83.0,95.0,69.0,98.0,108.0,68.0,86.0,77.0,65.0,95.0,80.0,115.0,104.0,66.0,78.0,94.0,80.0,89.0,134.0,82.0,88.0,167.0,142.0,95.0,88.0,78.0,86.0,78.0,77.0,82.0,114.0,92.0,73.0,93.0,97.0,123.0,94.0,17.0
150.0,91.0,89.0,89.0,96.0,88.0,87.0,108.0,86.0,65.0,6.0,71.0,72.0,87.0,86.0,98.0,80.0,82.0,109.0,76.0,90.0,91.0,56.0,106.0,80.0,134.0,124.0,82.0,78.0,87.0,107.0,77.0,133.0,86.0,93.0,152.0,138.0,96.0,84.0,97.0,101.0,86.0,88.0,93.0,78.0,110.0,71.0,83.0,93.0,95.0,112.0,13.0
123.0,117.0,105.0,73.0,79.0,89.0,100.0,115.0,87.0,98.0,6.0,78.0,74.0,97.0,74.0,140.0,84.0,93.0,130.0,102.0,84.0,117.0,67.0,112.0,94.0,134.0,132.0,70.0,107.0,94.0,90.0,97.0,142.0,119.0,87.0,178.0,161.0,94.0,99.0,94.0,110.0,88.0,90.0,114.0,121.0,101.0,87.0,120.0,104.0,115.0,99.0,25.0
124.0,139.0,112.0,102.0,92.0,95.0,101.0,127.0,112.0,100.0,6.0,92.0,106.0,105.0,108.0,132.0,139.0,103.0,150.0,128.0,97.0,121.0,95.0,154.0,113.0,186.0,156.0,96.0,104.0,87.0,97.0,127.0,168.0,119.0,129.0,201.0,188.0,101.0,100.0,98.0,114.0,89.0,89.0,118.0,126.0,138.0,109.0,133.0,120.0,105.0,101.0,16.0
195.0,175.0,107.0,103.0,116.0,112.0,105.0,113.0,108.0,130.0,6.0,114.0,131.0,118.0,129.0,174.0,124.0,116.0,182.0,104.0,121.0,124.0,96.0,119.0,138.0,165.0,190.0,110.0,118.0,111.0,124.0,117.0,169.0,124.0,145.0,238.0,204.0,133.0,151.0,138.0,118.0,118.0,118.0,149.0,127.0,141.0,110.0,127.0,123.0,126.0,127.0,20.0
183.0,170.0,141.0,120.0,108.0,138.0,108.0,126.0,138.0,125.0,6.0,111.0,127.0,133.0,123.0,225.0,118.0,110.0,135.0,116.0,136.0,170.0,98.0,135.0,110.0,193.0,200.0,109.0,138.0,133.0,146.0,144.0,193.0,121.0,114.0,251.0,213.0,150.0,151.0,143.0,151.0,128.0,127.0,132.0,145.0,135.0,117.0,140.0,130.0,145.0,133.0,25.0
187.0,203.0,134.0,131.0,121.0,145.0,129.0,137.0,137.0,155.0,6.0,143.0,146.0,126.0,142.0,223.0,132.0,130.0,129.0,141.0,148.0,158.0,118.0,157.0,156.0,226.0,241.0,118.0,137.0,152.0,150.0,157.0,254.0,160.0,150.0,272.0,263.0,162.0,141.0,130.0,164.0,134.0,130.0,155.0,145.0,163.0,101.0,149.0,170.0,146.0,125.0,27.0
184.0,200.0,165.0,141.0,141.0,162.0,155.0,152.0,131.0,120.0,6.0,144.0,151.0,175.0,165.0,256.0,164.0,169.0,161.0,163.0,173.0,165.0,120.0,152.0,144.0,258.0,232.0,173.0,168.0,173.0,196.0,167.0,300.0,174.0,150.0,328.0,296.0,195.0,172.0,189.0,202.0,160.0,164.0,176.0,171.0,188.0,122.0,157.0,171.0,183.0,161.0,21.0
272.0,279.0,162.0,175.0,162.0,163.0,159.0,168.0,172.0,171.0,6.0,146.0,168.0,168.0,187.0,293.0,191.0,172.0,199.0,176.0,167.0,214.0,130.0,172.0,174.0,242.0,290.0,151.0,187.0,178.0,164.0,181.0,342.0,227.0,218.0,305.0,335.0,186.0,198.0,203.0,196.0,169.0,169.0,165.0,226.0,168.0,155.0,194.0,189.0,173.0,195.0,28.0
294.0,292.0,194.0,175.0,162.0,170.0,179.0,186.0,172.0,180.0,6.0,178.0,198.0,182.0,178.0,276.0,208.0,184.0,176.0,199.0,178.0,205.0,135.0,196.0,225.0,349.0,320.0,178.0,186.0,217.0,211.0,195.0,311.0,208.0,192.0,366.0,332.0,205.0,201.0,230.0,220.0,185.0,185.0,201.0,246.0,249.0,159.0,217.0,202.0,194.0,183.0,27.0
295.0,295.0,195.0,179.0,202.0,187.0,187.0,190.0,195.0,187.0,6.0,209.0,182.0,208.0,177.0,321.0,214.0,218.0,192.0,193.0,214.0,214.0,157.0,203.0,213.0,276.0,328.0,180.0,248.0,223.0,216.0,199.0,370.0,193.0,222.0,347.0,354.0,238.0,222.0,243.0,251.0,210.0,210.0,238.0,252.0,269.0,160.0,249.0,215.0,264.0,214.0,22.0
308.0,304.0,209.0,195.0,182.0,237.0,198.0,215.0,228.0,205.0,6.0,218.0,215.0,201.0,227.0,363.0,241.0,227.0,248.0,226.0,203.0,279.0,160.0,207.0,248.0,344.0,338.0,207.0,230.0,262.0,239.0,218.0,378.0,240.0,271.0,432.0,405.0,237.0,225.0,232.0,264.0,204.0,201.0,255.0,252.0,292.0,200.0,241.0,294.0,270.0,202.0,19.0
312.0,295.0,212.0,222.0,259.0,231.0,232.0,236.0,233.0,241.0,6.0,208.0,248.0,219.0,236.0,426.0,264.0,233.0,294.0,251.0,271.0,345.0,206.0,242.0,241.0,359.0,374.0,215.0,260.0,252.0,249.0,247.0,406.0,277.0,260.0,407.0,403.0,306.0,314.0,257.0,344.0,260.0,263.0,263.0,336.0,276.0,178.0,257.0,274.0,256.0,243.0,24.0
351.0,378.0,292.0,250.0,229.0,228.0,275.0,256.0,258.0,258.0,6.0,268.0,242.0,279.0,254.0,439.0,290.0,288.0,301.0,289.0,303.0,305.0,252.0,278.0,287.0,452.0,419.0,319.0,285.0,294.0,282.0,312.0,434.0,279.0,259.0,431.0,421.0,307.0,350.0,279.0,353.0,266.0,274.0,316.0,338.0,330.0,222.0,362.0,341.0,277.0,249.0,33.0
430.0,387.0,274.0,276.0,269.0,327.0,306.0,283.0,264.0,298.0,6.0,308.0,274.0,311.0,294.0,371.0,320.0,290.0,304.0,288.0,338.0,407.0,287.0,310.0,361.0,429.0,396.0,332.0,330.0,313.0,315.0,343.0,455.0,360.0,356.0,445.0,453.0,362.0,372.0,341.0,331.0,294.0,293.0,366.0,319.0,344.0,243.0,334.0,330.0,338.0,265.0,29.0
391.0,432.0,292.0,287.0,348.0,345.0,284.0,320.0,330.0,335.0,6.0,298.0,369.0,362.0,340.0,451.0,364.0,373.0,297.0,315.0,341.0,367.0,278.0,390.0,337.0,452.0,453.0,383.0,370.0,372.0,393.0,335.0,460.0,346.0,370.0,448.0,443.0,352.0,251.0,330.0,378.0,278.0,267.0,359.0,337.0,320.0,281.0,366.0,362.0,407.0,326.0,27.0
414.0,414.0,362.0,384.0,364.0,366.0,349.0,346.0,386.0,339.0,6.0,343.0,365.0,371.0,349.0,455.0,346.0,378.0,358.0,366.0,338.0,369.0,302.0,371.0,366.0,413.0,458.0,399.0,350.0,363.0,355.0,294.0,375.0,301.0,351.0,466.0,419.0,267.0,308.0,369.0,312.0,254.0,255.0,301.0,320.0,330.0,284.0,334.0,287.0,369.0,288.0,26.0
396.0,397.0,349.0,363.0,365.0,397.0,329.0,319.0,354.0,341.0,209.0,324.0,361.0,366.0,325.0,458.0,284.0,374.0,373.0,306.0,360.0,366.0,278.0,368.0,318.0,437.0,435.0,350.0,325.0,243.0,325.0,282.0,379.0,328.0,225.0,392.0,380.0,348.0,309.0,243.0,257.0,229.0,202.0,301.0,343.0,323.0,266.0,333.0,273.0,293.0,290.0,30.0
400.0,371.0,255.0,324.0,379.0,314.0,250.0,342.0,307.0,344.0,296.0,243.0,328.0,272.0,341.0,451.0,315.0,327.0,302.0,285.0,296.0,337.0,267.0,260.0,282.0,284.0,413.0,349.0,310.0,284.0,227.0,283.0,376.0,326.0,301.0,327.0,359.0,313.0,344.0,262.0,245.0,236.0,346.0,302.0,298.0,295.0,242.0,255.0,307.0,306.0,251.0,0.0
376.0,327.0,309.0,289.0,257.0,304.0,293.0,294.0,205.0,285.0,229.0,287.0,346.0,229.0,295.0,383.0,280.0,289.0,342.0,273.0,246.0,288.0,252.0,291.0,253.0,276.0,346.0,331.0,334.0,304.0,296.0,249.0,344.0,332.0,314.0,365.0,368.0,267.0,261.0,297.0,301.0,237.0,378.0,278.0,300.0,319.0,222.0,283.0,278.0,247.0,247.0,27.0
338.0,302.0,316.0,232.0,230.0,270.0,287.0,207.0,232.0,308.0,279.0,317.0,293.0,299.0,230.0,290.0,300.0,253.0,315.0,332.0,285.0,283.0,251.0,266.0,296.0,380.0,377.0,339.0,314.0,300.0,276.0,249.0,356.0,282.0,312.0,385.0,378.0,200.0,275.0,307.0,273.0,234.0,314.0,344.0,255.0,282.0,181.0,286.0,250.0,337.0,232.0,32.0
317.0,362.0,281.0,283.0,286.0,329.0,279.0,304.0,273.0,307.0,247.0,292.0,291.0,285.0,255.0,260.0,297.0,321.0,310.0,280.0,261.0,296.0,236.0,297.0,295.0,351.0,300.0,276.0,294.0,284.0,221.0,280.0,282.0,202.0,302.0,373.0,320.0,242.0,253.0,264.0,296.0,227.0,314.0,294.0,237.0,285.0,226.0,281.0,257.0,308.0,218.0,21.0
326.0,330.0,278.0,278.0,244.0,272.0,244.0,252.0,258.0,283.0,211.0,297.0,267.0,324.0,268.0,317.0,270.0,221.0,298.0,254.0,267.0,268.0,202.0,256.0,282.0,294.0,329.0,277.0,233.0,251.0,276.0,216.0,312.0,246.0,238.0,305.0,310.0,242.0,214.0,250.0,232.0,212.0,293.0,259.0,185.0,186.0,196.0,250.0,257.0,238.0,197.0,33.0
324.0,305.0,244.0,302.0,267.0,245.0,233.0,252.0,255.0,273.0,194.0,234.0,287.0,277.0,259.0,315.0,203.0,226.0,208.0,258.0,202.0,254.0,207.0,256.0,209.0,316.0,321.0,278.0,222.0,210.0,207.0,194.0,307.0,207.0,191.0,295.0,297.0,239.0,217.0,224.0,202.0,201.0,292.0,260.0,180.0,245.0,192.0,241.0,213.0,163.0,142.0,32.0
289.0,247.0,257.0,189.0,226.0,216.0,226.0,195.0,252.0,238.0,174.0,177.0,264.0,221.0,189.0,310.0,206.0,180.0,182.0,209.0,218.0,244.0,159.0,212.0,239.0,188.0,316.0,256.0,209.0,186.0,221.0,169.0,249.0,170.0,218.0,286.0,269.0,198.0,218.0,174.0,210.0,190.0,266.0,238.0,162.0,207.0,154.0,178.0,211.0,232.0,147.0,29.0
305.0,302.0,219.0,213.0,221.0,211.0,220.0,219.0,215.0,178.0,161.0,179.0,206.0,181.0,206.0,262.0,184.0,193.0,175.0,186.0,201.0,222.0,135.0,216.0,167.0,241.0,290.0,202.0,167.0,174.0,167.0,199.0,224.0,247.0,188.0,265.0,252.0,185.0,211.0,191.0,212.0,184.0,261.0,190.0,161.0,181.0,171.0,168.0,155.0,186.0,151.0,38.0
269.0,287.0,193.0,191.0,193.0,159.0,216.0,197.0,211.0,189.0,232.0,227.0,198.0,176.0,207.0,262.0,161.0,153.0,185.0,193.0,164.0,219.0,135.0,196.0,174.0,234.0,300.0,188.0,168.0,182.0,178.0,205.0,213.0,199.0,159.0,249.0,235.0,202.0,214.0,151.0,225.0,189.0,224.0,204.0,215.0,213.0,137.0,169.0,201.0,163.0,111.0,30.0
300.0,285.0,225.0,180.0,176.0,183.0,164.0,248.0,187.0,180.0,184.0,154.0,196.0,159.0,174.0,209.0,138.0,149.0,156.0,175.0,222.0,236.0,151.0,205.0,170.0,252.0,302.0,201.0,168.0,168.0,169.0,188.0,226.0,197.0,195.0,229.0,232.0,166.0,141.0,146.0,202.0,162.0,180.0,180.0,177.0,207.0,113.0,132.0,131.0,178.0,137.0,41.0
282.0,292.0,217.0,183.0,188.0,164.0,169.0,217.0,176.0,191.0,194.0,183.0,165.0,154.0,139.0,205.0,178.0,166.0,169.0,176.0,188.0,196.0,127.0,195.0,156.0,186.0,297.0,218.0,171.0,190.0,188.0,183.0,252.0,172.0,190.0,210.0,236.0,191.0,148.0,158.0,160.0,166.0,226.0,160.0,174.0,149.0,103.0,138.0,156.0,150.0,134.0,43.0
221.0,253.0,195.0,138.0,196.0,169.0,156.0,183.0,162.0,173.0,190.0,182.0,144.0,147.0,151.0,212.0,156.0,170.0,172.0,177.0,188.0,196.0,162.0,185.0,181.0,228.0,310.0,174.0,181.0,176.0,172.0,192.0,254.0,169.0,180.0,281.0,257.0,209.0,204.0,172.0,220.0,198.0,204.0,156.0,157.0,165.0,107.0,139.0,125.0,154.0,130.0,29.0
256.0,279.0,193.0,195.0,184.0,185.0,155.0,191.0,182.0,184.0,172.0,175.0,193.0,176.0,169.0,239.0,163.0,169.0,172.0,157.0,190.0,188.0,176.0,209.0,190.0,209.0,309.0,187.0,178.0,172.0,170.0,189.0,240.0,199.0,169.0,224.0,233.0,158.0,167.0,145.0,139.0,164.0,188.0,160.0,126.0,174.0,118.0,132.0,147.0,151.0,148.0,40.0
282.0,301.0,215.0,166.0,166.0,179.0,189.0,176.0,178.0,186.0,175.0,191.0,169.0,193.0,174.0,269.0,192.0,195.0,199.0,174.0,204.0,234.0,172.0,214.0,196.0,255.0,346.0,219.0,198.0,163.0,147.0,198.0,237.0,166.0,169.0,230.0,236.0,191.0,184.0,173.0,208.0,189.0,209.0,150.0,122.0,157.0,122.0,140.0,161.0,153.0,125.0,32.0
321.0,290.0,194.0,180.0,187.0,199.0,187.0,188.0,204.0,176.0,198.0,185.0,175.0,176.0,193.0,279.0,197.0,192.0,197.0,188.0,221.0,163.0,183.0,211.0,224.0,234.0,323.0,220.0,175.0,191.0,184.0,192.0,251.0,173.0,153.0,234.0,240.0,181.0,178.0,149.0,177.0,182.0,190.0,147.0,146.0,142.0,124.0,149.0,166.0,172.0,157.0,35.0
288.0,306.0,201.0,202.0,202.0,210.0,194.0,176.0,185.0,190.0,192.0,186.0,208.0,218.0,172.0,305.0,189.0,190.0,221.0,197.0,194.0,212.0,188.0,188.0,219.0,244.0,336.0,214.0,209.0,184.0,179.0,218.0,269.0,180.0,198.0,253.0,265.0,193.0,186.0,187.0,152.0,193.0,260.0,140.0,157.0,160.0,133.0,173.0,173.0,170.0,173.0,34.0
281.0,272.0,186.0,187.0,188.0,209.0,195.0,166.0,202.0,224.0,173.0,215.0,209.0,209.0,202.0,292.0,196.0,235.0,226.0,171.0,173.0,214.0,202.0,196.0,196.0,247.0,322.0,203.0,182.0,199.0,206.0,240.0,260.0,191.0,183.0,258.0,259.0,191.0,191.0,157.0,173.0,197.0,178.0,149.0,172.0,165.0,153.0,207.0,208.0,190.0,183.0,37.0
240.0,301.0,202.0,227.0,201.0,210.0,189.0,205.0,204.0,192.0,173.0,206.0,197.0,204.0,188.0,307.0,199.0,203.0,221.0,209.0,204.0,231.0,282.0,213.0,173.0,262.0,334.0,193.0,189.0,217.0,161.0,226.0,245.0,192.0,175.0,256.0,251.0,175.0,165.0,169.0,161.0,189.0,243.0,178.0,163.0,168.0,141.0,221.0,250.0,204.0,191.0,31.0
266.0,276.0,228.0,208.0,204.0,204.0,174.0,175.0,179.0,217.0,184.0,209.0,225.0,210.0,188.0,321.0,211.0,215.0,247.0,196.0,223.0,232.0,252.0,218.0,199.0,240.0,341.0,237.0,188.0,206.0,200.0,246.0,281.0,215.0,204.0,243.0,267.0,192.0,194.0,184.0,168.0,199.0,281.0,164.0,165.0,177.0,155.0,210.0,173.0,186.0,203.0,43.0
273.0,294.0,209.0,227.0,168.0,205.0,201.0,164.0,201.0,229.0,223.0,206.0,210.0,222.0,239.0,307.0,173.0,218.0,227.0,233.0,201.0,242.0,232.0,228.0,201.0,280.0,386.0,274.0,228.0,243.0,175.0,244.0,301.0,225.0,213.0,290.0,302.0,183.0,158.0,140.0,166.0,182.0,214.0,182.0,139.0,182.0,147.0,211.0,178.0,198.0,171.0,31.0
265.0,302.0,205.0,234.0,201.0,218.0,182.0,212.0,220.0,199.0,190.0,245.0,218.0,235.0,189.0,301.0,204.0,244.0,235.0,209.0,206.0,224.0,230.0,220.0,208.0,332.0,317.0,223.0,186.0,206.0,215.0,221.0,301.0,213.0,187.0,284.0,288.0,173.0,153.0,146.0,166.0,189.0,228.0,158.0,146.0,173.0,149.0,249.0,195.0,187.0,189.0,45.0
274.0,301.0,183.0,209.0,246.0,204.0,182.0,188.0,219.0,244.0,223.0,245.0,196.0,188.0,228.0,321.0,193.0,229.0,260.0,225.0,169.0,227.0,187.0,186.0,236.0,363.0,310.0,241.0,202.0,205.0,211.0,196.0,351.0,217.0,196.0,284.0,315.0,178.0,176.0,176.0,170.0,201.0,277.0,179.0,180.0,200.0,184.0,227.0,199.0,247.0,162.0,58.0
275.0,313.0,216.0,221.0,248.0,219.0,208.0,233.0,251.0,209.0,182.0,211.0,209.0,202.0,230.0,314.0,233.0,220.0,249.0,242.0,185.0,188.0,202.0,196.0,217.0,393.0,325.0,246.0,227.0,229.0,218.0,221.0,345.0,217.0,217.0,249.0,308.0,209.0,158.0,187.0,191.0,218.0,302.0,196.0,210.0,211.0,158.0,215.0,227.0,228.0,191.0,45.0
273.0,339.0,192.0,236.0,251.0,223.0,220.0,216.0,253.0,212.0,206.0,259.0,226.0,251.0,247.0,275.0,235.0,242.0,225.0,240.0,204.0,230.0,209.0,209.0,220.0,371.0,371.0,257.0,238.0,224.0,249.0,292.0,347.0,226.0,211.0,241.0,292.0,197.0,199.0,183.0,197.0,226.0,323.0,216.0,211.0,183.0,154.0,205.0,239.0,259.0,196.0,43.0
243.0,317.0,180.0,245.0,222.0,206.0,208.0,192.0,216.0,227.0,192.0,216.0,184.0,227.0,221.0,329.0,320.0,218.0,218.0,201.0,171.0,207.0,215.0,235.0,170.0,320.0,320.0,244.0,227.0,236.0,233.0,274.0,334.0,192.0,209.0,247.0,276.0,175.0,199.0,193.0,194.0,221.0,301.0,208.0,217.0,218.0,154.0,198.0,258.0,218.0,206.0,49.0
301.0,301.0,232.0,210.0,200.0,232.0,207.0,244.0,222.0,236.0,220.0,259.0,206.0,233.0,237.0,299.0,306.0,218.0,218.0,254.0,192.0,222.0,194.0,223.0,207.0,285.0,350.0,223.0,252.0,194.0,219.0,239.0,320.0,246.0,196.0,226.0,288.0,176.0,188.0,197.0,200.0,221.0,319.0,197.0,230.0,199.0,157.0,216.0,221.0,269.0,230.0,51.0
259.0,323.0,245.0,239.0,288.0,241.0,247.0,260.0,265.0,198.0,179.0,240.0,220.0,210.0,237.0,297.0,284.0,180.0,246.0,204.0,206.0,229.0,170.0,208.0,209.0,236.0,330.0,235.0,286.0,204.0,212.0,249.0,348.0,215.0,179.0,309.0,320.0,154.0,191.0,229.0,231.0,235.0,315.0,224.0,272.0,228.0,190.0,217.0,264.0,209.0,233.0,52.0
291.0,324.0,285.0,213.0,244.0,221.0,216.0,239.0,280.0,223.0,195.0,230.0,224.0,252.0,230.0,332.0,301.0,169.0,265.0,213.0,212.0,199.0,195.0,221.0,206.0,300.0,313.0,257.0,241.0,250.0,228.0,243.0,343.0,230.0,178.0,269.0,298.0,205.0,183.0,218.0,189.0,231.0,292.0,226.0,195.0,204.0,198.0,239.0,207.0,247.0,206.0,51.0
312.0,359.0,264.0,234.0,247.0,241.0,235.0,288.0,216.0,232.0,213.0,240.0,246.0,218.0,189.0,309.0,301.0,157.0,213.0,230.0,179.0,214.0,189.0,183.0,218.0,334.0,359.0,238.0,248.0,211.0,193.0,243.0,314.0,199.0,194.0,263.0,285.0,207.0,188.0,191.0,231.0,239.0,300.0,193.0,187.0,212.0,205.0,236.0,248.0,247.0,207.0,63.0
322.0,323.0,215.0,234.0,234.0,231.0,227.0,234.0,256.0,269.0,226.0,198.0,218.0,204.0,200.0,312.0,287.0,145.0,224.0,221.0,207.0,240.0,236.0,184.0,213.0,278.0,367.0,208.0,241.0,196.0,203.0,223.0,349.0,266.0,218.0,253.0,298.0,196.0,152.0,185.0,188.0,231.0,303.0,207.0,205.0,194.0,218.0,221.0,239.0,214.0,183.0,63.0
282.0,288.0,254.0,185.0,225.0,197.0,275.0,206.0,266.0,200.0,178.0,227.0,242.0,218.0,234.0,297.0,314.0,151.0,210.0,226.0,236.0,183.0,220.0,188.0,215.0,236.0,326.0,204.0,221.0,210.0,210.0,227.0,323.0,187.0,242.0,219.0,283.0,157.0,203.0,191.0,173.0,218.0,261.0,209.0,233.0,204.0,219.0,216.0,255.0,208.0,188.0,66.0
242.0,270.0,276.0,228.0,219.0,223.0,249.0,202.0,233.0,221.0,226.0,215.0,199.0,200.0,222.0,301.0,226.0,139.0,211.0,177.0,219.0,197.0,192.0,188.0,186.0,295.0,296.0,240.0,185.0,219.0,244.0,271.0,338.0,216.0,199.0,277.0,291.0,198.0,178.0,159.0,167.0,209.0,295.0,199.0,213.0,189.0,199.0,205.0,228.0,228.0,195.0,59.0
293.0,320.0,264.0,202.0,232.0,223.0,248.0,151.0,219.0,226.0,200.0,201.0,216.0,207.0,254.0,287.0,233.0,115.0,174.0,239.0,204.0,203.0,209.0,191.0,225.0,274.0,322.0,242.0,172.0,194.0,227.0,226.0,402.0,234.0,196.0,262.0,315.0,182.0,176.0,196.0,182.0,221.0,298.0,210.0,211.0,216.0,197.0,230.0,212.0,190.0,209.0,57.0
273.0,315.0,258.0,255.0,236.0,195.0,262.0,216.0,266.0,215.0,203.0,218.0,188.0,194.0,211.0,316.0,242.0,132.0,204.0,213.0,199.0,194.0,208.0,192.0,198.0,273.0,299.0,178.0,191.0,216.0,185.0,195.0,344.0,207.0,246.0,267.0,304.0,188.0,167.0,188.0,209.0,229.0,309.0,193.0,210.0,204.0,206.0,213.0,227.0,217.0,174.0,55.0
292.0,319.0,239.0,206.0,252.0,242.0,192.0,280.0,206.0,227.0,185.0,226.0,214.0,210.0,235.0,305.0,194.0,130.0,210.0,252.0,197.0,207.0,193.0,223.0,206.0,316.0,314.0,204.0,167.0,200.0,176.0,219.0,316.0,183.0,204.0,260.0,280.0,167.0,181.0,205.0,198.0,228.0,316.0,191.0,208.0,223.0,233.0,230.0,207.0,222.0,200.0,58.0
287.0,361.0,295.0,232.0,249.0,255.0,270.0,255.0,233.0,209.0,243.0,217.0,206.0,202.0,238.0,302.0,219.0,137.0,237.0,222.0,236.0,194.0,223.0,232.0,207.0,267.0,308.0,246.0,198.0,180.0,193.0,223.0,374.0,212.0,212.0,212.0,286.0,177.0,211.0,205.0,199.0,232.0,317.0,220.0,209.0,202.0,185.0,207.0,229.0,250.0,178.0,76.0
296.0,325.0,280.0,189.0,266.0,230.0,209.0,248.0,245.0,238.0,210.0,220.0,241.0,190.0,197.0,316.0,209.0,124.0,231.0,243.0,231.0,192.0,225.0,226.0,203.0,310.0,327.0,228.0,169.0,217.0,228.0,209.0,351.0,193.0,259.0,250.0,297.0,226.0,212.0,249.0,174.0,232.0,308.0,212.0,221.0,189.0,210.0,221.0,232.0,231.0,174.0,65.0
289.0,268.0,237.0,223.0,223.0,239.0,226.0,177.0,273.0,226.0,213.0,225.0,212.0,223.0,219.0,374.0,215.0,133.0,240.0,214.0,224.0,204.0,198.0,227.0,222.0,283.0,317.0,171.0,178.0,250.0,201.0,207.0,334.0,244.0,225.0,280.0,303.0,177.0,194.0,187.0,208.0,227.0,315.0,186.0,198.0,241.0,212.0,195.0,229.0,205.0,198.0,69.0
279.0,329.0,196.0,222.0,237.0,227.0,248.0,226.0,238.0,199.0,210.0,233.0,194.0,207.0,205.0,325.0,219.0,124.0,258.0,241.0,202.0,189.0,192.0,234.0,217.0,298.0,306.0,205.0,168.0,223.0,215.0,216.0,340.0,201.0,195.0,328.0,319.0,219.0,214.0,209.0,213.0,239.0,296.0,218.0,239.0,209.0,218.0,188.0,218.0,204.0,201.0,80.0
265.0,319.0,224.0,197.0,220.0,193.0,210.0,130.0,227.0,218.0,217.0,220.0,215.0,202.0,213.0,322.0,193.0,134.0,180.0,193.0,195.0,192.0,222.0,228.0,215.0,273.0,308.0,233.0,210.0,207.0,223.0,214.0,361.0,256.0,209.0,248.0,313.0,207.0,182.0,219.0,178.0,238.0,300.0,192.0,212.0,212.0,192.0,192.0,195.0,213.0,197.0,70.0
284.0,319.0,201.0,217.0,212.0,213.0,217.0,167.0,186.0,181.0,196.0,246.0,191.0,196.0,212.0,313.0,224.0,120.0,199.0,211.0,226.0,200.0,218.0,214.0,227.0,279.0,300.0,218.0,180.0,240.0,208.0,220.0,329.0,201.0,208.0,283.0,289.0,181.0,195.0,180.0,174.0,220.0,342.0,216.0,208.0,201.0,179.0,215.0,198.0,213.0,204.0,86.0
258.0,261.0,211.0,210.0,194.0,186.0,221.0,223.0,176.0,222.0,206.0,185.0,191.0,193.0,236.0,323.0,223.0,122.0,198.0,207.0,196.0,231.0,194.0,206.0,218.0,324.0,300.0,184.0,204.0,245.0,215.0,234.0,366.0,199.0,203.0,322.0,325.0,210.0,185.0,197.0,227.0,240.0,295.0,198.0,174.0,194.0,217.0,196.0,216.0,223.0,167.0,96.0
297.0,264.0,190.0,221.0,198.0,177.0,179.0,176.0,186.0,209.0,206.0,212.0,203.0,186.0,217.0,305.0,190.0,140.0,190.0,217.0,205.0,256.0,180.0,215.0,197.0,311.0,301.0,198.0,218.0,216.0,183.0,206.0,392.0,195.0,172.0,350.0,339.0,209.0,194.0,185.0,208.0,230.0,276.0,174.0,233.0,181.0,207.0,202.0,207.0,184.0,204.0,79.0
272.0,242.0,202.0,189.0,190.0,180.0,211.0,226.0,225.0,192.0,234.0,179.0,178.0,180.0,206.0,332.0,190.0,143.0,185.0,208.0,205.0,288.0,190.0,224.0,209.0,310.0,299.0,196.0,197.0,250.0,187.0,218.0,293.0,195.0,224.0,300.0,295.0,192.0,171.0,191.0,221.0,223.0,324.0,188.0,187.0,175.0,227.0,201.0,193.0,204.0,188.0,96.0
305.0,264.0,175.0,221.0,180.0,193.0,186.0,242.0,224.0,205.0,210.0,182.0,202.0,195.0,209.0,284.0,215.0,144.0,181.0,202.0,222.0,288.0,191.0,191.0,188.0,301.0,303.0,187.0,216.0,227.0,207.0,225.0,329.0,225.0,204.0,314.0,321.0,185.0,206.0,192.0,202.0,221.0,295.0,201.0,187.0,218.0,205.0,210.0,205.0,218.0,162.0,87.0
262.0,280.0,187.0,174.0,203.0,187.0,194.0,185.0,178.0,192.0,185.0,185.0,215.0,226.0,235.0,309.0,220.0,134.0,208.0,243.0,202.0,267.0,193.0,201.0,198.0,286.0,313.0,222.0,222.0,235.0,196.0,227.0,315.0,183.0,192.0,316.0,301.0,186.0,215.0,188.0,194.0,226.0,291.0,193.0,201.0,213.0,205.0,217.0,221.0,207.0,195.0,79.0
295.0,284.0,242.0,176.0,195.0,205.0,211.0,225.0,182.0,250.0,254.0,207.0,203.0,216.0,220.0,315.0,226.0,139.0,220.0,214.0,187.0,234.0,184.0,215.0,212.0,295.0,315.0,205.0,208.0,235.0,219.0,221.0,371.0,212.0,212.0,363.0,352.0,203.0,196.0,180.0,218.0,224.0,328.0,195.0,196.0,199.0,220.0,217.0,236.0,218.0,178.0,97.0
299.0,311.0,190.0,186.0,211.0,220.0,225.0,190.0,210.0,191.0,200.0,179.0,182.0,187.0,183.0,300.0,212.0,138.0,194.0,216.0,222.0,255.0,195.0,179.0,198.0,295.0,299.0,194.0,187.0,241.0,204.0,259.0,376.0,230.0,213.0,349.0,355.0,233.0,171.0,220.0,186.0,234.0,292.0,188.0,212.0,202.0,213.0,215.0,224.0,224.0,209.0,100.0
308.0,249.0,205.0,188.0,162.0,192.0,220.0,226.0,181.0,204.0,192.0,204.0,223.0,222.0,214.0,300.0,205.0,156.0,214.0,206.0,187.0,269.0,206.0,190.0,205.0,330.0,277.0,226.0,188.0,191.0,216.0,258.0,351.0,197.0,203.0,344.0,331.0,206.0,191.0,201.0,176.0,220.0,395.0,198.0,206.0,209.0,191.0,203.0,220.0,219.0,197.0,99.0
313.0,279.0,198.0,196.0,185.0,199.0,194.0,210.0,186.0,222.0,189.0,198.0,184.0,220.0,198.0,304.0,208.0,179.0,195.0,218.0,193.0,267.0,203.0,180.0,178.0,313.0,303.0,232.0,176.0,179.0,215.0,279.0,316.0,210.0,203.0,374.0,335.0,193.0,218.0,180.0,190.0,217.0,277.0,196.0,173.0,190.0,233.0,215.0,227.0,215.0,183.0,110.0
288.0,242.0,209.0,180.0,188.0,169.0,202.0,181.0,187.0,186.0,170.0,189.0,206.0,182.0,201.0,290.0,200.0,150.0,183.0,215.0,197.0,259.0,215.0,221.0,188.0,315.0,287.0,187.0,173.0,258.0,217.0,242.0,316.0,228.0,186.0,261.0,291.0,171.0,195.0,192.0,184.0,214.0,330.0,181.0,196.0,216.0,209.0,200.0,197.0,179.0,175.0,108.0
260.0,258.0,190.0,182.0,172.0,182.0,191.0,203.0,174.0,194.0,188.0,162.0,173.0,200.0,193.0,319.0,188.0,125.0,177.0,183.0,193.0,226.0,183.0,226.0,203.0,306.0,284.0,155.0,183.0,215.0,179.0,243.0,332.0,185.0,179.0,317.0,315.0,207.0,189.0,199.0,223.0,233.0,307.0,187.0,179.0,221.0,207.0,206.0,231.0,211.0,194.0,99.0
277.0,266.0,198.0,177.0,192.0,216.0,195.0,206.0,184.0,199.0,183.0,195.0,184.0,197.0,194.0,335.0,196.0,115.0,231.0,200.0,183.0,256.0,189.0,227.0,177.0,316.0,305.0,152.0,207.0,192.0,169.0,235.0,302.0,198.0,208.0,260.0,292.0,193.0,171.0,183.0,187.0,212.0,327.0,186.0,199.0,192.0,210.0,220.0,204.0,215.0,181.0,116.0
284.0,231.0,193.0,179.0,193.0,183.0,180.0,234.0,176.0,176.0,179.0,198.0,223.0,193.0,189.0,224.0,182.0,113.0,186.0,206.0,197.0,268.0,198.0,217.0,195.0,222.0,283.0,144.0,189.0,178.0,205.0,211.0,313.0,173.0,200.0,312.0,313.0,171.0,199.0,206.0,218.0,218.0,282.0,197.0,183.0,172.0,215.0,212.0,193.0,204.0,186.0,124.0
305.0,229.0,190.0,184.0,179.0,164.0,201.0,179.0,182.0,185.0,191.0,186.0,175.0,202.0,176.0,212.0,189.0,118.0,184.0,187.0,189.0,211.0,212.0,254.0,195.0,294.0,284.0,155.0,194.0,218.0,177.0,183.0,323.0,177.0,179.0,298.0,291.0,197.0,152.0,181.0,207.0,207.0,285.0,173.0,155.0,184.0,191.0,205.0,183.0,175.0,168.0,115.0
242.0,253.0,173.0,193.0,192.0,189.0,179.0,194.0,164.0,193.0,198.0,190.0,234.0,193.0,185.0,216.0,167.0,111.0,172.0,184.0,191.0,160.0,189.0,214.0,191.0,312.0,276.0,159.0,203.0,221.0,180.0,183.0,320.0,169.0,179.0,305.0,304.0,167.0,190.0,185.0,205.0,205.0,303.0,298.0,181.0,181.0,208.0,219.0,207.0,188.0,185.0,131.0
288.0,229.0,192.0,159.0,156.0,155.0,178.0,191.0,157.0,179.0,166.0,198.0,172.0,173.0,161.0,199.0,196.0,139.0,177.0,177.0,211.0,186.0,170.0,175.0,200.0,335.0,303.0,142.0,201.0,203.0,178.0,173.0,297.0,202.0,191.0,311.0,307.0,178.0,184.0,174.0,204.0,204.0,273.0,270.0,162.0,177.0,198.0,202.0,185.0,203.0,181.0,128.0
315.0,241.0,178.0,171.0,202.0,163.0,180.0,206.0,176.0,194.0,172.0,185.0,182.0,207.0,181.0,204.0,164.0,137.0,187.0,182.0,190.0,173.0,182.0,196.0,196.0,303.0,259.0,160.0,207.0,234.0,187.0,204.0,272.0,200.0,187.0,329.0,308.0,200.0,165.0,172.0,202.0,202.0,284.0,280.0,177.0,219.0,182.0,205.0,200.0,191.0,182.0,119.0
301.0,252.0,189.0,150.0,152.0,180.0,166.0,216.0,174.0,197.0,166.0,188.0,194.0,214.0,188.0,215.0,197.0,121.0,166.0,176.0,200.0,170.0,190.0,181.0,183.0,316.0,315.0,147.0,225.0,193.0,206.0,184.0,297.0,194.0,172.0,315.0,303.0,205.0,206.0,169.0,218.0,218.0,287.0,284.0,173.0,191.0,184.0,205.0,215.0,196.0,177.0,129.0
279.0,240.0,170.0,176.0,140.0,186.0,177.0,196.0,196.0,191.0,202.0,177.0,192.0,218.0,168.0,207.0,165.0,103.0,179.0,200.0,191.0,238.0,218.0,190.0,205.0,303.0,279.0,169.0,176.0,197.0,203.0,174.0,289.0,186.0,188.0,307.0,294.0,183.0,197.0,186.0,212.0,212.0,292.0,289.0,169.0,168.0,205.0,165.0,196.0,209.0,168.0,133.0
333.0,261.0,194.0,178.0,181.0,187.0,164.0,194.0,159.0,167.0,160.0,186.0,197.0,200.0,166.0,260.0,170.0,125.0,188.0,172.0,171.0,191.0,169.0,179.0,202.0,297.0,310.0,133.0,192.0,200.0,181.0,200.0,334.0,196.0,185.0,312.0,311.0,164.0,162.0,183.0,178.0,202.0,268.0,278.0,179.0,146.0,206.0,211.0,180.0,135.0,187.0,139.0
270.0,270.0,175.0,164.0,169.0,184.0,183.0,185.0,174.0,174.0,197.0,171.0,198.0,209.0,200.0,225.0,169.0,129.0,189.0,196.0,196.0,181.0,151.0,173.0,180.0,309.0,308.0,114.0,209.0,177.0,176.0,196.0,293.0,177.0,157.0,305.0,290.0,153.0,181.0,161.0,165.0,195.0,283.0,259.0,156.0,187.0,200.0,176.0,217.0,150.0,184.0,106.0
303.0,230.0,187.0,185.0,170.0,167.0,183.0,216.0,154.0,181.0,203.0,177.0,198.0,214.0,180.0,257.0,183.0,138.0,175.0,167.0,213.0,201.0,190.0,173.0,215.0,309.0,275.0,165.0,198.0,166.0,197.0,200.0,271.0,192.0,177.0,251.0,266.0,160.0,183.0,178.0,180.0,203.0,267.0,175.0,171.0,180.0,211.0,182.0,187.0,203.0,179.0,148.0
305.0,260.0,168.0,173.0,148.0,156.0,190.0,212.0,176.0,158.0,168.0,179.0,153.0,198.0,167.0,254.0,195.0,125.0,177.0,179.0,175.0,191.0,152.0,242.0,191.0,280.0,284.0,155.0,175.0,178.0,196.0,172.0,301.0,174.0,157.0,294.0,293.0,161.0,200.0,180.0,165.0,211.0,250.0,180.0,167.0,165.0,201.0,176.0,176.0,197.0,174.0,151.0
314.0,293.0,181.0,163.0,162.0,171.0,184.0,180.0,171.0,186.0,173.0,178.0,209.0,186.0,182.0,245.0,167.0,160.0,170.0,179.0,184.0,180.0,195.0,198.0,176.0,308.0,284.0,155.0,174.0,197.0,211.0,186.0,282.0,202.0,179.0,289.0,282.0,194.0,165.0,164.0,178.0,204.0,277.0,173.0,152.0,204.0,207.0,179.0,175.0,183.0,188.0,156.0
283.0,262.0,165.0,145.0,153.0,158.0,191.0,195.0,169.0,188.0,160.0,176.0,179.0,196.0,169.0,264.0,182.0,183.0,161.0,164.0,180.0,187.0,167.0,191.0,208.0,259.0,263.0,177.0,187.0,162.0,194.0,195.0,287.0,186.0,193.0,293.0,293.0,179.0,181.0,165.0,177.0,204.0,265.0,174.0,166.0,174.0,233.0,192.0,193.0,158.0,161.0,173.0
312.0,240.0,186.0,173.0,178.0,150.0,170.0,180.0,159.0,161.0,166.0,158.0,176.0,174.0,174.0,262.0,164.0,171.0,201.0,221.0,157.0,188.0,171.0,204.0,202.0,287.0,276.0,165.0,181.0,194.0,189.0,201.0,278.0,188.0,161.0,279.0,278.0,175.0,170.0,169.0,161.0,202.0,284.0,180.0,199.0,156.0,201.0,195.0,141.0,162.0,162.0,162.0
285.0,239.0,158.0,173.0,150.0,170.0,181.0,177.0,159.0,164.0,157.0,178.0,153.0,173.0,183.0,256.0,182.0,173.0,146.0,178.0,194.0,196.0,166.0,210.0,181.0,279.0,326.0,157.0,174.0,192.0,190.0,179.0,278.0,170.0,169.0,270.0,267.0,187.0,180.0,173.0,168.0,206.0,249.0,179.0,180.0,190.0,203.0,167.0,192.0,162.0,167.0,170.0
304.0,217.0,183.0,164.0,157.0,184.0,173.0,192.0,164.0,177.0,172.0,160.0,188.0,179.0,142.0,248.0,175.0,153.0,242.0,176.0,174.0,200.0,177.0,162.0,198.0,251.0,346.0,167.0,173.0,149.0,196.0,171.0,309.0,167.0,165.0,282.0,281.0,174.0,166.0,166.0,177.0,200.0,256.0,195.0,184.0,175.0,181.0,165.0,197.0,184.0,165.0,178.0
301.0,233.0,194.0,149.0,179.0,160.0,168.0,191.0,160.0,162.0,167.0,171.0,163.0,181.0,169.0,250.0,178.0,172.0,248.0,196.0,146.0,188.0,177.0,174.0,197.0,284.0,261.0,166.0,185.0,177.0,201.0,201.0,291.0,170.0,185.0,288.0,280.0,176.0,196.0,162.0,178.0,206.0,242.0,163.0,171.0,170.0,195.0,164.0,188.0,182.0,171.0,151.0
286.0,237.0,177.0,167.0,160.0,185.0,175.0,200.0,162.0,186.0,186.0,174.0,181.0,195.0,187.0,238.0,173.0,180.0,246.0,199.0,183.0,191.0,191.0,175.0,172.0,267.0,291.0,151.0,150.0,204.0,190.0,172.0,282.0,193.0,145.0,273.0,281.0,191.0,158.0,181.0,176.0,206.0,262.0,174.0,154.0,161.0,205.0,180.0,177.0,174.0,175.0,161.0
291.0,255.0,171.0,156.0,155.0,170.0,176.0,207.0,168.0,148.0,155.0,177.0,190.0,163.0,162.0,251.0,169.0,176.0,250.0,181.0,165.0,205.0,187.0,179.0,177.0,291.0,280.0,152.0,208.0,214.0,182.0,174.0,266.0,179.0,167.0,267.0,266.0,174.0,168.0,163.0,174.0,202.0,268.0,166.0,129.0,173.0,217.0,206.0,160.0,206.0,184.0,153.0
333.0,266.0,155.0,165.0,160.0,177.0,174.0,189.0,171.0,145.0,178.0,172.0,185.0,141.0,167.0,215.0,163.0,171.0,228.0,189.0,186.0,170.0,169.0,175.0,187.0,320.0,285.0,151.0,219.0,205.0,193.0,182.0,326.0,189.0,185.0,313.0,313.0,184.0,190.0,159.0,183.0,208.0,263.0,175.0,203.0,163.0,205.0,177.0,183.0,150.0,169.0,175.0
312.0,258.0,178.0,144.0,158.0,153.0,193.0,188.0,172.0,176.0,207.0,159.0,177.0,187.0,184.0,271.0,148.0,189.0,269.0,150.0,184.0,199.0,179.0,220.0,188.0,277.0,276.0,155.0,176.0,194.0,202.0,184.0,258.0,175.0,192.0,265.0,259.0,180.0,145.0,160.0,188.0,197.0,248.0,191.0,162.0,187.0,209.0,153.0,175.0,168.0,168.0,160.0
304.0,293.0,164.0,177.0,133.0,136.0,160.0,191.0,158.0,160.0,180.0,182.0,191.0,181.0,165.0,240.0,177.0,192.0,161.0,189.0,161.0,208.0,173.0,177.0,162.0,269.0,272.0,129.0,193.0,205.0,215.0,221.0,307.0,188.0,158.0,307.0,303.0,166.0,177.0,171.0,180.0,203.0,273.0,162.0,175.0,189.0,228.0,177.0,190.0,189.0,168.0,188.0
303.0,220.0,170.0,179.0,142.0,148.0,153.0,198.0,178.0,174.0,186.0,172.0,204.0,197.0,159.0,261.0,181.0,166.0,172.0,192.0,173.0,165.0,178.0,205.0,156.0,268.0,273.0,169.0,198.0,198.0,185.0,198.0,302.0,182.0,162.0,290.0,278.0,165.0,158.0,180.0,154.0,203.0,280.0,197.0,161.0,165.0,206.0,180.0,167.0,188.0,162.0,183.0
287.0,241.0,183.0,152.0,159.0,144.0,168.0,177.0,171.0,171.0,167.0,177.0,182.0,160.0,170.0,228.0,178.0,171.0,180.0,158.0,196.0,214.0,173.0,190.0,184.0,229.0,269.0,158.0,202.0,197.0,181.0,190.0,273.0,161.0,167.0,267.0,261.0,166.0,180.0,175.0,196.0,205.0,221.0,159.0,167.0,159.0,206.0,163.0,159.0,186.0,170.0,180.0
309.0,231.0,149.0,155.0,151.0,168.0,145.0,172.0,175.0,175.0,163.0,178.0,178.0,151.0,172.0,253.0,160.0,184.0,161.0,171.0,160.0,189.0,161.0,188.0,196.0,288.0,241.0,135.0,160.0,195.0,172.0,186.0,293.0,173.0,144.0,280.0,278.0,165.0,157.0,158.0,170.0,200.0,244.0,174.0,163.0,172.0,201.0,179.0,182.0,157.0,156.0,182.0
262.0,229.0,167.0,166.0,182.0,163.0,153.0,174.0,162.0,168.0,168.0,157.0,185.0,154.0,193.0,218.0,173.0,179.0,174.0,191.0,188.0,200.0,164.0,173.0,200.0,265.0,293.0,146.0,183.0,188.0,180.0,194.0,298.0,180.0,164.0,278.0,266.0,170.0,180.0,193.0,155.0,205.0,227.0,176.0,175.0,168.0,208.0,150.0,169.0,164.0,155.0,181.0
258.0,186.0,152.0,170.0,148.0,164.0,155.0,184.0,147.0,148.0,156.0,185.0,188.0,123.0,184.0,217.0,176.0,161.0,167.0,170.0,149.0,174.0,165.0,177.0,162.0,251.0,276.0,134.0,188.0,176.0,192.0,185.0,269.0,173.0,160.0,263.0,257.0,156.0,155.0,164.0,166.0,198.0,243.0,175.0,159.0,159.0,205.0,170.0,173.0,171.0,159.0,199.0
332.0,142.0,159.0,170.0,142.0,159.0,177.0,172.0,156.0,144.0,156.0,179.0,199.0,144.0,172.0,216.0,159.0,145.0,195.0,161.0,178.0,177.0,172.0,181.0,196.0,283.0,228.0,168.0,200.0,198.0,181.0,210.0,234.0,180.0,172.0,250.0,246.0,170.0,153.0,165.0,157.0,201.0,254.0,169.0,153.0,152.0,210.0,160.0,171.0,167.0,155.0,204.0
300.0,257.0,184.0,160.0,165.0,155.0,172.0,164.0,143.0,175.0,169.0,174.0,182.0,165.0,174.0,274.0,171.0,165.0,159.0,164.0,167.0,192.0,191.0,188.0,161.0,243.0,249.0,152.0,195.0,156.0,181.0,209.0,297.0,187.0,168.0,298.0,297.0,192.0,163.0,141.0,157.0,200.0,220.0,187.0,140.0,182.0,214.0,167.0,165.0,178.0,148.0,190.0
356.0,191.0,181.0,167.0,157.0,153.0,142.0,164.0,158.0,160.0,160.0,185.0,165.0,186.0,171.0,244.0,159.0,155.0,148.0,188.0,191.0,197.0,184.0,175.0,189.0,256.0,280.0,162.0,193.0,158.0,177.0,187.0,231.0,164.0,166.0,228.0,226.0,170.0,166.0,157.0,164.0,204.0,279.0,164.0,160.0,185.0,237.0,197.0,190.0,178.0,166.0,165.0
274.0,205.0,173.0,155.0,154.0,148.0,184.0,179.0,153.0,196.0,178.0,159.0,209.0,182.0,184.0,237.0,154.0,170.0,165.0,157.0,156.0,162.0,177.0,166.0,184.0,220.0,257.0,145.0,182.0,205.0,203.0,206.0,258.0,176.0,185.0,263.0,258.0,179.0,174.0,185.0,178.0,214.0,220.0,182.0,155.0,189.0,198.0,160.0,170.0,181.0,154.0,205.0
284.0,215.0,166.0,163.0,158.0,140.0,178.0,203.0,163.0,148.0,193.0,163.0,176.0,153.0,176.0,242.0,188.0,174.0,176.0,181.0,167.0,184.0,175.0,185.0,149.0,279.0,233.0,144.0,175.0,169.0,203.0,179.0,254.0,154.0,183.0,256.0,255.0,207.0,157.0,173.0,167.0,212.0,266.0,172.0,164.0,180.0,217.0,172.0,154.0,171.0,160.0,177.0
297.0,201.0,169.0,165.0,175.0,175.0,172.0,191.0,149.0,178.0,151.0,169.0,193.0,154.0,153.0,264.0,170.0,173.0,160.0,159.0,177.0,199.0,189.0,175.0,193.0,251.0,257.0,165.0,165.0,149.0,182.0,181.0,209.0,191.0,161.0,223.0,216.0,168.0,171.0,177.0,177.0,215.0,258.0,162.0,167.0,164.0,179.0,152.0,185.0,157.0,148.0,196.0
339.0,197.0,190.0,164.0,148.0,142.0,148.0,159.0,187.0,138.0,156.0,167.0,190.0,134.0,173.0,265.0,154.0,177.0,181.0,181.0,171.0,167.0,191.0,190.0,167.0,207.0,259.0,152.0,193.0,169.0,176.0,207.0,297.0,177.0,157.0,260.0,270.0,161.0,178.0,151.0,160.0,203.0,250.0,162.0,177.0,195.0,202.0,167.0,176.0,187.0,156.0,199.0
174.0,196.0,156.0,160.0,163.0,170.0,176.0,177.0,161.0,156.0,174.0,183.0,201.0,161.0,175.0,226.0,182.0,163.0,181.0,155.0,200.0,190.0,167.0,194.0,191.0,260.0,267.0,149.0,177.0,173.0,204.0,188.0,257.0,173.0,157.0,246.0,237.0,168.0,158.0,167.0,195.0,211.0,260.0,178.0,174.0,181.0,199.0,180.0,158.0,176.0,185.0,180.0
400.0,239.0,167.0,150.0,171.0,188.0,174.0,193.0,173.0,179.0,151.0,166.0,171.0,188.0,192.0,156.0,163.0,191.0,177.0,168.0,185.0,171.0,183.0,211.0,175.0,264.0,269.0,159.0,202.0,172.0,176.0,190.0,215.0,158.0,162.0,215.0,212.0,189.0,183.0,177.0,157.0,218.0,234.0,174.0,151.0,184.0,200.0,154.0,200.0,172.0,166.0,207.0
342.0,209.0,170.0,144.0,162.0,173.0,167.0,180.0,166.0,173.0,169.0,169.0,187.0,209.0,163.0,269.0,183.0,171.0,165.0,172.0,194.0,170.0,178.0,181.0,193.0,244.0,299.0,131.0,165.0,158.0,197.0,183.0,269.0,153.0,177.0,262.0,265.0,164.0,141.0,169.0,172.0,206.0,262.0,178.0,162.0,173.0,203.0,186.0,158.0,160.0,162.0,204.0
322.0,224.0,165.0,178.0,184.0,143.0,166.0,182.0,196.0,174.0,175.0,162.0,193.0,181.0,186.0,281.0,191.0,163.0,171.0,178.0,164.0,195.0,169.0,181.0,187.0,256.0,269.0,141.0,190.0,179.0,189.0,178.0,251.0,188.0,168.0,237.0,241.0,154.0,185.0,144.0,159.0,201.0,250.0,167.0,165.0,164.0,178.0,169.0,196.0,160.0,165.0,198.0
305.0,212.0,148.0,153.0,163.0,177.0,167.0,167.0,177.0,181.0,160.0,171.0,175.0,181.0,188.0,219.0,157.0,173.0,189.0,172.0,182.0,189.0,191.0,175.0,177.0,271.0,239.0,159.0,193.0,165.0,203.0,164.0,269.0,177.0,186.0,265.0,268.0,189.0,162.0,158.0,182.0,210.0,193.0,167.0,156.0,159.0,189.0,178.0,161.0,173.0,162.0,215.0
319.0,246.0,164.0,170.0,160.0,158.0,159.0,161.0,211.0,151.0,151.0,179.0,187.0,176.0,173.0,227.0,170.0,170.0,179.0,170.0,166.0,185.0,159.0,185.0,192.0,261.0,266.0,186.0,208.0,194.0,202.0,177.0,262.0,165.0,160.0,254.0,253.0,159.0,174.0,163.0,163.0,208.0,206.0,178.0,146.0,174.0,187.0,162.0,180.0,162.0,145.0,227.0
313.0,193.0,195.0,155.0,168.0,142.0,165.0,163.0,173.0,166.0,151.0,165.0,167.0,173.0,180.0,185.0,179.0,196.0,164.0,174.0,146.0,193.0,182.0,178.0,182.0,281.0,249.0,143.0,183.0,200.0,176.0,149.0,250.0,172.0,163.0,238.0,246.0,146.0,179.0,174.0,182.0,216.0,254.0,156.0,173.0,155.0,206.0,173.0,179.0,148.0,163.0,192.0
282.0,214.0,155.0,156.0,162.0,156.0,157.0,170.0,182.0,156.0,189.0,163.0,191.0,192.0,170.0,233.0,181.0,158.0,189.0,166.0,199.0,207.0,177.0,163.0,174.0,259.0,265.0,144.0,148.0,192.0,181.0,190.0,294.0,152.0,175.0,340.0,301.0,177.0,188.0,146.0,166.0,218.0,159.0,152.0,165.0,209.0,222.0,176.0,185.0,184.0,133.0,242.0
333.0,235.0,159.0,154.0,161.0,159.0,144.0,190.0,167.0,176.0,152.0,187.0,192.0,164.0,182.0,256.0,182.0,152.0,195.0,186.0,165.0,187.0,177.0,165.0,179.0,244.0,271.0,155.0,200.0,172.0,161.0,195.0,258.0,170.0,180.0,240.0,233.0,158.0,163.0,154.0,172.0,208.0,315.0,178.0,176.0,161.0,190.0,165.0,165.0,177.0,161.0,201.0
310.0,197.0,162.0,180.0,183.0,159.0,197.0,177.0,170.0,156.0,157.0,161.0,184.0,156.0,171.0,252.0,162.0,166.0,184.0,186.0,165.0,182.0,174.0,179.0,165.0,275.0,256.0,146.0,187.0,145.0,162.0,164.0,219.0,159.0,172.0,226.0,226.0,167.0,178.0,164.0,166.0,213.0,227.0,144.0,157.0,173.0,189.0,137.0,165.0,162.0,163.0,234.0
302.0,220.0,180.0,177.0,183.0,150.0,161.0,192.0,190.0,158.0,184.0,164.0,209.0,181.0,170.0,235.0,157.0,178.0,166.0,165.0,168.0,180.0,196.0,176.0,168.0,243.0,234.0,156.0,188.0,156.0,182.0,190.0,265.0,175.0,174.0,264.0,260.0,158.0,172.0,160.0,170.0,212.0,260.0,160.0,169.0,160.0,210.0,159.0,174.0,157.0,163.0,255.0
305.0,205.0,139.0,176.0,168.0,157.0,178.0,197.0,159.0,161.0,177.0,162.0,192.0,177.0,163.0,267.0,165.0,178.0,159.0,193.0,185.0,175.0,187.0,192.0,181.0,274.0,257.0,151.0,189.0,165.0,179.0,196.0,267.0,158.0,169.0,267.0,265.0,163.0,152.0,143.0,161.0,205.0,257.0,175.0,145.0,150.0,196.0,166.0,201.0,175.0,158.0,199.0
249.0,202.0,151.0,173.0,139.0,164.0,161.0,173.0,180.0,175.0,179.0,189.0,201.0,195.0,194.0,260.0,152.0,183.0,156.0,159.0,178.0,187.0,144.0,212.0,177.0,268.0,189.0,137.0,170.0,168.0,177.0,198.0,244.0,177.0,169.0,254.0,248.0,184.0,175.0,179.0,187.0,226.0,232.0,160.0,162.0,176.0,217.0,160.0,168.0,189.0,157.0,217.0
291.0,187.0,162.0,181.0,184.0,173.0,179.0,207.0,170.0,155.0,159.0,176.0,195.0,177.0,173.0,213.0,166.0,196.0,169.0,178.0,179.0,160.0,178.0,194.0,179.0,262.0,260.0,145.0,170.0,159.0,187.0,188.0,294.0,153.0,181.0,286.0,286.0,184.0,152.0,159.0,149.0,211.0,162.0,167.0,159.0,190.0,181.0,186.0,174.0,179.0,163.0,230.0
290.0,190.0,173.0,169.0,161.0,151.0,199.0,173.0,181.0,162.0,165.0,164.0,187.0,201.0,165.0,250.0,176.0,204.0,168.0,165.0,190.0,169.0,146.0,185.0,188.0,239.0,237.0,152.0,194.0,180.0,158.0,203.0,248.0,179.0,155.0,254.0,246.0,144.0,175.0,149.0,140.0,200.0,215.0,178.0,146.0,202.0,236.0,175.0,180.0,173.0,158.0,209.0
260.0,203.0,153.0,146.0,162.0,170.0,180.0,194.0,158.0,178.0,165.0,149.0,181.0,164.0,164.0,224.0,166.0,183.0,171.0,159.0,168.0,178.0,173.0,167.0,186.0,273.0,259.0,163.0,165.0,164.0,200.0,188.0,268.0,174.0,159.0,269.0,268.0,178.0,154.0,150.0,141.0,206.0,138.0,147.0,169.0,188.0,216.0,170.0,180.0,168.0,159.0,237.0
284.0,212.0,146.0,187.0,167.0,166.0,169.0,179.0,164.0,182.0,156.0,172.0,187.0,181.0,150.0,255.0,163.0,165.0,150.0,153.0,156.0,160.0,191.0,146.0,173.0,266.0,186.0,161.0,162.0,165.0,162.0,166.0,285.0,189.0,146.0,278.0,281.0,185.0,154.0,137.0,83.0,194.0,241.0,166.0,153.0,146.0,173.0,182.0,191.0,180.0,155.0,227.0
279.0,231.0,162.0,155.0,155.0,160.0,189.0,182.0,163.0,144.0,152.0,176.0,155.0,184.0,143.0,225.0,157.0,166.0,143.0,154.0,168.0,186.0,185.0,182.0,180.0,240.0,200.0,164.0,188.0,176.0,180.0,183.0,275.0,177.0,161.0,267.0,263.0,161.0,165.0,145.0,148.0,203.0,260.0,156.0,169.0,147.0,234.0,180.0,185.0,155.0,128.0,233.0
312.0,209.0,138.0,177.0,160.0,153.0,171.0,173.0,174.0,186.0,153.0,160.0,194.0,167.0,169.0,285.0,163.0,166.0,154.0,166.0,181.0,160.0,164.0,141.0,172.0,237.0,276.0,165.0,169.0,182.0,198.0,182.0,277.0,185.0,188.0,207.0,279.0,162.0,162.0,174.0,210.0,218.0,179.0,167.0,162.0,171.0,193.0,157.0,165.0,179.0,144.0,251.0
290.0,214.0,166.0,177.0,179.0,166.0,170.0,175.0,164.0,169.0,175.0,176.0,173.0,187.0,192.0,278.0,169.0,194.0,147.0,174.0,174.0,206.0,169.0,201.0,181.0,261.0,225.0,172.0,215.0,176.0,200.0,172.0,298.0,176.0,171.0,278.0,279.0,174.0,160.0,140.0,197.0,224.0,252.0,157.0,157.0,163.0,214.0,161.0,175.0,161.0,152.0,264.0
314.0,217.0,168.0,165.0,167.0,165.0,179.0,171.0,167.0,184.0,160.0,157.0,201.0,175.0,176.0,261.0,184.0,175.0,123.0,188.0,171.0,197.0,177.0,204.0,190.0,215.0,229.0,148.0,184.0,193.0,160.0,211.0,234.0,158.0,169.0,240.0,237.0,153.0,179.0,158.0,176.0,218.0,231.0,160.0,158.0,149.0,218.0,176.0,159.0,158.0,191.0,208.0
319.0,215.0,172.0,188.0,162.0,186.0,192.0,190.0,170.0,148.0,151.0,161.0,184.0,190.0,173.0,242.0,191.0,191.0,162.0,181.0,162.0,182.0,183.0,184.0,184.0,205.0,255.0,150.0,166.0,182.0,187.0,197.0,282.0,184.0,181.0,279.0,276.0,181.0,153.0,157.0,181.0,224.0,230.0,163.0,159.0,170.0,206.0,155.0,184.0,173.0,158.0,239.0
231.0,201.0,172.0,142.0,152.0,158.0,180.0,215.0,165.0,160.0,161.0,181.0,209.0,190.0,183.0,269.0,192.0,164.0,177.0,187.0,149.0,179.0,182.0,172.0,183.0,201.0,265.0,152.0,186.0,220.0,166.0,195.0,233.0,165.0,143.0,222.0,211.0,158.0,162.0,155.0,148.0,214.0,240.0,164.0,144.0,155.0,211.0,164.0,171.0,171.0,175.0,222.0
322.0,204.0,178.0,179.0,161.0,154.0,153.0,179.0,166.0,158.0,162.0,169.0,183.0,191.0,180.0,264.0,182.0,156.0,173.0,172.0,156.0,164.0,169.0,180.0,192.0,189.0,303.0,162.0,172.0,219.0,171.0,173.0,197.0,172.0,176.0,192.0,192.0,155.0,169.0,148.0,201.0,221.0,224.0,187.0,173.0,193.0,222.0,154.0,162.0,165.0,160.0,226.0
290.0,181.0,186.0,147.0,157.0,148.0,190.0,197.0,195.0,173.0,172.0,176.0,194.0,185.0,173.0,231.0,166.0,156.0,208.0,161.0,189.0,160.0,192.0,175.0,195.0,211.0,301.0,154.0,171.0,163.0,185.0,190.0,211.0,148.0,151.0,197.0,186.0,149.0,168.0,150.0,162.0,219.0,268.0,165.0,179.0,171.0,200.0,167.0,178.0,167.0,155.0,228.0
252.0,219.0,166.0,162.0,180.0,164.0,184.0,186.0,179.0,168.0,191.0,182.0,199.0,201.0,201.0,241.0,166.0,186.0,186.0,171.0,209.0,171.0,159.0,168.0,162.0,216.0,254.0,163.0,169.0,202.0,181.0,177.0,215.0,187.0,198.0,211.0,215.0,184.0,172.0,146.0,174.0,229.0,246.0,182.0,148.0,182.0,229.0,186.0,155.0,142.0,152.0,248.0
279.0,147.0,182.0,165.0,164.0,166.0,184.0,185.0,177.0,184.0,178.0,189.0,195.0,173.0,175.0,288.0,154.0,200.0,207.0,166.0,194.0,157.0,173.0,178.0,168.0,210.0,218.0,147.0,202.0,187.0,196.0,196.0,223.0,175.0,152.0,210.0,205.0,164.0,170.0,163.0,176.0,223.0,253.0,166.0,177.0,183.0,225.0,157.0,162.0,182.0,151.0,217.0
361.0,214.0,185.0,180.0,184.0,165.0,162.0,187.0,158.0,181.0,157.0,165.0,180.0,148.0,151.0,247.0,176.0,167.0,215.0,177.0,171.0,176.0,171.0,165.0,146.0,211.0,234.0,144.0,167.0,179.0,176.0,175.0,222.0,161.0,164.0,165.0,194.0,154.0,155.0,157.0,148.0,204.0,255.0,167.0,165.0,178.0,170.0,171.0,170.0,182.0,175.0,214.0
278.0,207.0,167.0,159.0,167.0,170.0,161.0,190.0,175.0,172.0,159.0,188.0,180.0,182.0,195.0,230.0,164.0,178.0,192.0,174.0,151.0,165.0,165.0,192.0,170.0,182.0,302.0,142.0,198.0,199.0,177.0,182.0,218.0,183.0,180.0,225.0,223.0,169.0,156.0,167.0,158.0,211.0,259.0,162.0,174.0,161.0,225.0,151.0,167.0,150.0,150.0,239.0
283.0,191.0,141.0,166.0,166.0,179.0,154.0,169.0,200.0,174.0,158.0,181.0,206.0,192.0,162.0,265.0,184.0,174.0,171.0,173.0,158.0,192.0,189.0,183.0,167.0,235.0,176.0,146.0,177.0,176.0,196.0,188.0,231.0,172.0,184.0,219.0,221.0,162.0,162.0,163.0,162.0,208.0,229.0,163.0,176.0,163.0,193.0,141.0,171.0,175.0,148.0,226.0
272.0,226.0,166.0,171.0,148.0,186.0,172.0,167.0,154.0,175.0,157.0,156.0,192.0,187.0,184.0,236.0,192.0,193.0,190.0,182.0,169.0,173.0,161.0,160.0,186.0,249.0,270.0,174.0,203.0,164.0,180.0,185.0,198.0,186.0,177.0,215.0,214.0,173.0,157.0,147.0,162.0,208.0,281.0,170.0,190.0,176.0,211.0,162.0,187.0,180.0,172.0,220.0
288.0,202.0,177.0,164.0,165.0,176.0,163.0,189.0,157.0,166.0,170.0,183.0,193.0,174.0,173.0,255.0,171.0,195.0,184.0,190.0,188.0,195.0,177.0,183.0,184.0,283.0,285.0,168.0,166.0,178.0,179.0,177.0,208.0,186.0,167.0,205.0,207.0,180.0,154.0,165.0,167.0,222.0,270.0,173.0,185.0,191.0,191.0,182.0,166.0,196.0,146.0,249.0
315.0,221.0,170.0,145.0,149.0,156.0,176.0,212.0,180.0,139.0,181.0,162.0,170.0,191.0,179.0,282.0,166.0,185.0,180.0,162.0,171.0,186.0,199.0,182.0,203.0,252.0,252.0,162.0,174.0,187.0,183.0,201.0,219.0,174.0,165.0,210.0,200.0,169.0,152.0,192.0,164.0,221.0,256.0,177.0,199.0,162.0,203.0,152.0,186.0,187.0,173.0,244.0
259.0,186.0,163.0,161.0,171.0,154.0,180.0,148.0,188.0,181.0,172.0,153.0,171.0,175.0,163.0,279.0,186.0,168.0,161.0,173.0,179.0,206.0,167.0,176.0,197.0,272.0,245.0,169.0,197.0,187.0,170.0,181.0,228.0,171.0,179.0,232.0,233.0,189.0,177.0,176.0,172.0,224.0,266.0,168.0,156.0,161.0,226.0,183.0,177.0,204.0,149.0,208.0
290.0,217.0,172.0,156.0,173.0,190.0,194.0,185.0,183.0,184.0,181.0,174.0,168.0,170.0,190.0,255.0,193.0,198.0,186.0,195.0,164.0,154.0,189.0,160.0,191.0,242.0,302.0,154.0,203.0,168.0,175.0,191.0,317.0,182.0,156.0,285.0,277.0,187.0,172.0,167.0,166.0,225.0,249.0,169.0,167.0,174.0,215.0,169.0,176.0,182.0,168.0,237.0
282.0,191.0,172.0,174.0,166.0,171.0,165.0,160.0,187.0,154.0,147.0,156.0,185.0,186.0,190.0,286.0,165.0,166.0,164.0,169.0,157.0,180.0,171.0,182.0,193.0,268.0,326.0,169.0,170.0,188.0,189.0,205.0,247.0,197.0,196.0,265.0,260.0,176.0,156.0,165.0,165.0,216.0,249.0,158.0,175.0,178.0,178.0,161.0,172.0,192.0,173.0,212.0
288.0,148.0,184.0,194.0,150.0,173.0,203.0,204.0,189.0,196.0,194.0,188.0,200.0,200.0,194.0,262.0,193.0,193.0,198.0,208.0,183.0,178.0,188.0,188.0,206.0,299.0,287.0,151.0,204.0,203.0,201.0,226.0,281.0,194.0,165.0,274.0,267.0,204.0,193.0,193.0,181.0,237.0,276.0,181.0,174.0,175.0,195.0,177.0,184.0,177.0,179.0,255.0
253.0,221.0,194.0,185.0,199.0,212.0,178.0,206.0,189.0,191.0,170.0,181.0,207.0,167.0,178.0,284.0,182.0,186.0,204.0,192.0,164.0,186.0,201.0,194.0,198.0,277.0,300.0,158.0,202.0,182.0,151.0,212.0,335.0,186.0,197.0,313.0,307.0,170.0,197.0,186.0,193.0,232.0,233.0,181.0,176.0,220.0,210.0,170.0,174.0,199.0,163.0,235.0
255.0,229.0,196.0,165.0,169.0,176.0,190.0,199.0,185.0,196.0,172.0,167.0,196.0,191.0,195.0,262.0,182.0,189.0,183.0,177.0,169.0,189.0,176.0,178.0,212.0,250.0,262.0,151.0,180.0,212.0,203.0,201.0,302.0,181.0,171.0,298.0,294.0,188.0,175.0,157.0,182.0,226.0,262.0,193.0,203.0,189.0,190.0,113.0,166.0,207.0,186.0,235.0
307.0,230.0,186.0,151.0,144.0,193.0,175.0,187.0,185.0,188.0,172.0,177.0,200.0,171.0,178.0,241.0,187.0,142.0,187.0,199.0,163.0,177.0,167.0,199.0,183.0,247.0,270.0,152.0,182.0,189.0,206.0,178.0,286.0,191.0,182.0,292.0,291.0,182.0,183.0,195.0,172.0,217.0,231.0,204.0,158.0,178.0,204.0,112.0,166.0,174.0,146.0,232.0
282.0,183.0,169.0,168.0,156.0,171.0,159.0,186.0,194.0,189.0,162.0,194.0,225.0,197.0,173.0,261.0,186.0,177.0,191.0,170.0,158.0,156.0,177.0,184.0,181.0,252.0,290.0,154.0,181.0,212.0,205.0,177.0,263.0,176.0,164.0,249.0,251.0,159.0,166.0,172.0,189.0,173.0,183.0,172.0,163.0,171.0,163.0,121.0,151.0,150.0,173.0,226.0
295.0,187.0,172.0,143.0,158.0,147.0,194.0,190.0,200.0,170.0,171.0,180.0,219.0,192.0,177.0,215.0,184.0,167.0,187.0,177.0,158.0,181.0,182.0,177.0,194.0,246.0,295.0,129.0,199.0,179.0,181.0,202.0,254.0,180.0,175.0,262.0,258.0,167.0,156.0,155.0,178.0,160.0,189.0,182.0,156.0,169.0,184.0,151.0,188.0,147.0,156.0,273.0
305.0,210.0,176.0,183.0,160.0,187.0,179.0,184.0,189.0,182.0,156.0,167.0,218.0,215.0,167.0,257.0,172.0,189.0,197.0,164.0,166.0,165.0,195.0,195.0,182.0,295.0,308.0,170.0,180.0,171.0,188.0,218.0,303.0,196.0,175.0,292.0,285.0,160.0,185.0,191.0,170.0,137.0,203.0,158.0,165.0,176.0,197.0,149.0,165.0,159.0,173.0,248.0
307.0,208.0,166.0,166.0,165.0,153.0,179.0,193.0,211.0,149.0,186.0,191.0,228.0,179.0,176.0,232.0,173.0,185.0,203.0,192.0,172.0,170.0,177.0,190.0,202.0,245.0,299.0,164.0,184.0,191.0,170.0,185.0,296.0,196.0,175.0,286.0,286.0,195.0,191.0,151.0,166.0,195.0,209.0,195.0,192.0,191.0,222.0,163.0,179.0,163.0,151.0,258.0
316.0,252.0,172.0,171.0,188.0,174.0,171.0,190.0,174.0,168.0,182.0,178.0,214.0,169.0,173.0,220.0,186.0,172.0,207.0,182.0,201.0,165.0,172.0,188.0,199.0,269.0,274.0,154.0,198.0,194.0,177.0,191.0,279.0,188.0,201.0,280.0,279.0,171.0,184.0,175.0,171.0,170.0,210.0,163.0,151.0,174.0,198.0,159.0,162.0,167.0,150.0,269.0
250.0,188.0,171.0,170.0,164.0,169.0,188.0,209.0,157.0,176.0,149.0,152.0,206.0,196.0,159.0,203.0,159.0,188.0,154.0,188.0,187.0,164.0,179.0,202.0,166.0,259.0,284.0,154.0,182.0,198.0,194.0,191.0,299.0,171.0,157.0,281.0,273.0,186.0,176.0,203.0,156.0,168.0,200.0,181.0,163.0,180.0,204.0,190.0,166.0,155.0,165.0,246.0
219.0,206.0,168.0,189.0,181.0,174.0,182.0,174.0,171.0,184.0,157.0,150.0,211.0,186.0,200.0,209.0,197.0,174.0,158.0,156.0,169.0,171.0,164.0,182.0,193.0,240.0,240.0,146.0,179.0,178.0,178.0,210.0,290.0,211.0,178.0,293.0,289.0,184.0,156.0,168.0,184.0,184.0,220.0,166.0,174.0,151.0,216.0,204.0,163.0,140.0,167.0,248.0
315.0,233.0,155.0,155.0,158.0,171.0,179.0,186.0,144.0,169.0,146.0,151.0,215.0,182.0,186.0,211.0,196.0,187.0,181.0,156.0,147.0,189.0,179.0,202.0,173.0,226.0,280.0,186.0,176.0,168.0,173.0,185.0,271.0,167.0,180.0,267.0,266.0,184.0,164.0,188.0,189.0,158.0,210.0,166.0,163.0,165.0,192.0,199.0,159.0,160.0,162.0,239.0
331.0,241.0,166.0,155.0,190.0,187.0,198.0,209.0,172.0,172.0,151.0,209.0,188.0,192.0,183.0,176.0,196.0,192.0,187.0,197.0,191.0,178.0,196.0,217.0,199.0,253.0,309.0,159.0,160.0,197.0,183.0,216.0,318.0,236.0,178.0,310.0,312.0,208.0,173.0,148.0,182.0,152.0,208.0,169.0,190.0,178.0,287.0,199.0,172.0,194.0,178.0,280.0
318.0,197.0,211.0,185.0,168.0,189.0,157.0,218.0,188.0,197.0,170.0,183.0,178.0,191.0,178.0,207.0,184.0,183.0,177.0,203.0,196.0,203.0,170.0,205.0,186.0,261.0,303.0,162.0,203.0,219.0,203.0,218.0,307.0,202.0,208.0,305.0,303.0,189.0,194.0,192.0,194.0,179.0,200.0,189.0,198.0,177.0,241.0,190.0,191.0,174.0,175.0,235.0
272.0,229.0,165.0,176.0,175.0,163.0,181.0,231.0,154.0,166.0,148.0,168.0,202.0,188.0,185.0,181.0,169.0,179.0,171.0,199.0,177.0,186.0,199.0,0.0,218.0,302.0,292.0,172.0,173.0,200.0,194.0,198.0,284.0,229.0,196.0,290.0,288.0,175.0,171.0,189.0,176.0,166.0,184.0,156.0,189.0,215.0,238.0,191.0,161.0,204.0,173.0,292.0
302.0,207.0,187.0,191.0,170.0,163.0,167.0,214.0,170.0,182.0,182.0,177.0,177.0,187.0,204.0,243.0,208.0,192.0,227.0,182.0,164.0,201.0,187.0,196.0,182.0,264.0,260.0,168.0,167.0,175.0,206.0,189.0,266.0,186.0,176.0,271.0,267.0,190.0,184.0,199.0,178.0,171.0,172.0,180.0,171.0,192.0,208.0,234.0,162.0,188.0,183.0,258.0
293.0,198.0,165.0,161.0,167.0,184.0,155.0,184.0,163.0,182.0,153.0,171.0,205.0,204.0,202.0,214.0,182.0,151.0,200.0,178.0,177.0,185.0,163.0,169.0,189.0,221.0,217.0,172.0,192.0,199.0,191.0,230.0,277.0,186.0,172.0,285.0,277.0,162.0,185.0,180.0,157.0,189.0,194.0,172.0,184.0,187.0,213.0,237.0,190.0,163.0,192.0,265.0
357.0,237.0,161.0,177.0,194.0,178.0,188.0,177.0,185.0,186.0,154.0,182.0,189.0,194.0,169.0,231.0,192.0,187.0,166.0,162.0,156.0,197.0,171.0,181.0,194.0,242.0,253.0,230.0,194.0,169.0,200.0,202.0,281.0,183.0,179.0,274.0,267.0,198.0,175.0,174.0,201.0,171.0,226.0,187.0,176.0,170.0,213.0,156.0,189.0,183.0,179.0,266.0
397.0,260.0,200.0,197.0,198.0,196.0,179.0,195.0,193.0,174.0,215.0,196.0,189.0,224.0,185.0,216.0,234.0,184.0,197.0,173.0,206.0,199.0,205.0,192.0,215.0,283.0,255.0,176.0,187.0,193.0,200.0,223.0,313.0,226.0,192.0,316.0,306.0,214.0,185.0,204.0,192.0,202.0,255.0,191.0,171.0,194.0,248.0,181.0,176.0,190.0,167.0,249.0
283.0,254.0,202.0,208.0,194.0,216.0,208.0,190.0,214.0,194.0,181.0,198.0,211.0,226.0,204.0,214.0,214.0,188.0,191.0,221.0,201.0,219.0,233.0,213.0,210.0,289.0,238.0,231.0,213.0,209.0,184.0,207.0,313.0,193.0,216.0,304.0,307.0,189.0,195.0,204.0,216.0,196.0,250.0,179.0,213.0,185.0,224.0,210.0,197.0,181.0,190.0,297.0
314.0,254.0,170.0,193.0,186.0,172.0,200.0,201.0,189.0,172.0,185.0,172.0,215.0,211.0,199.0,204.0,194.0,205.0,179.0,186.0,203.0,185.0,207.0,192.0,209.0,212.0,236.0,228.0,184.0,193.0,190.0,176.0,286.0,207.0,194.0,282.0,286.0,194.0,165.0,197.0,187.0,181.0,244.0,188.0,192.0,164.0,217.0,167.0,181.0,182.0,179.0,234.0
341.0,208.0,189.0,188.0,177.0,170.0,184.0,215.0,191.0,161.0,180.0,215.0,172.0,190.0,175.0,218.0,188.0,203.0,203.0,208.0,190.0,218.0,179.0,173.0,205.0,216.0,229.0,202.0,174.0,185.0,202.0,226.0,274.0,193.0,203.0,284.0,279.0,218.0,172.0,182.0,175.0,181.0,269.0,194.0,185.0,126.0,224.0,180.0,163.0,182.0,191.0,247.0
294.0,240.0,165.0,162.0,167.0,168.0,183.0,223.0,182.0,181.0,184.0,168.0,210.0,195.0,170.0,245.0,189.0,199.0,202.0,180.0,196.0,182.0,163.0,197.0,203.0,279.0,233.0,200.0,191.0,176.0,183.0,202.0,319.0,179.0,180.0,305.0,299.0,170.0,176.0,163.0,170.0,177.0,209.0,154.0,179.0,148.0,196.0,162.0,184.0,195.0,167.0,254.0
287.0,201.0,162.0,155.0,164.0,174.0,162.0,199.0,190.0,188.0,163.0,179.0,187.0,218.0,167.0,265.0,173.0,186.0,174.0,210.0,158.0,190.0,168.0,220.0,191.0,200.0,242.0,233.0,202.0,182.0,172.0,199.0,301.0,161.0,169.0,284.0,270.0,191.0,168.0,162.0,162.0,179.0,289.0,192.0,148.0,139.0,216.0,148.0,187.0,196.0,162.0,248.0
325.0,219.0,165.0,167.0,186.0,165.0,157.0,191.0,181.0,169.0,187.0,196.0,182.0,173.0,169.0,253.0,159.0,172.0,186.0,177.0,156.0,194.0,171.0,195.0,179.0,251.0,230.0,218.0,193.0,159.0,201.0,202.0,296.0,172.0,146.0,283.0,273.0,175.0,174.0,192.0,174.0,157.0,236.0,158.0,229.0,148.0,193.0,187.0,167.0,184.0,163.0,273.0
264.0,207.0,159.0,166.0,181.0,170.0,171.0,207.0,172.0,154.0,166.0,189.0,172.0,160.0,205.0,244.0,184.0,190.0,170.0,200.0,158.0,177.0,166.0,173.0,173.0,254.0,201.0,204.0,177.0,172.0,178.0,205.0,306.0,181.0,189.0,302.0,293.0,195.0,165.0,165.0,172.0,154.0,256.0,169.0,162.0,163.0,194.0,149.0,167.0,170.0,168.0,208.0
310.0,181.0,153.0,167.0,156.0,154.0,184.0,181.0,173.0,158.0,174.0,150.0,186.0,178.0,154.0,278.0,148.0,176.0,186.0,184.0,152.0,186.0,159.0,183.0,187.0,270.0,279.0,220.0,153.0,154.0,201.0,159.0,263.0,173.0,149.0,255.0,257.0,165.0,155.0,170.0,173.0,206.0,213.0,180.0,166.0,169.0,184.0,156.0,133.0,157.0,147.0,329.0
281.0,176.0,169.0,165.0,146.0,162.0,143.0,176.0,172.0,170.0,136.0,172.0,172.0,171.0,167.0,260.0,137.0,166.0,173.0,179.0,135.0,173.0,158.0,173.0,177.0,239.0,250.0,228.0,156.0,188.0,162.0,168.0,252.0,163.0,166.0,245.0,244.0,150.0,175.0,167.0,166.0,138.0,229.0,155.0,136.0,161.0,173.0,148.0,160.0,154.0,176.0,259.0
274.0,148.0,146.0,150.0,134.0,132.0,171.0,162.0,163.0,169.0,153.0,145.0,149.0,194.0,158.0,196.0,167.0,164.0,154.0,164.0,136.0,157.0,182.0,161.0,195.0,154.0,212.0,211.0,155.0,164.0,158.0,196.0,230.0,191.0,147.0,241.0,229.0,166.0,145.0,152.0,137.0,147.0,199.0,146.0,183.0,160.0,219.0,164.0,148.0,179.0,130.0,271.0
243.0,165.0,134.0,143.0,120.0,152.0,168.0,170.0,157.0,169.0,156.0,146.0,208.0,192.0,172.0,222.0,148.0,161.0,158.0,178.0,135.0,178.0,163.0,166.0,170.0,196.0,224.0,200.0,171.0,172.0,191.0,165.0,238.0,169.0,145.0,231.0,236.0,162.0,156.0,157.0,138.0,140.0,237.0,187.0,174.0,163.0,194.0,137.0,139.0,166.0,135.0,306.0
266.0,181.0,131.0,163.0,152.0,143.0,156.0,179.0,169.0,174.0,150.0,162.0,177.0,170.0,86.0,229.0,155.0,158.0,159.0,166.0,134.0,160.0,138.0,176.0,172.0,273.0,210.0,186.0,197.0,157.0,173.0,182.0,253.0,176.0,151.0,257.0,251.0,166.0,153.0,144.0,162.0,153.0,224.0,155.0,172.0,165.0,172.0,148.0,150.0,157.0,158.0,285.0
278.0,182.0,161.0,144.0,137.0,159.0,162.0,168.0,152.0,153.0,136.0,140.0,168.0,166.0,154.0,241.0,170.0,153.0,164.0,159.0,175.0,180.0,180.0,159.0,164.0,241.0,230.0,192.0,170.0,168.0,159.0,163.0,241.0,165.0,157.0,238.0,237.0,143.0,168.0,137.0,161.0,151.0,237.0,162.0,153.0,145.0,191.0,156.0,145.0,159.0,152.0,300.0
272.0,200.0,139.0,151.0,132.0,154.0,131.0,151.0,163.0,151.0,149.0,144.0,167.0,158.0,156.0,223.0,147.0,139.0,144.0,142.0,134.0,161.0,131.0,170.0,169.0,243.0,213.0,205.0,166.0,178.0,178.0,168.0,217.0,171.0,180.0,182.0,218.0,156.0,142.0,143.0,156.0,165.0,233.0,162.0,151.0,145.0,200.0,130.0,177.0,159.0,118.0,322.0
290.0,179.0,119.0,127.0,153.0,126.0,146.0,171.0,133.0,143.0,128.0,114.0,154.0,147.0,154.0,220.0,151.0,150.0,159.0,155.0,132.0,151.0,163.0,153.0,181.0,228.0,197.0,171.0,164.0,144.0,174.0,163.0,217.0,156.0,162.0,221.0,222.0,149.0,134.0,114.0,135.0,126.0,179.0,164.0,151.0,137.0,156.0,129.0,112.0,160.0,144.0,300.0
275.0,163.0,121.0,143.0,111.0,132.0,154.0,177.0,147.0,145.0,152.0,114.0,152.0,188.0,141.0,192.0,143.0,150.0,142.0,181.0,138.0,149.0,138.0,140.0,157.0,224.0,229.0,166.0,181.0,181.0,188.0,196.0,305.0,167.0,146.0,300.0,295.0,149.0,144.0,91.0,165.0,164.0,228.0,152.0,133.0,152.0,241.0,122.0,137.0,139.0,117.0,280.0
293.0,132.0,133.0,143.0,140.0,133.0,146.0,148.0,161.0,169.0,123.0,124.0,142.0,148.0,131.0,215.0,139.0,149.0,129.0,174.0,160.0,144.0,141.0,171.0,149.0,201.0,177.0,163.0,144.0,157.0,160.0,172.0,215.0,133.0,137.0,209.0,202.0,141.0,142.0,85.0,159.0,151.0,178.0,156.0,132.0,137.0,185.0,130.0,120.0,149.0,125.0,294.0
281.0,164.0,112.0,116.0,126.0,134.0,139.0,137.0,143.0,135.0,139.0,138.0,157.0,156.0,151.0,177.0,140.0,137.0,141.0,166.0,98.0,135.0,147.0,155.0,175.0,236.0,206.0,147.0,141.0,158.0,161.0,192.0,258.0,141.0,139.0,244.0,229.0,143.0,146.0,106.0,151.0,162.0,215.0,148.0,121.0,130.0,165.0,127.0,129.0,115.0,119.0,285.0
239.0,151.0,104.0,127.0,131.0,113.0,143.0,147.0,115.0,129.0,136.0,136.0,155.0,144.0,136.0,198.0,127.0,127.0,152.0,143.0,158.0,139.0,127.0,145.0,145.0,218.0,222.0,149.0,145.0,157.0,160.0,163.0,216.0,141.0,120.0,222.0,213.0,137.0,142.0,93.0,134.0,132.0,195.0,171.0,91.0,154.0,211.0,117.0,133.0,150.0,111.0,293.0
251.0,146.0,127.0,112.0,110.0,127.0,119.0,144.0,127.0,113.0,141.0,107.0,153.0,155.0,150.0,221.0,134.0,135.0,150.0,141.0,151.0,138.0,124.0,126.0,152.0,192.0,187.0,134.0,163.0,151.0,143.0,140.0,170.0,150.0,139.0,190.0,190.0,138.0,138.0,99.0,139.0,132.0,166.0,136.0,81.0,137.0,189.0,137.0,140.0,133.0,130.0,329.0
290.0,135.0,115.0,102.0,101.0,104.0,126.0,118.0,130.0,126.0,106.0,106.0,142.0,185.0,138.0,182.0,139.0,122.0,137.0,116.0,101.0,108.0,108.0,151.0,165.0,200.0,194.0,145.0,154.0,132.0,162.0,155.0,233.0,158.0,134.0,221.0,221.0,136.0,137.0,71.0,141.0,125.0,183.0,154.0,91.0,118.0,171.0,95.0,116.0,117.0,118.0,282.0
234.0,133.0,93.0,107.0,114.0,124.0,111.0,137.0,126.0,113.0,124.0,93.0,127.0,174.0,129.0,166.0,134.0,128.0,113.0,126.0,122.0,109.0,130.0,125.0,133.0,193.0,177.0,147.0,143.0,157.0,154.0,150.0,177.0,127.0,117.0,177.0,175.0,117.0,141.0,87.0,105.0,131.0,131.0,133.0,88.0,93.0,175.0,111.0,131.0,114.0,120.0,296.0
236.0,130.0,116.0,103.0,93.0,88.0,117.0,126.0,112.0,115.0,98.0,129.0,131.0,160.0,142.0,160.0,132.0,108.0,130.0,118.0,117.0,121.0,122.0,126.0,132.0,208.0,189.0,110.0,146.0,129.0,141.0,134.0,171.0,131.0,119.0,155.0,154.0,110.0,122.0,77.0,117.0,112.0,166.0,109.0,73.0,116.0,144.0,109.0,96.0,115.0,112.0,268.0
210.0,160.0,123.0,104.0,91.0,127.0,122.0,131.0,139.0,123.0,107.0,102.0,136.0,131.0,118.0,149.0,127.0,122.0,134.0,110.0,109.0,129.0,137.0,118.0,156.0,194.0,182.0,134.0,134.0,145.0,134.0,151.0,157.0,135.0,116.0,155.0,149.0,107.0,118.0,89.0,130.0,114.0,141.0,126.0,86.0,107.0,193.0,102.0,105.0,96.0,106.0,231.0
213.0,102.0,115.0,91.0,129.0,99.0,96.0,129.0,110.0,148.0,116.0,100.0,131.0,133.0,114.0,139.0,119.0,128.0,126.0,137.0,119.0,131.0,136.0,134.0,133.0,149.0,166.0,127.0,143.0,127.0,141.0,129.0,182.0,145.0,134.0,170.0,179.0,125.0,121.0,63.0,115.0,99.0,152.0,128.0,93.0,111.0,165.0,109.0,112.0,126.0,108.0,285.0
203.0,125.0,92.0,102.0,108.0,114.0,125.0,115.0,118.0,113.0,92.0,82.0,120.0,128.0,111.0,145.0,113.0,116.0,111.0,134.0,94.0,138.0,125.0,116.0,128.0,168.0,175.0,129.0,125.0,118.0,141.0,118.0,175.0,140.0,111.0,157.0,166.0,117.0,131.0,65.0,117.0,94.0,153.0,127.0,75.0,120.0,155.0,106.0,100.0,88.0,113.0,286.0
206.0,111.0,101.0,108.0,110.0,115.0,104.0,115.0,108.0,123.0,98.0,104.0,133.0,136.0,128.0,122.0,118.0,104.0,130.0,125.0,121.0,118.0,107.0,115.0,119.0,150.0,174.0,146.0,119.0,126.0,141.0,164.0,161.0,121.0,114.0,153.0,144.0,119.0,108.0,87.0,115.0,89.0,138.0,111.0,79.0,102.0,175.0,103.0,95.0,113.0,107.0,312.0
211.0,131.0,104.0,87.0,111.0,123.0,112.0,132.0,107.0,119.0,103.0,87.0,121.0,141.0,105.0,144.0,97.0,123.0,116.0,110.0,118.0,136.0,108.0,108.0,126.0,181.0,162.0,123.0,134.0,136.0,135.0,146.0,185.0,129.0,135.0,180.0,176.0,121.0,115.0,68.0,127.0,93.0,145.0,105.0,82.0,107.0,142.0,93.0,95.0,101.0,102.0,298.0
205.0,124.0,98.0,104.0,101.0,100.0,91.0,94.0,105.0,98.0,94.0,87.0,134.0,129.0,127.0,184.0,135.0,136.0,114.0,125.0,105.0,153.0,119.0,115.0,129.0,178.0,173.0,116.0,124.0,137.0,130.0,146.0,168.0,119.0,129.0,165.0,160.0,109.0,110.0,83.0,135.0,99.0,170.0,112.0,82.0,88.0,147.0,118.0,95.0,120.0,105.0,278.0
199.0,112.0,113.0,117.0,101.0,102.0,82.0,124.0,96.0,110.0,110.0,97.0,132.0,136.0,109.0,155.0,99.0,114.0,101.0,113.0,97.0,133.0,112.0,121.0,111.0,178.0,152.0,125.0,141.0,138.0,132.0,120.0,205.0,119.0,130.0,164.0,163.0,125.0,121.0,86.0,108.0,100.0,151.0,119.0,104.0,97.0,162.0,96.0,102.0,114.0,101.0,300.0
210.0,118.0,87.0,71.0,91.0,85.0,66.0,89.0,80.0,97.0,88.0,85.0,127.0,132.0,108.0,165.0,97.0,102.0,106.0,93.0,86.0,112.0,102.0,111.0,145.0,167.0,174.0,116.0,126.0,131.0,136.0,132.0,171.0,147.0,123.0,165.0,165.0,132.0,119.0,75.0,118.0,97.0,95.0,118.0,85.0,112.0,156.0,85.0,93.0,103.0,108.0,322.0
201.0,87.0,84.0,87.0,92.0,77.0,88.0,87.0,77.0,96.0,88.0,99.0,129.0,126.0,94.0,190.0,111.0,130.0,88.0,119.0,99.0,133.0,125.0,98.0,108.0,173.0,167.0,108.0,119.0,140.0,125.0,119.0,178.0,116.0,120.0,158.0,158.0,92.0,113.0,76.0,112.0,123.0,108.0,107.0,82.0,90.0,124.0,92.0,100.0,102.0,103.0,310.0
170.0,112.0,96.0,94.0,75.0,101.0,69.0,82.0,73.0,80.0,102.0,79.0,106.0,106.0,94.0,154.0,98.0,102.0,87.0,124.0,92.0,117.0,106.0,139.0,111.0,152.0,188.0,102.0,126.0,144.0,120.0,134.0,151.0,127.0,116.0,230.0,188.0,122.0,112.0,61.0,101.0,105.0,115.0,89.0,84.0,86.0,124.0,79.0,72.0,97.0,119.0,357.0
200.0,94.0,95.0,84.0,90.0,82.0,93.0,93.0,101.0,101.0,84.0,106.0,109.0,126.0,112.0,144.0,95.0,103.0,95.0,102.0,106.0,125.0,108.0,99.0,99.0,146.0,162.0,131.0,103.0,118.0,131.0,121.0,133.0,142.0,101.0,131.0,133.0,72.0,119.0,59.0,111.0,107.0,117.0,106.0,80.0,83.0,136.0,88.0,83.0,103.0,99.0,260.0
218.0,103.0,54.0,86.0,80.0,89.0,96.0,78.0,100.0,96.0,97.0,84.0,109.0,118.0,101.0,128.0,102.0,90.0,99.0,114.0,99.0,127.0,101.0,116.0,133.0,152.0,176.0,121.0,121.0,111.0,139.0,133.0,138.0,112.0,113.0,137.0,135.0,88.0,97.0,79.0,89.0,102.0,100.0,83.0,96.0,72.0,139.0,87.0,85.0,96.0,104.0,257.0
208.0,116.0,73.0,76.0,97.0,81.0,78.0,87.0,102.0,88.0,93.0,112.0,127.0,134.0,115.0,109.0,115.0,100.0,115.0,127.0,83.0,118.0,110.0,107.0,129.0,171.0,174.0,123.0,122.0,121.0,122.0,117.0,124.0,131.0,121.0,137.0,142.0,85.0,112.0,70.0,109.0,108.0,102.0,103.0,84.0,91.0,139.0,103.0,88.0,93.0,98.0,244.0
167.0,101.0,80.0,95.0,89.0,84.0,94.0,64.0,67.0,83.0,73.0,111.0,134.0,114.0,104.0,131.0,104.0,95.0,107.0,119.0,109.0,95.0,115.0,128.0,127.0,146.0,167.0,131.0,101.0,119.0,107.0,134.0,147.0,88.0,101.0,132.0,120.0,67.0,90.0,55.0,102.0,91.0,112.0,107.0,93.0,96.0,119.0,73.0,74.0,100.0,105.0,199.0
182.0,98.0,85.0,79.0,93.0,88.0,89.0,66.0,95.0,84.0,96.0,79.0,103.0,117.0,110.0,144.0,94.0,100.0,118.0,92.0,106.0,104.0,118.0,111.0,119.0,167.0,140.0,104.0,125.0,131.0,114.0,120.0,141.0,105.0,104.0,131.0,128.0,61.0,112.0,76.0,102.0,86.0,96.0,90.0,75.0,88.0,123.0,78.0,82.0,76.0,98.0,220.0
148.0,94.0,78.0,75.0,86.0,95.0,78.0,77.0,82.0,76.0,81.0,94.0,132.0,112.0,94.0,150.0,106.0,98.0,99.0,110.0,81.0,99.0,104.0,100.0,106.0,117.0,135.0,109.0,121.0,105.0,113.0,128.0,137.0,111.0,99.0,133.0,124.0,78.0,90.0,53.0,109.0,88.0,120.0,79.0,68.0,91.0,136.0,81.0,83.0,88.0,112.0,243.0
139.0,83.0,72.0,78.0,74.0,75.0,75.0,70.0,76.0,96.0,87.0,89.0,96.0,133.0,97.0,131.0,91.0,101.0,108.0,106.0,89.0,99.0,98.0,86.0,127.0,166.0,158.0,105.0,97.0,114.0,119.0,107.0,117.0,97.0,112.0,114.0,116.0,61.0,84.0,55.0,107.0,93.0,110.0,81.0,96.0,87.0,136.0,70.0,78.0,85.0,98.0,208.0
175.0,100.0,65.0,76.0,78.0,58.0,86.0,75.0,98.0,109.0,90.0,81.0,104.0,103.0,75.0,107.0,96.0,90.0,78.0,88.0,87.0,103.0,117.0,105.0,101.0,126.0,170.0,105.0,127.0,110.0,101.0,99.0,113.0,99.0,86.0,115.0,113.0,23.0,88.0,58.0,88.0,96.0,101.0,103.0,71.0,74.0,161.0,73.0,101.0,97.0,86.0,212.0
189.0,87.0,79.0,86.0,84.0,48.0,86.0,63.0,71.0,83.0,86.0,87.0,93.0,100.0,84.0,114.0,79.0,103.0,79.0,87.0,80.0,115.0,101.0,96.0,100.0,126.0,172.0,94.0,89.0,120.0,117.0,119.0,165.0,97.0,91.0,157.0,152.0,46.0,91.0,42.0,86.0,100.0,109.0,88.0,91.0,76.0,117.0,87.0,85.0,76.0,82.0,225.0
113.0,85.0,80.0,74.0,83.0,61.0,67.0,67.0,118.0,77.0,84.0,71.0,103.0,101.0,109.0,138.0,81.0,86.0,95.0,104.0,84.0,103.0,86.0,107.0,110.0,175.0,141.0,86.0,100.0,93.0,109.0,97.0,133.0,96.0,96.0,190.0,137.0,65.0,75.0,44.0,73.0,74.0,94.0,72.0,80.0,87.0,141.0,85.0,77.0,87.0,85.0,209.0
140.0,89.0,80.0,59.0,77.0,54.0,80.0,81.0,79.0,77.0,70.0,68.0,105.0,112.0,68.0,167.0,83.0,80.0,86.0,79.0,86.0,101.0,92.0,92.0,99.0,154.0,148.0,91.0,117.0,108.0,116.0,93.0,177.0,87.0,101.0,150.0,152.0,71.0,84.0,70.0,102.0,86.0,81.0,86.0,72.0,68.0,122.0,74.0,85.0,75.0,89.0,178.0
155.0,73.0,73.0,57.0,63.0,77.0,82.0,80.0,70.0,66.0,64.0,64.0,84.0,78.0,89.0,132.0,72.0,98.0,105.0,99.0,60.0,97.0,77.0,89.0,88.0,147.0,141.0,88.0,87.0,103.0,111.0,115.0,129.0,91.0,110.0,139.0,134.0,89.0,84.0,49.0,80.0,80.0,101.0,86.0,83.0,78.0,122.0,67.0,79.0,83.0,87.0,208.0
105.0,73.0,63.0,67.0,70.0,77.0,77.0,88.0,96.0,81.0,72.0,67.0,111.0,90.0,90.0,142.0,82.0,91.0,90.0,96.0,86.0,95.0,84.0,101.0,90.0,166.0,165.0,116.0,113.0,119.0,112.0,109.0,118.0,105.0,94.0,126.0,121.0,66.0,83.0,70.0,80.0,73.0,91.0,71.0,71.0,67.0,145.0,48.0,97.0,74.0,92.0,182.0
172.0,95.0,68.0,51.0,74.0,76.0,60.0,82.0,68.0,66.0,75.0,70.0,99.0,92.0,68.0,114.0,86.0,74.0,85.0,86.0,76.0,101.0,77.0,81.0,114.0,138.0,135.0,81.0,84.0,92.0,108.0,96.0,127.0,100.0,97.0,128.0,127.0,71.0,62.0,42.0,82.0,73.0,90.0,78.0,57.0,65.0,115.0,52.0,74.0,92.0,101.0,183.0
131.0,83.0,63.0,70.0,85.0,84.0,65.0,84.0,66.0,63.0,70.0,77.0,99.0,87.0,72.0,139.0,92.0,85.0,85.0,107.0,72.0,96.0,89.0,98.0,107.0,153.0,145.0,101.0,103.0,102.0,93.0,100.0,181.0,78.0,89.0,157.0,154.0,64.0,77.0,55.0,75.0,71.0,96.0,80.0,78.0,93.0,131.0,74.0,64.0,81.0,75.0,183.0
147.0,76.0,67.0,54.0,74.0,65.0,66.0,65.0,59.0,67.0,74.0,68.0,79.0,110.0,77.0,166.0,84.0,97.0,81.0,102.0,84.0,103.0,86.0,104.0,90.0,114.0,154.0,93.0,99.0,102.0,105.0,93.0,153.0,95.0,83.0,143.0,143.0,64.0,76.0,77.0,64.0,82.0,63.0,98.0,84.0,69.0,126.0,71.0,72.0,80.0,87.0,177.0
134.0,102.0,62.0,67.0,59.0,83.0,64.0,83.0,63.0,45.0,68.0,72.0,102.0,77.0,83.0,122.0,95.0,86.0,88.0,97.0,79.0,87.0,77.0,105.0,86.0,129.0,129.0,90.0,76.0,97.0,113.0,95.0,144.0,97.0,88.0,148.0,145.0,71.0,66.0,53.0,87.0,76.0,81.0,117.0,69.0,71.0,98.0,78.0,76.0,76.0,77.0,169.0
106.0,81.0,58.0,80.0,68.0,69.0,69.0,62.0,67.0,56.0,68.0,66.0,82.0,74.0,83.0,117.0,64.0,69.0,93.0,99.0,95.0,81.0,78.0,105.0,73.0,152.0,123.0,102.0,97.0,100.0,101.0,85.0,198.0,86.0,94.0,50.0,123.0,77.0,69.0,39.0,75.0,80.0,77.0,76.0,69.0,55.0,115.0,58.0,68.0,61.0,73.0,169.0
126.0,73.0,54.0,60.0,49.0,75.0,57.0,68.0,75.0,52.0,72.0,82.0,84.0,91.0,80.0,111.0,84.0,79.0,91.0,89.0,92.0,91.0,88.0,92.0,106.0,100.0,112.0,97.0,77.0,89.0,105.0,77.0,140.0,88.0,79.0,137.0,140.0,74.0,76.0,36.0,64.0,62.0,81.0,81.0,51.0,58.0,97.0,65.0,51.0,63.0,70.0,155.0
123.0,80.0,65.0,53.0,65.0,58.0,70.0,87.0,69.0,50.0,70.0,61.0,78.0,90.0,69.0,107.0,95.0,80.0,102.0,63.0,101.0,90.0,90.0,99.0,82.0,94.0,127.0,74.0,93.0,88.0,85.0,86.0,110.0,65.0,61.0,107.0,102.0,72.0,67.0,36.0,61.0,67.0,64.0,57.0,54.0,56.0,88.0,66.0,56.0,52.0,93.0,175.0
98.0,84.0,64.0,54.0,67.0,60.0,51.0,59.0,54.0,45.0,63.0,60.0,92.0,77.0,68.0,86.0,58.0,83.0,78.0,78.0,81.0,82.0,74.0,83.0,75.0,113.0,119.0,95.0,79.0,81.0,77.0,88.0,152.0,81.0,70.0,136.0,134.0,62.0,64.0,46.0,76.0,71.0,57.0,50.0,69.0,50.0,93.0,65.0,60.0,67.0,75.0,159.0
108.0,73.0,50.0,54.0,50.0,52.0,65.0,69.0,48.0,37.0,57.0,51.0,70.0,66.0,60.0,91.0,91.0,83.0,77.0,69.0,60.0,82.0,86.0,80.0,79.0,90.0,115.0,110.0,71.0,88.0,86.0,69.0,102.0,84.0,76.0,104.0,104.0,75.0,61.0,38.0,57.0,50.0,74.0,65.0,44.0,62.0,92.0,49.0,70.0,62.0,67.0,148.0
95.0,53.0,59.0,48.0,40.0,52.0,61.0,53.0,57.0,41.0,53.0,66.0,69.0,80.0,65.0,74.0,79.0,99.0,69.0,72.0,64.0,77.0,65.0,80.0,87.0,87.0,102.0,59.0,84.0,85.0,69.0,78.0,125.0,68.0,66.0,122.0,121.0,59.0,80.0,35.0,58.0,49.0,68.0,51.0,59.0,50.0,85.0,54.0,68.0,62.0,81.0,174.0
89.0,58.0,51.0,61.0,56.0,60.0,56.0,43.0,59.0,36.0,59.0,64.0,72.0,67.0,70.0,97.0,51.0,70.0,67.0,74.0,77.0,77.0,81.0,77.0,78.0,88.0,126.0,75.0,71.0,79.0,75.0,75.0,125.0,67.0,49.0,115.0,114.0,56.0,61.0,37.0,55.0,60.0,77.0,78.0,59.0,50.0,94.0,56.0,69.0,58.0,68.0,172.0
107.0,70.0,52.0,54.0,51.0,58.0,51.0,79.0,35.0,53.0,53.0,51.0,73.0,73.0,54.0,79.0,69.0,57.0,75.0,54.0,58.0,63.0,74.0,83.0,67.0,79.0,108.0,74.0,67.0,89.0,81.0,72.0,87.0,76.0,56.0,88.0,87.0,73.0,75.0,29.0,69.0,52.0,76.0,43.0,58.0,47.0,93.0,53.0,57.0,59.0,80.0,123.0
97.0,55.0,44.0,52.0,43.0,57.0,53.0,57.0,59.0,55.0,53.0,70.0,82.0,71.0,65.0,67.0,54.0,55.0,64.0,69.0,43.0,70.0,77.0,75.0,82.0,67.0,103.0,75.0,80.0,78.0,66.0,78.0,99.0,70.0,61.0,91.0,88.0,50.0,40.0,41.0,62.0,57.0,76.0,56.0,36.0,44.0,93.0,53.0,59.0,64.0,68.0,121.0
123.0,79.0,61.0,57.0,52.0,48.0,58.0,56.0,52.0,50.0,44.0,51.0,64.0,71.0,71.0,73.0,57.0,76.0,65.0,55.0,73.0,68.0,76.0,75.0,60.0,91.0,98.0,77.0,76.0,83.0,79.0,88.0,92.0,60.0,92.0,100.0,92.0,60.0,49.0,36.0,39.0,53.0,77.0,63.0,66.0,50.0,74.0,57.0,75.0,69.0,68.0,148.0
77.0,60.0,61.0,67.0,56.0,49.0,59.0,59.0,60.0,57.0,42.0,50.0,57.0,73.0,61.0,62.0,63.0,57.0,75.0,55.0,70.0,65.0,68.0,73.0,57.0,79.0,108.0,81.0,89.0,66.0,79.0,60.0,134.0,64.0,58.0,117.0,121.0,59.0,53.0,53.0,51.0,56.0,83.0,55.0,36.0,72.0,116.0,26.0,71.0,48.0,59.0,135.0
128.0,54.0,57.0,41.0,39.0,51.0,48.0,55.0,33.0,45.0,47.0,48.0,69.0,65.0,55.0,92.0,55.0,34.0,57.0,56.0,56.0,71.0,69.0,69.0,67.0,62.0,110.0,67.0,69.0,81.0,76.0,66.0,76.0,62.0,55.0,90.0,76.0,37.0,50.0,41.0,55.0,52.0,75.0,61.0,47.0,43.0,67.0,40.0,71.0,41.0,64.0,145.0
81.0,62.0,50.0,40.0,50.0,69.0,57.0,57.0,45.0,59.0,57.0,39.0,70.0,59.0,57.0,81.0,54.0,90.0,63.0,54.0,60.0,82.0,52.0,42.0,64.0,72.0,131.0,65.0,80.0,67.0,63.0,69.0,94.0,60.0,63.0,86.0,82.0,50.0,59.0,26.0,53.0,56.0,70.0,46.0,49.0,43.0,66.0,50.0,64.0,56.0,71.0,118.0
86.0,51.0,50.0,42.0,40.0,37.0,63.0,57.0,45.0,44.0,42.0,46.0,42.0,54.0,43.0,68.0,53.0,67.0,42.0,57.0,58.0,51.0,59.0,70.0,37.0,79.0,97.0,83.0,67.0,61.0,65.0,49.0,101.0,34.0,46.0,77.0,76.0,44.0,49.0,29.0,49.0,51.0,57.0,49.0,42.0,56.0,51.0,39.0,57.0,41.0,57.0,120.0
80.0,55.0,43.0,41.0,43.0,50.0,43.0,43.0,32.0,42.0,45.0,42.0,81.0,68.0,51.0,80.0,51.0,46.0,55.0,65.0,56.0,63.0,50.0,64.0,61.0,82.0,103.0,80.0,61.0,66.0,53.0,78.0,75.0,58.0,57.0,78.0,73.0,57.0,36.0,35.0,56.0,44.0,57.0,37.0,57.0,49.0,59.0,52.0,55.0,56.0,52.0,121.0
62.0,66.0,41.0,47.0,47.0,37.0,38.0,52.0,38.0,37.0,42.0,37.0,49.0,47.0,52.0,68.0,46.0,42.0,56.0,54.0,57.0,64.0,61.0,49.0,45.0,64.0,89.0,58.0,61.0,63.0,60.0,44.0,74.0,53.0,53.0,69.0,73.0,44.0,44.0,45.0,56.0,49.0,54.0,31.0,45.0,40.0,65.0,35.0,39.0,32.0,57.0,102.0
83.0,42.0,40.0,35.0,36.0,47.0,34.0,47.0,33.0,39.0,36.0,37.0,44.0,50.0,45.0,66.0,60.0,35.0,42.0,55.0,54.0,67.0,50.0,53.0,57.0,48.0,64.0,62.0,57.0,56.0,64.0,55.0,61.0,50.0,38.0,63.0,61.0,41.0,55.0,20.0,50.0,39.0,45.0,50.0,33.0,33.0,66.0,35.0,41.0,55.0,49.0,137.0
107.0,48.0,41.0,26.0,36.0,39.0,36.0,44.0,34.0,46.0,40.0,36.0,40.0,51.0,46.0,62.0,43.0,50.0,38.0,44.0,48.0,56.0,53.0,56.0,51.0,62.0,94.0,61.0,48.0,67.0,57.0,43.0,62.0,44.0,55.0,52.0,54.0,46.0,43.0,25.0,43.0,47.0,91.0,43.0,30.0,38.0,40.0,48.0,48.0,38.0,45.0,86.0
53.0,51.0,29.0,37.0,20.0,32.0,29.0,43.0,47.0,34.0,24.0,34.0,60.0,52.0,48.0,63.0,44.0,47.0,35.0,47.0,44.0,40.0,54.0,69.0,55.0,70.0,65.0,62.0,64.0,60.0,65.0,58.0,66.0,58.0,38.0,65.0,66.0,40.0,25.0,21.0,41.0,36.0,74.0,42.0,38.0,31.0,43.0,42.0,33.0,39.0,57.0,111.0
57.0,40.0,37.0,27.0,41.0,46.0,38.0,33.0,43.0,40.0,46.0,30.0,49.0,41.0,33.0,43.0,46.0,33.0,34.0,37.0,48.0,48.0,44.0,58.0,59.0,50.0,82.0,42.0,54.0,57.0,51.0,42.0,46.0,42.0,46.0,48.0,46.0,37.0,35.0,40.0,36.0,35.0,49.0,31.0,46.0,47.0,47.0,32.0,32.0,26.0,57.0,78.0
53.0,34.0,30.0,27.0,42.0,39.0,34.0,29.0,28.0,42.0,39.0,43.0,49.0,34.0,44.0,34.0,45.0,48.0,49.0,47.0,33.0,62.0,55.0,56.0,50.0,59.0,82.0,45.0,46.0,49.0,44.0,36.0,51.0,44.0,49.0,55.0,56.0,33.0,38.0,23.0,38.0,35.0,67.0,44.0,39.0,35.0,49.0,37.0,46.0,46.0,41.0,89.0
68.0,34.0,39.0,34.0,34.0,29.0,38.0,47.0,28.0,56.0,47.0,32.0,38.0,53.0,51.0,43.0,50.0,46.0,39.0,46.0,52.0,68.0,37.0,45.0,44.0,53.0,110.0,52.0,48.0,45.0,46.0,38.0,62.0,48.0,40.0,65.0,65.0,48.0,34.0,28.0,35.0,26.0,35.0,44.0,39.0,36.0,57.0,44.0,34.0,44.0,57.0,108.0
45.0,46.0,45.0,50.0,38.0,34.0,31.0,42.0,40.0,30.0,35.0,46.0,50.0,50.0,42.0,39.0,53.0,44.0,44.0,39.0,50.0,49.0,50.0,45.0,50.0,49.0,81.0,60.0,42.0,48.0,48.0,36.0,73.0,44.0,42.0,40.0,61.0,29.0,32.0,18.0,29.0,40.0,73.0,35.0,34.0,43.0,46.0,32.0,39.0,27.0,56.0,71.0
54.0,44.0,31.0,26.0,38.0,39.0,33.0,35.0,32.0,41.0,31.0,30.0,48.0,36.0,39.0,39.0,36.0,37.0,35.0,41.0,43.0,45.0,45.0,56.0,49.0,54.0,71.0,47.0,53.0,38.0,42.0,46.0,53.0,32.0,36.0,51.0,48.0,30.0,29.0,26.0,35.0,36.0,52.0,31.0,34.0,29.0,53.0,34.0,46.0,39.0,47.0,61.0
49.0,40.0,41.0,35.0,30.0,37.0,33.0,37.0,35.0,37.0,34.0,29.0,58.0,45.0,37.0,40.0,32.0,31.0,36.0,41.0,36.0,39.0,25.0,43.0,47.0,45.0,88.0,46.0,43.0,48.0,45.0,44.0,57.0,44.0,41.0,54.0,54.0,34.0,33.0,20.0,39.0,21.0,43.0,25.0,23.0,35.0,48.0,37.0,37.0,36.0,47.0,89.0
68.0,37.0,20.0,24.0,40.0,26.0,34.0,27.0,27.0,37.0,32.0,30.0,43.0,38.0,33.0,38.0,37.0,33.0,28.0,39.0,32.0,43.0,44.0,55.0,35.0,48.0,65.0,50.0,46.0,48.0,43.0,31.0,46.0,40.0,32.0,44.0,45.0,32.0,27.0,19.0,26.0,31.0,41.0,38.0,30.0,24.0,34.0,26.0,31.0,27.0,50.0,73.0
44.0,21.0,30.0,28.0,33.0,27.0,32.0,23.0,20.0,26.0,29.0,42.0,52.0,32.0,34.0,33.0,32.0,23.0,30.0,35.0,28.0,48.0,41.0,37.0,33.0,47.0,51.0,34.0,25.0,40.0,46.0,44.0,48.0,46.0,35.0,49.0,47.0,23.0,32.0,21.0,30.0,27.0,40.0,18.0,26.0,35.0,26.0,31.0,35.0,34.0,57.0,63.0
39.0,29.0,27.0,31.0,33.0,26.0,29.0,30.0,22.0,39.0,29.0,14.0,44.0,38.0,51.0,30.0,28.0,40.0,28.0,26.0,31.0,41.0,31.0,45.0,45.0,52.0,83.0,53.0,27.0,39.0,41.0,28.0,29.0,18.0,43.0,28.0,29.0,22.0,36.0,23.0,38.0,34.0,34.0,21.0,25.0,28.0,50.0,32.0,37.0,30.0,56.0,88.0
66.0,27.0,34.0,27.0,30.0,27.0,24.0,27.0,28.0,28.0,26.0,26.0,41.0,37.0,24.0,35.0,32.0,30.0,35.0,23.0,42.0,42.0,41.0,39.0,29.0,34.0,61.0,43.0,33.0,30.0,35.0,34.0,56.0,42.0,23.0,45.0,45.0,32.0,25.0,19.0,21.0,33.0,42.0,15.0,27.0,24.0,42.0,20.0,23.0,34.0,41.0,61.0
44.0,16.0,25.0,24.0,26.0,21.0,24.0,33.0,26.0,20.0,36.0,24.0,80.0,27.0,21.0,30.0,31.0,33.0,26.0,31.0,25.0,37.0,43.0,34.0,39.0,47.0,51.0,44.0,31.0,39.0,26.0,27.0,29.0,35.0,27.0,31.0,31.0,24.0,32.0,18.0,26.0,30.0,35.0,12.0,34.0,22.0,43.0,25.0,32.0,32.0,45.0,59.0
44.0,26.0,25.0,18.0,26.0,32.0,26.0,34.0,22.0,44.0,24.0,30.0,87.0,31.0,45.0,26.0,32.0,26.0,33.0,29.0,28.0,34.0,35.0,34.0,23.0,27.0,62.0,24.0,29.0,27.0,31.0,33.0,41.0,26.0,32.0,20.0,31.0,15.0,21.0,28.0,33.0,22.0,30.0,17.0,27.0,30.0,35.0,33.0,35.0,26.0,38.0,35.0
