761.0,845.0,898.0,953.0,884.0,915.0,908.0,938.0,856.0,902.0,968.0,986.0,1002.0,802.0,842.0,856.0,933.0,898.0,920.0,999.0,880.0,871.0,891.0,861.0,737.0,946.0,884.0,927.0,931.0,1010.0,931.0,931.0,834.0,652.0,735.0,675.0,746.0,750.0,681.0,679.0,791.0,822.0,755.0,891.0,812.0,807.0,883.0,931.0,946.0,844.0,828.0,857.0,865.0,953.0,930.0,841.0,902.0,902.0,925.0,846.0,967.0,955.0,937.0,986.0,946.0,866.0,908.0,963.0,889.0,777.0,884.0,790.0,797.0,821.0,828.0,1099.0,908.0,910.0,925.0,925.0,944.0,947.0,910.0,889.0,812.0,829.0,843.0,627.0,694.0,675.0,705.0,732.0,697.0,679.0,683.0,866.0,849.0,876.0,910.0,931.0,586.0,158.0,1473.0,773.0,862.0,951.0,960.0,945.0,906.0,902.0,945.0,912.0,907.0,939.0,938.0,988.0,720.0,963.0,1048.0,1018.0,947.0,983.0,1044.0,938.0,925.0,955.0,923.0,937.0,875.0,891.0,910.0,947.0,1010.0,910.0,790.0,910.0,762.0,836.0,880.0,721.0,680.0,742.0,819.0,812.0,719.0,822.0,881.0,925.0,1086.0,846.0,791.0,894.0
1034.0,1028.0,884.0,932.0,943.0,979.0,938.0,976.0,866.0,910.0,1021.0,1042.0,1085.0,936.0,850.0,901.0,943.0,942.0,953.0,1045.0,957.0,929.0,921.0,912.0,825.0,969.0,940.0,989.0,954.0,1078.0,942.0,925.0,865.0,764.0,838.0,749.0,795.0,882.0,870.0,942.0,987.0,978.0,932.0,1024.0,983.0,1002.0,999.0,1007.0,1050.0,918.0,900.0,929.0,990.0,1023.0,1010.0,979.0,1042.0,967.0,943.0,892.0,972.0,956.0,1005.0,1061.0,941.0,938.0,953.0,1005.0,984.0,924.0,839.0,803.0,898.0,891.0,989.0,1152.0,931.0,963.0,960.0,989.0,1052.0,1101.0,1034.0,877.0,814.0,789.0,867.0,825.0,911.0,893.0,926.0,940.0,940.0,1017.0,974.0,927.0,879.0,970.0,1046.0,1020.0,638.0,131.0,1480.0,931.0,995.0,1043.0,920.0,931.0,918.0,968.0,984.0,982.0,1020.0,1076.0,1057.0,1108.0,765.0,994.0,1029.0,933.0,905.0,961.0,975.0,886.0,833.0,889.0,854.0,939.0,1037.0,982.0,992.0,1063.0,1096.0,868.0,706.0,917.0,759.0,834.0,906.0,887.0,891.0,1046.0,1068.0,907.0,953.0,978.0,980.0,1060.0,1164.0,1048.0,1018.0,962.0
970.0,1056.0,762.0,860.0,921.0,903.0,993.0,1010.0,788.0,863.0,1071.0,1042.0,1058.0,840.0,765.0,811.0,997.0,957.0,973.0,1053.0,889.0,854.0,893.0,851.0,719.0,983.0,973.0,995.0,951.0,1034.0,918.0,914.0,798.0,659.0,731.0,692.0,770.0,871.0,818.0,885.0,940.0,907.0,924.0,1078.0,893.0,892.0,1007.0,1056.0,1119.0,889.0,862.0,930.0,963.0,1030.0,958.0,935.0,1044.0,908.0,938.0,816.0,955.0,1016.0,1023.0,1034.0,948.0,937.0,890.0,829.0,727.0,668.0,804.0,682.0,770.0,836.0,836.0,1051.0,823.0,882.0,874.0,857.0,966.0,1014.0,1020.0,802.0,732.0,772.0,775.0,688.0,795.0,801.0,782.0,836.0,841.0,874.0,808.0,878.0,835.0,931.0,985.0,982.0,645.0,155.0,1522.0,455.0,612.0,945.0,869.0,844.0,812.0,928.0,897.0,929.0,1091.0,1025.0,1044.0,1165.0,735.0,939.0,967.0,976.0,939.0,958.0,953.0,786.0,750.0,901.0,842.0,844.0,859.0,861.0,898.0,953.0,856.0,713.0,533.0,763.0,638.0,713.0,854.0,773.0,750.0,896.0,970.0,823.0,816.0,861.0,825.0,863.0,983.0,877.0,911.0,754.0
1049.0,1009.0,903.0,787.0,838.0,969.0,959.0,943.0,944.0,933.0,1085.0,1057.0,1102.0,939.0,904.0,916.0,948.0,962.0,993.0,1075.0,995.0,955.0,985.0,937.0,813.0,1005.0,1023.0,1086.0,1013.0,1038.0,903.0,846.0,802.0,702.0,897.0,836.0,891.0,940.0,888.0,948.0,931.0,880.0,912.0,1002.0,945.0,938.0,973.0,1014.0,1137.0,956.0,933.0,920.0,981.0,983.0,976.0,945.0,959.0,932.0,997.0,893.0,908.0,964.0,1009.0,947.0,886.0,911.0,831.0,719.0,886.0,878.0,860.0,809.0,804.0,884.0,841.0,1049.0,899.0,888.0,847.0,779.0,830.0,915.0,937.0,779.0,712.0,717.0,717.0,765.0,775.0,845.0,871.0,872.0,887.0,926.0,913.0,948.0,922.0,976.0,967.0,970.0,643.0,170.0,1527.0,481.0,629.0,939.0,881.0,862.0,878.0,888.0,875.0,864.0,893.0,976.0,949.0,1083.0,774.0,920.0,983.0,866.0,839.0,866.0,836.0,797.0,818.0,828.0,802.0,896.0,992.0,875.0,927.0,952.0,931.0,811.0,556.0,762.0,736.0,824.0,876.0,850.0,784.0,800.0,837.0,783.0,816.0,846.0,871.0,897.0,1034.0,932.0,913.0,674.0
1128.0,1125.0,870.0,776.0,812.0,640.0,756.0,854.0,855.0,899.0,981.0,874.0,940.0,815.0,955.0,939.0,1001.0,962.0,959.0,988.0,921.0,990.0,1027.0,904.0,817.0,1028.0,931.0,960.0,973.0,1014.0,958.0,789.0,596.0,719.0,815.0,816.0,892.0,964.0,917.0,928.0,982.0,922.0,901.0,998.0,963.0,920.0,1002.0,1086.0,999.0,856.0,853.0,1036.0,1016.0,959.0,993.0,919.0,880.0,783.0,908.0,872.0,883.0,822.0,917.0,946.0,923.0,907.0,795.0,673.0,821.0,839.0,794.0,765.0,882.0,866.0,840.0,935.0,839.0,857.0,848.0,811.0,940.0,1007.0,976.0,804.0,815.0,821.0,813.0,756.0,756.0,793.0,854.0,921.0,871.0,881.0,872.0,909.0,877.0,889.0,959.0,952.0,638.0,212.0,1449.0,574.0,696.0,940.0,887.0,881.0,940.0,885.0,864.0,885.0,951.0,936.0,902.0,1014.0,825.0,898.0,911.0,902.0,1008.0,863.0,756.0,792.0,825.0,873.0,889.0,897.0,888.0,930.0,922.0,886.0,848.0,825.0,705.0,893.0,710.0,784.0,876.0,851.0,708.0,709.0,858.0,872.0,881.0,910.0,844.0,840.0,992.0,936.0,931.0,889.0
937.0,974.0,897.0,789.0,802.0,592.0,606.0,828.0,820.0,840.0,939.0,1004.0,1078.0,794.0,876.0,1006.0,1057.0,1060.0,1101.0,1107.0,957.0,927.0,927.0,890.0,868.0,948.0,945.0,995.0,950.0,1068.0,980.0,841.0,699.0,743.0,922.0,885.0,923.0,932.0,942.0,972.0,1001.0,931.0,947.0,1126.0,997.0,946.0,988.0,943.0,1153.0,928.0,895.0,1040.0,1005.0,1001.0,955.0,948.0,1007.0,857.0,846.0,792.0,826.0,865.0,981.0,958.0,926.0,804.0,749.0,768.0,870.0,883.0,799.0,792.0,898.0,889.0,852.0,1048.0,836.0,839.0,858.0,836.0,885.0,968.0,948.0,793.0,756.0,740.0,826.0,826.0,874.0,845.0,847.0,904.0,880.0,867.0,895.0,941.0,869.0,928.0,961.0,967.0,660.0,231.0,1579.0,783.0,920.0,991.0,793.0,838.0,847.0,872.0,860.0,830.0,891.0,933.0,947.0,1021.0,829.0,915.0,980.0,887.0,807.0,821.0,807.0,725.0,754.0,834.0,861.0,903.0,902.0,942.0,958.0,926.0,845.0,809.0,604.0,791.0,705.0,741.0,834.0,914.0,897.0,839.0,893.0,902.0,912.0,806.0,747.0,841.0,1116.0,971.0,957.0,761.0
1017.0,1024.0,883.0,887.0,974.0,660.0,575.0,941.0,884.0,930.0,952.0,914.0,1059.0,823.0,828.0,1035.0,1012.0,993.0,1019.0,1083.0,984.0,916.0,984.0,957.0,789.0,997.0,948.0,948.0,962.0,1040.0,1037.0,1036.0,761.0,736.0,969.0,903.0,944.0,1059.0,949.0,1052.0,1092.0,1052.0,994.0,1088.0,1035.0,1056.0,1025.0,981.0,1078.0,938.0,849.0,1060.0,1048.0,1084.0,1016.0,1055.0,949.0,926.0,1035.0,897.0,976.0,884.0,988.0,964.0,1045.0,1005.0,793.0,660.0,809.0,911.0,862.0,761.0,955.0,990.0,905.0,1041.0,922.0,896.0,892.0,871.0,975.0,1040.0,1043.0,898.0,859.0,881.0,919.0,855.0,843.0,908.0,949.0,978.0,912.0,991.0,994.0,1087.0,888.0,951.0,979.0,970.0,671.0,311.0,1483.0,713.0,770.0,1026.0,931.0,874.0,995.0,978.0,940.0,976.0,1004.0,999.0,1000.0,1040.0,838.0,954.0,1041.0,1027.0,1008.0,961.0,898.0,820.0,781.0,916.0,1014.0,1035.0,946.0,940.0,962.0,937.0,963.0,851.0,757.0,856.0,782.0,834.0,866.0,870.0,858.0,901.0,1034.0,927.0,872.0,996.0,949.0,975.0,1037.0,957.0,964.0,864.0
1004.0,1014.0,947.0,908.0,955.0,878.0,692.0,963.0,983.0,967.0,953.0,981.0,1000.0,864.0,952.0,1074.0,1082.0,1035.0,1079.0,1108.0,1031.0,955.0,944.0,981.0,835.0,1000.0,1011.0,1073.0,987.0,939.0,869.0,931.0,828.0,751.0,893.0,923.0,895.0,911.0,904.0,945.0,959.0,901.0,954.0,1081.0,901.0,905.0,980.0,982.0,1171.0,935.0,812.0,1009.0,995.0,1049.0,971.0,967.0,937.0,847.0,906.0,848.0,950.0,928.0,989.0,1011.0,985.0,982.0,908.0,681.0,828.0,986.0,1011.0,893.0,993.0,974.0,928.0,1090.0,942.0,950.0,951.0,947.0,929.0,1057.0,1060.0,940.0,979.0,1031.0,1025.0,957.0,889.0,927.0,973.0,960.0,899.0,971.0,895.0,896.0,911.0,886.0,977.0,969.0,689.0,324.0,1396.0,715.0,902.0,1018.0,951.0,902.0,1066.0,943.0,962.0,988.0,959.0,895.0,896.0,1006.0,817.0,939.0,947.0,934.0,997.0,979.0,1037.0,930.0,880.0,936.0,969.0,1042.0,988.0,986.0,1019.0,1018.0,892.0,889.0,745.0,934.0,761.0,880.0,942.0,857.0,856.0,880.0,951.0,1006.0,951.0,924.0,875.0,921.0,1127.0,910.0,885.0,895.0
964.0,952.0,883.0,868.0,921.0,931.0,776.0,972.0,910.0,970.0,1021.0,1079.0,1021.0,826.0,879.0,1064.0,1020.0,984.0,1024.0,1045.0,994.0,961.0,1024.0,1008.0,883.0,1095.0,1021.0,1058.0,1035.0,1032.0,993.0,899.0,731.0,856.0,983.0,765.0,778.0,969.0,998.0,1019.0,939.0,885.0,1005.0,1088.0,887.0,882.0,961.0,1069.0,1135.0,968.0,851.0,966.0,978.0,1006.0,956.0,958.0,1039.0,970.0,941.0,883.0,995.0,982.0,1088.0,1089.0,1018.0,978.0,910.0,741.0,839.0,1015.0,1147.0,1011.0,999.0,968.0,928.0,1077.0,978.0,999.0,1010.0,965.0,1017.0,1015.0,1032.0,979.0,910.0,889.0,1019.0,973.0,889.0,866.0,975.0,994.0,942.0,1001.0,993.0,1127.0,1022.0,978.0,997.0,1023.0,712.0,261.0,1452.0,732.0,844.0,1012.0,1060.0,1001.0,1068.0,1008.0,988.0,948.0,1023.0,1019.0,959.0,1064.0,876.0,986.0,1084.0,1051.0,966.0,950.0,1021.0,976.0,921.0,1021.0,922.0,1014.0,1070.0,1006.0,979.0,999.0,993.0,857.0,943.0,906.0,736.0,933.0,1020.0,975.0,957.0,996.0,1061.0,992.0,963.0,945.0,967.0,1047.0,1139.0,977.0,954.0,918.0
1046.0,1052.0,937.0,932.0,1010.0,982.0,933.0,1048.0,1034.0,1082.0,1043.0,1009.0,1048.0,886.0,898.0,1034.0,1025.0,1036.0,1027.0,1084.0,1143.0,982.0,973.0,1065.0,845.0,1078.0,1090.0,1079.0,1084.0,1022.0,1010.0,1034.0,848.0,929.0,1014.0,896.0,929.0,998.0,993.0,993.0,1008.0,920.0,986.0,1130.0,1063.0,1013.0,1076.0,1069.0,1119.0,1001.0,924.0,1079.0,992.0,1003.0,1071.0,1094.0,1110.0,1012.0,1017.0,1003.0,1062.0,954.0,1053.0,1028.0,987.0,978.0,938.0,754.0,886.0,987.0,1076.0,971.0,1034.0,982.0,1032.0,1138.0,1005.0,993.0,995.0,1043.0,941.0,1050.0,1110.0,1061.0,1045.0,1076.0,1106.0,1013.0,1010.0,1010.0,1085.0,1056.0,966.0,1048.0,1059.0,1104.0,1015.0,1011.0,1148.0,1139.0,822.0,347.0,1454.0,793.0,976.0,1029.0,933.0,933.0,1080.0,1071.0,1019.0,970.0,1019.0,1082.0,1044.0,1098.0,951.0,1065.0,1089.0,944.0,941.0,988.0,1063.0,1026.0,1080.0,1100.0,1078.0,1108.0,1116.0,1037.0,1018.0,1046.0,985.0,901.0,940.0,991.0,848.0,1037.0,1038.0,981.0,1004.0,946.0,974.0,978.0,958.0,1000.0,986.0,975.0,1110.0,1046.0,988.0,1007.0
1000.0,1007.0,997.0,986.0,1028.0,861.0,799.0,1001.0,912.0,980.0,951.0,977.0,984.0,935.0,959.0,999.0,986.0,975.0,974.0,983.0,1004.0,976.0,945.0,1046.0,837.0,960.0,1055.0,1022.0,1037.0,1018.0,960.0,968.0,842.0,946.0,1131.0,1009.0,947.0,1020.0,964.0,1016.0,973.0,944.0,976.0,1072.0,1063.0,1018.0,965.0,906.0,1083.0,1047.0,901.0,985.0,937.0,934.0,954.0,973.0,1054.0,986.0,964.0,896.0,928.0,920.0,985.0,951.0,947.0,996.0,997.0,832.0,854.0,999.0,1133.0,978.0,999.0,978.0,987.0,1001.0,962.0,922.0,891.0,967.0,1015.0,923.0,951.0,1038.0,965.0,1010.0,1049.0,1045.0,1020.0,957.0,1053.0,1040.0,963.0,970.0,1017.0,1119.0,1045.0,996.0,990.0,1018.0,785.0,444.0,1321.0,783.0,896.0,882.0,1058.0,1029.0,1035.0,901.0,986.0,1041.0,980.0,996.0,960.0,1005.0,945.0,1010.0,995.0,954.0,1007.0,1063.0,1160.0,1076.0,1111.0,1068.0,960.0,1019.0,992.0,1005.0,1016.0,989.0,957.0,891.0,999.0,992.0,910.0,1022.0,1051.0,1022.0,971.0,996.0,1055.0,1067.0,1017.0,1025.0,870.0,884.0,1039.0,1024.0,987.0,877.0
696.0,718.0,804.0,850.0,897.0,932.0,753.0,876.0,813.0,886.0,898.0,903.0,958.0,865.0,875.0,897.0,855.0,872.0,922.0,990.0,826.0,840.0,861.0,933.0,842.0,903.0,885.0,956.0,825.0,843.0,830.0,903.0,829.0,919.0,959.0,940.0,937.0,956.0,912.0,955.0,978.0,919.0,891.0,1009.0,857.0,823.0,800.0,872.0,1116.0,952.0,812.0,885.0,861.0,898.0,879.0,904.0,936.0,908.0,917.0,866.0,920.0,924.0,970.0,884.0,855.0,943.0,852.0,759.0,906.0,950.0,1014.0,1004.0,1039.0,917.0,872.0,1067.0,890.0,883.0,924.0,913.0,932.0,942.0,902.0,919.0,988.0,961.0,954.0,883.0,924.0,922.0,964.0,928.0,857.0,909.0,947.0,1002.0,924.0,856.0,825.0,826.0,819.0,477.0,1273.0,819.0,928.0,866.0,912.0,861.0,946.0,951.0,973.0,965.0,921.0,946.0,974.0,1047.0,818.0,851.0,956.0,922.0,907.0,897.0,981.0,1026.0,961.0,995.0,972.0,911.0,909.0,911.0,864.0,856.0,874.0,871.0,937.0,891.0,874.0,957.0,972.0,964.0,986.0,899.0,914.0,966.0,951.0,909.0,897.0,942.0,1144.0,942.0,949.0,1007.0
768.0,785.0,761.0,765.0,735.0,860.0,769.0,798.0,855.0,920.0,758.0,652.0,854.0,777.0,814.0,877.0,889.0,890.0,913.0,953.0,929.0,841.0,862.0,940.0,789.0,941.0,901.0,959.0,896.0,953.0,766.0,775.0,809.0,892.0,894.0,908.0,882.0,854.0,837.0,910.0,868.0,752.0,854.0,1045.0,944.0,857.0,923.0,996.0,1048.0,904.0,832.0,957.0,834.0,922.0,902.0,895.0,1007.0,809.0,875.0,807.0,857.0,901.0,1032.0,938.0,875.0,861.0,781.0,706.0,729.0,816.0,922.0,865.0,881.0,846.0,880.0,1044.0,822.0,772.0,792.0,833.0,917.0,990.0,960.0,897.0,944.0,944.0,875.0,844.0,849.0,815.0,826.0,799.0,779.0,837.0,853.0,1053.0,891.0,834.0,959.0,982.0,808.0,445.0,1274.0,746.0,787.0,836.0,926.0,840.0,951.0,841.0,826.0,813.0,871.0,970.0,983.0,1013.0,739.0,766.0,984.0,887.0,877.0,883.0,948.0,909.0,952.0,988.0,908.0,933.0,905.0,920.0,903.0,887.0,832.0,830.0,904.0,791.0,910.0,950.0,924.0,823.0,829.0,833.0,909.0,909.0,845.0,915.0,905.0,913.0,1044.0,956.0,854.0,895.0
741.0,770.0,709.0,773.0,833.0,823.0,774.0,869.0,780.0,884.0,977.0,902.0,929.0,623.0,747.0,905.0,829.0,849.0,861.0,881.0,897.0,916.0,902.0,954.0,792.0,928.0,871.0,919.0,906.0,962.0,923.0,900.0,875.0,864.0,866.0,784.0,803.0,928.0,846.0,861.0,852.0,809.0,888.0,1075.0,950.0,876.0,924.0,954.0,1114.0,1037.0,830.0,909.0,809.0,797.0,891.0,881.0,943.0,930.0,926.0,806.0,933.0,923.0,920.0,828.0,827.0,951.0,799.0,668.0,735.0,912.0,1107.0,932.0,986.0,927.0,986.0,1056.0,952.0,885.0,952.0,979.0,951.0,949.0,935.0,931.0,950.0,999.0,997.0,903.0,873.0,830.0,957.0,988.0,886.0,902.0,883.0,1013.0,859.0,784.0,811.0,858.0,830.0,579.0,1264.0,792.0,765.0,864.0,933.0,914.0,959.0,911.0,925.0,914.0,854.0,891.0,947.0,984.0,780.0,934.0,951.0,868.0,900.0,924.0,963.0,893.0,919.0,929.0,945.0,1015.0,1010.0,969.0,867.0,858.0,947.0,854.0,947.0,826.0,878.0,969.0,965.0,881.0,859.0,886.0,922.0,929.0,856.0,914.0,888.0,962.0,1048.0,909.0,907.0,909.0
793.0,839.0,846.0,869.0,898.0,909.0,768.0,846.0,820.0,839.0,888.0,798.0,935.0,734.0,785.0,868.0,937.0,892.0,911.0,937.0,848.0,832.0,898.0,909.0,729.0,987.0,896.0,903.0,917.0,990.0,865.0,856.0,850.0,820.0,859.0,922.0,933.0,863.0,844.0,896.0,910.0,857.0,852.0,980.0,933.0,815.0,804.0,892.0,1004.0,975.0,869.0,862.0,814.0,820.0,825.0,839.0,990.0,858.0,862.0,887.0,888.0,787.0,897.0,905.0,845.0,853.0,845.0,680.0,799.0,901.0,1097.0,935.0,910.0,906.0,918.0,939.0,925.0,843.0,863.0,929.0,901.0,945.0,943.0,852.0,826.0,892.0,857.0,941.0,905.0,831.0,854.0,819.0,803.0,862.0,856.0,990.0,894.0,793.0,882.0,907.0,840.0,577.0,1199.0,693.0,819.0,811.0,866.0,796.0,886.0,807.0,795.0,806.0,864.0,823.0,793.0,898.0,736.0,863.0,975.0,875.0,837.0,896.0,1081.0,987.0,882.0,882.0,897.0,911.0,847.0,794.0,862.0,945.0,964.0,945.0,916.0,906.0,714.0,834.0,841.0,823.0,836.0,779.0,860.0,898.0,815.0,879.0,910.0,918.0,1024.0,932.0,864.0,922.0
677.0,767.0,673.0,748.0,802.0,738.0,719.0,762.0,715.0,802.0,835.0,757.0,872.0,730.0,746.0,844.0,852.0,832.0,801.0,862.0,858.0,769.0,817.0,916.0,753.0,806.0,478.0,600.0,803.0,893.0,868.0,838.0,918.0,961.0,852.0,762.0,731.0,853.0,803.0,901.0,902.0,794.0,834.0,1007.0,919.0,780.0,848.0,781.0,956.0,979.0,851.0,902.0,789.0,806.0,764.0,816.0,866.0,781.0,824.0,741.0,828.0,825.0,893.0,869.0,864.0,880.0,843.0,785.0,796.0,841.0,1021.0,848.0,920.0,964.0,892.0,998.0,954.0,827.0,853.0,929.0,948.0,890.0,876.0,859.0,848.0,885.0,949.0,842.0,837.0,782.0,865.0,859.0,820.0,787.0,743.0,865.0,893.0,720.0,766.0,783.0,785.0,593.0,1056.0,655.0,744.0,787.0,901.0,840.0,894.0,808.0,799.0,836.0,853.0,804.0,787.0,933.0,861.0,881.0,855.0,877.0,846.0,845.0,877.0,908.0,913.0,934.0,921.0,801.0,789.0,947.0,934.0,944.0,964.0,954.0,977.0,883.0,886.0,943.0,880.0,804.0,818.0,788.0,854.0,840.0,807.0,855.0,892.0,963.0,1063.0,954.0,884.0,856.0
821.0,787.0,670.0,721.0,787.0,822.0,775.0,805.0,738.0,800.0,888.0,629.0,851.0,677.0,694.0,782.0,755.0,744.0,811.0,835.0,840.0,851.0,853.0,961.0,769.0,965.0,230.0,318.0,780.0,830.0,725.0,835.0,861.0,858.0,844.0,803.0,792.0,730.0,787.0,819.0,832.0,779.0,736.0,931.0,845.0,742.0,772.0,868.0,1000.0,940.0,805.0,850.0,771.0,759.0,753.0,751.0,884.0,787.0,739.0,718.0,700.0,701.0,882.0,834.0,739.0,779.0,833.0,828.0,780.0,786.0,1006.0,847.0,778.0,837.0,865.0,1060.0,935.0,846.0,833.0,841.0,869.0,941.0,923.0,871.0,893.0,892.0,835.0,868.0,840.0,769.0,828.0,734.0,808.0,841.0,849.0,923.0,807.0,787.0,785.0,781.0,859.0,682.0,1009.0,646.0,721.0,727.0,774.0,737.0,814.0,691.0,743.0,757.0,704.0,807.0,778.0,812.0,785.0,852.0,889.0,772.0,745.0,763.0,923.0,911.0,963.0,774.0,700.0,866.0,857.0,811.0,812.0,832.0,832.0,867.0,881.0,896.0,856.0,874.0,830.0,848.0,748.0,774.0,826.0,814.0,804.0,829.0,838.0,804.0,1003.0,796.0,723.0,910.0
846.0,924.0,762.0,819.0,836.0,873.0,779.0,866.0,739.0,832.0,849.0,849.0,1022.0,759.0,802.0,809.0,870.0,886.0,910.0,940.0,938.0,809.0,849.0,966.0,772.0,967.0,732.0,808.0,976.0,924.0,874.0,773.0,861.0,895.0,778.0,803.0,773.0,804.0,780.0,896.0,859.0,730.0,812.0,1009.0,883.0,717.0,766.0,844.0,960.0,1033.0,844.0,856.0,800.0,795.0,789.0,827.0,917.0,785.0,813.0,747.0,846.0,777.0,798.0,758.0,819.0,840.0,817.0,884.0,889.0,798.0,948.0,844.0,868.0,787.0,873.0,977.0,934.0,833.0,892.0,976.0,906.0,915.0,899.0,800.0,754.0,832.0,914.0,833.0,799.0,774.0,811.0,876.0,730.0,776.0,759.0,920.0,920.0,764.0,782.0,873.0,859.0,715.0,1003.0,676.0,741.0,744.0,856.0,747.0,829.0,687.0,732.0,817.0,846.0,884.0,878.0,959.0,779.0,867.0,835.0,773.0,776.0,805.0,863.0,801.0,816.0,837.0,843.0,941.0,890.0,859.0,847.0,893.0,900.0,848.0,931.0,835.0,760.0,784.0,900.0,775.0,863.0,766.0,863.0,861.0,785.0,803.0,778.0,839.0,930.0,899.0,847.0,780.0
737.0,794.0,687.0,729.0,791.0,674.0,662.0,784.0,745.0,800.0,781.0,761.0,868.0,702.0,754.0,782.0,823.0,824.0,866.0,844.0,910.0,842.0,781.0,978.0,740.0,915.0,871.0,871.0,997.0,871.0,751.0,767.0,844.0,805.0,821.0,710.0,710.0,797.0,836.0,833.0,860.0,813.0,815.0,1010.0,866.0,742.0,816.0,904.0,1040.0,1029.0,881.0,824.0,733.0,710.0,651.0,715.0,929.0,844.0,832.0,790.0,842.0,816.0,918.0,865.0,745.0,781.0,799.0,880.0,780.0,867.0,1076.0,861.0,875.0,810.0,825.0,1032.0,862.0,846.0,869.0,861.0,930.0,951.0,944.0,829.0,855.0,875.0,838.0,791.0,840.0,791.0,864.0,755.0,824.0,862.0,839.0,938.0,830.0,758.0,807.0,847.0,897.0,832.0,1054.0,647.0,687.0,738.0,783.0,746.0,815.0,791.0,802.0,804.0,758.0,810.0,764.0,840.0,733.0,762.0,821.0,749.0,772.0,807.0,882.0,833.0,922.0,864.0,850.0,962.0,909.0,903.0,832.0,856.0,909.0,917.0,833.0,868.0,781.0,843.0,808.0,817.0,732.0,713.0,810.0,834.0,806.0,774.0,773.0,764.0,1040.0,902.0,717.0,883.0
766.0,763.0,717.0,741.0,764.0,761.0,643.0,791.0,719.0,782.0,777.0,794.0,849.0,685.0,667.0,780.0,762.0,811.0,796.0,878.0,855.0,768.0,822.0,1014.0,711.0,922.0,858.0,935.0,904.0,870.0,839.0,815.0,925.0,909.0,831.0,757.0,751.0,804.0,756.0,806.0,744.0,633.0,763.0,1051.0,932.0,808.0,800.0,820.0,958.0,938.0,823.0,736.0,698.0,791.0,720.0,722.0,752.0,735.0,828.0,765.0,817.0,763.0,741.0,732.0,782.0,801.0,818.0,799.0,802.0,843.0,998.0,792.0,851.0,841.0,823.0,999.0,870.0,791.0,871.0,928.0,884.0,943.0,852.0,778.0,775.0,836.0,852.0,809.0,809.0,790.0,832.0,801.0,716.0,808.0,765.0,858.0,768.0,721.0,774.0,770.0,945.0,870.0,919.0,644.0,695.0,737.0,896.0,720.0,809.0,671.0,651.0,744.0,748.0,757.0,793.0,833.0,682.0,846.0,807.0,815.0,765.0,828.0,915.0,880.0,892.0,873.0,840.0,872.0,810.0,889.0,864.0,799.0,883.0,824.0,812.0,729.0,758.0,837.0,835.0,754.0,822.0,750.0,818.0,812.0,736.0,823.0,687.0,680.0,901.0,797.0,783.0,888.0
699.0,693.0,664.0,729.0,778.0,790.0,684.0,738.0,683.0,773.0,822.0,795.0,907.0,691.0,684.0,788.0,817.0,743.0,834.0,870.0,897.0,806.0,786.0,984.0,735.0,953.0,867.0,854.0,899.0,944.0,871.0,776.0,797.0,789.0,847.0,688.0,717.0,763.0,772.0,767.0,786.0,796.0,749.0,921.0,867.0,762.0,788.0,883.0,936.0,965.0,780.0,774.0,711.0,700.0,639.0,704.0,928.0,778.0,747.0,682.0,729.0,779.0,822.0,730.0,738.0,759.0,755.0,801.0,729.0,792.0,1044.0,847.0,811.0,787.0,793.0,855.0,806.0,829.0,777.0,794.0,944.0,987.0,924.0,817.0,842.0,831.0,795.0,782.0,768.0,726.0,771.0,779.0,741.0,775.0,811.0,951.0,814.0,744.0,757.0,798.0,881.0,876.0,923.0,712.0,705.0,721.0,702.0,745.0,754.0,736.0,720.0,743.0,742.0,825.0,782.0,918.0,699.0,796.0,837.0,702.0,686.0,691.0,866.0,784.0,819.0,750.0,781.0,954.0,850.0,800.0,828.0,885.0,777.0,843.0,823.0,871.0,854.0,804.0,777.0,775.0,772.0,777.0,781.0,785.0,817.0,757.0,748.0,689.0,916.0,957.0,787.0,900.0
686.0,808.0,781.0,823.0,800.0,834.0,728.0,852.0,771.0,819.0,832.0,865.0,840.0,756.0,770.0,845.0,860.0,859.0,851.0,786.0,780.0,851.0,898.0,1054.0,784.0,995.0,863.0,972.0,978.0,908.0,856.0,718.0,910.0,864.0,764.0,691.0,678.0,805.0,805.0,823.0,824.0,729.0,773.0,927.0,885.0,762.0,844.0,885.0,993.0,1083.0,747.0,794.0,725.0,807.0,696.0,780.0,946.0,750.0,824.0,770.0,833.0,779.0,934.0,878.0,798.0,841.0,756.0,694.0,729.0,770.0,973.0,790.0,867.0,798.0,857.0,937.0,869.0,740.0,827.0,894.0,968.0,919.0,893.0,788.0,830.0,825.0,961.0,810.0,787.0,773.0,832.0,805.0,762.0,809.0,748.0,925.0,901.0,722.0,783.0,839.0,933.0,896.0,948.0,679.0,767.0,759.0,871.0,737.0,821.0,766.0,700.0,718.0,768.0,833.0,880.0,816.0,652.0,859.0,872.0,790.0,660.0,739.0,889.0,830.0,925.0,903.0,848.0,952.0,904.0,869.0,882.0,876.0,857.0,810.0,865.0,793.0,823.0,845.0,901.0,712.0,787.0,788.0,852.0,830.0,729.0,722.0,729.0,855.0,914.0,932.0,856.0,859.0
821.0,832.0,676.0,750.0,808.0,778.0,735.0,825.0,738.0,841.0,849.0,830.0,811.0,755.0,696.0,798.0,865.0,887.0,828.0,868.0,902.0,951.0,917.0,1007.0,830.0,922.0,903.0,880.0,914.0,899.0,864.0,826.0,964.0,862.0,874.0,694.0,685.0,777.0,804.0,880.0,868.0,782.0,809.0,1008.0,906.0,774.0,826.0,794.0,933.0,983.0,853.0,818.0,758.0,788.0,763.0,807.0,805.0,799.0,797.0,675.0,816.0,874.0,786.0,745.0,773.0,807.0,771.0,828.0,741.0,841.0,1041.0,911.0,903.0,903.0,898.0,940.0,916.0,824.0,779.0,858.0,893.0,952.0,899.0,868.0,801.0,877.0,862.0,848.0,860.0,771.0,851.0,860.0,718.0,845.0,858.0,934.0,890.0,771.0,780.0,779.0,968.0,829.0,840.0,648.0,752.0,783.0,797.0,732.0,837.0,799.0,813.0,790.0,823.0,859.0,868.0,868.0,714.0,848.0,806.0,799.0,742.0,779.0,853.0,886.0,936.0,851.0,828.0,883.0,906.0,907.0,920.0,892.0,869.0,901.0,811.0,829.0,792.0,782.0,773.0,764.0,727.0,770.0,924.0,902.0,827.0,822.0,830.0,862.0,902.0,828.0,750.0,932.0
800.0,780.0,722.0,802.0,813.0,831.0,735.0,807.0,750.0,814.0,798.0,870.0,863.0,741.0,732.0,763.0,747.0,779.0,854.0,858.0,850.0,879.0,860.0,1007.0,834.0,880.0,853.0,829.0,859.0,905.0,840.0,838.0,983.0,843.0,879.0,748.0,752.0,811.0,857.0,815.0,798.0,783.0,862.0,1004.0,849.0,794.0,771.0,804.0,969.0,1029.0,880.0,719.0,771.0,698.0,809.0,807.0,878.0,869.0,819.0,725.0,758.0,812.0,915.0,837.0,759.0,792.0,891.0,805.0,811.0,899.0,1002.0,855.0,857.0,855.0,797.0,931.0,809.0,849.0,843.0,816.0,872.0,862.0,827.0,802.0,824.0,798.0,832.0,877.0,855.0,832.0,874.0,861.0,752.0,807.0,846.0,861.0,822.0,786.0,725.0,737.0,918.0,884.0,866.0,699.0,688.0,744.0,865.0,795.0,786.0,752.0,767.0,854.0,776.0,733.0,761.0,881.0,693.0,742.0,812.0,820.0,822.0,723.0,782.0,840.0,740.0,784.0,877.0,891.0,837.0,761.0,730.0,760.0,753.0,864.0,848.0,856.0,916.0,991.0,841.0,787.0,750.0,793.0,786.0,798.0,796.0,831.0,767.0,718.0,969.0,876.0,797.0,928.0
657.0,756.0,738.0,773.0,735.0,798.0,645.0,728.0,690.0,698.0,796.0,815.0,781.0,785.0,776.0,809.0,840.0,783.0,777.0,769.0,826.0,908.0,905.0,936.0,839.0,870.0,744.0,799.0,861.0,860.0,845.0,766.0,1052.0,865.0,815.0,820.0,778.0,733.0,767.0,776.0,780.0,764.0,704.0,925.0,874.0,715.0,746.0,751.0,916.0,925.0,806.0,748.0,684.0,770.0,679.0,681.0,793.0,733.0,794.0,698.0,766.0,753.0,838.0,833.0,701.0,688.0,762.0,871.0,819.0,716.0,968.0,820.0,832.0,838.0,868.0,927.0,867.0,784.0,817.0,885.0,809.0,831.0,863.0,797.0,776.0,784.0,808.0,808.0,767.0,815.0,767.0,697.0,792.0,731.0,708.0,788.0,773.0,740.0,738.0,757.0,1036.0,1086.0,827.0,702.0,765.0,693.0,756.0,755.0,723.0,689.0,668.0,700.0,719.0,748.0,740.0,781.0,701.0,867.0,842.0,716.0,723.0,712.0,818.0,759.0,777.0,774.0,737.0,849.0,777.0,775.0,819.0,775.0,764.0,898.0,922.0,760.0,794.0,730.0,798.0,758.0,758.0,796.0,815.0,747.0,762.0,738.0,613.0,535.0,896.0,821.0,719.0,842.0
697.0,745.0,755.0,757.0,784.0,766.0,750.0,798.0,758.0,830.0,835.0,777.0,893.0,845.0,819.0,830.0,829.0,821.0,773.0,842.0,797.0,763.0,815.0,996.0,856.0,932.0,754.0,808.0,817.0,933.0,793.0,813.0,1016.0,752.0,822.0,807.0,785.0,816.0,787.0,767.0,768.0,696.0,725.0,885.0,814.0,781.0,759.0,732.0,977.0,1026.0,782.0,773.0,729.0,744.0,685.0,747.0,840.0,802.0,812.0,713.0,768.0,810.0,802.0,736.0,755.0,812.0,736.0,826.0,761.0,769.0,1028.0,838.0,750.0,686.0,757.0,938.0,840.0,750.0,773.0,782.0,852.0,908.0,911.0,763.0,765.0,779.0,797.0,807.0,761.0,753.0,819.0,799.0,683.0,794.0,771.0,921.0,772.0,693.0,690.0,713.0,1075.0,1033.0,780.0,710.0,746.0,732.0,837.0,750.0,749.0,692.0,744.0,775.0,735.0,787.0,742.0,862.0,676.0,775.0,776.0,807.0,895.0,860.0,849.0,811.0,801.0,808.0,794.0,860.0,804.0,829.0,775.0,794.0,791.0,833.0,856.0,855.0,931.0,814.0,823.0,740.0,733.0,691.0,752.0,750.0,737.0,741.0,706.0,718.0,783.0,819.0,763.0,844.0
732.0,798.0,718.0,773.0,783.0,765.0,747.0,820.0,733.0,784.0,772.0,842.0,838.0,789.0,706.0,779.0,801.0,803.0,888.0,886.0,884.0,775.0,801.0,1015.0,788.0,883.0,819.0,879.0,866.0,846.0,727.0,728.0,999.0,797.0,879.0,728.0,724.0,802.0,738.0,777.0,747.0,711.0,737.0,989.0,961.0,805.0,783.0,835.0,948.0,983.0,748.0,718.0,693.0,750.0,738.0,780.0,874.0,770.0,785.0,660.0,782.0,796.0,955.0,820.0,757.0,802.0,789.0,751.0,706.0,815.0,985.0,788.0,802.0,801.0,743.0,896.0,775.0,755.0,756.0,730.0,934.0,915.0,835.0,807.0,795.0,823.0,759.0,778.0,738.0,772.0,822.0,873.0,773.0,760.0,721.0,890.0,805.0,727.0,783.0,753.0,1024.0,1138.0,785.0,645.0,708.0,697.0,777.0,755.0,764.0,742.0,730.0,731.0,770.0,822.0,774.0,837.0,614.0,763.0,818.0,768.0,812.0,828.0,948.0,833.0,786.0,782.0,790.0,894.0,835.0,807.0,818.0,849.0,832.0,832.0,840.0,793.0,800.0,813.0,803.0,749.0,745.0,725.0,719.0,761.0,754.0,746.0,687.0,665.0,929.0,935.0,835.0,855.0
692.0,742.0,661.0,779.0,756.0,751.0,692.0,779.0,718.0,753.0,841.0,925.0,810.0,821.0,749.0,897.0,826.0,863.0,790.0,824.0,905.0,869.0,843.0,972.0,790.0,869.0,863.0,854.0,936.0,814.0,860.0,788.0,1000.0,798.0,742.0,741.0,742.0,721.0,740.0,832.0,861.0,717.0,717.0,943.0,834.0,704.0,844.0,783.0,927.0,949.0,783.0,810.0,672.0,705.0,732.0,838.0,935.0,792.0,803.0,665.0,713.0,736.0,865.0,837.0,720.0,773.0,804.0,886.0,755.0,776.0,973.0,711.0,882.0,846.0,808.0,887.0,868.0,742.0,778.0,864.0,864.0,910.0,866.0,765.0,767.0,773.0,877.0,791.0,705.0,676.0,704.0,728.0,679.0,654.0,722.0,867.0,897.0,785.0,752.0,837.0,1030.0,1048.0,786.0,683.0,670.0,681.0,906.0,806.0,858.0,772.0,771.0,767.0,773.0,954.0,948.0,993.0,709.0,888.0,900.0,795.0,788.0,790.0,929.0,931.0,933.0,861.0,767.0,820.0,768.0,896.0,920.0,861.0,885.0,829.0,836.0,785.0,762.0,831.0,904.0,748.0,690.0,720.0,845.0,789.0,738.0,760.0,735.0,723.0,932.0,930.0,786.0,919.0
688.0,727.0,649.0,767.0,842.0,729.0,609.0,799.0,685.0,789.0,830.0,930.0,800.0,777.0,721.0,814.0,816.0,809.0,810.0,857.0,852.0,838.0,833.0,954.0,757.0,796.0,859.0,894.0,889.0,936.0,820.0,801.0,1002.0,730.0,866.0,735.0,734.0,865.0,834.0,812.0,888.0,809.0,836.0,941.0,807.0,822.0,846.0,778.0,992.0,1036.0,789.0,737.0,719.0,804.0,786.0,849.0,863.0,866.0,844.0,658.0,799.0,822.0,885.0,826.0,784.0,812.0,725.0,719.0,695.0,780.0,918.0,850.0,773.0,726.0,776.0,899.0,866.0,811.0,802.0,851.0,836.0,826.0,859.0,873.0,806.0,873.0,868.0,807.0,753.0,677.0,782.0,850.0,701.0,795.0,758.0,810.0,716.0,713.0,804.0,797.0,1053.0,1108.0,809.0,662.0,699.0,732.0,764.0,627.0,783.0,709.0,706.0,828.0,788.0,773.0,819.0,864.0,719.0,830.0,803.0,806.0,812.0,750.0,715.0,771.0,750.0,801.0,794.0,805.0,754.0,820.0,802.0,784.0,843.0,921.0,761.0,821.0,717.0,792.0,747.0,747.0,770.0,690.0,829.0,823.0,582.0,766.0,714.0,820.0,854.0,781.0,790.0,923.0
791.0,817.0,737.0,911.0,844.0,916.0,723.0,860.0,719.0,850.0,850.0,794.0,823.0,889.0,746.0,837.0,884.0,829.0,873.0,870.0,929.0,854.0,827.0,1016.0,828.0,875.0,852.0,858.0,889.0,885.0,855.0,861.0,987.0,854.0,835.0,721.0,740.0,858.0,817.0,750.0,760.0,869.0,853.0,999.0,865.0,728.0,764.0,836.0,1002.0,1041.0,882.0,793.0,801.0,809.0,828.0,888.0,847.0,744.0,800.0,633.0,737.0,784.0,902.0,860.0,845.0,864.0,896.0,811.0,670.0,788.0,944.0,820.0,799.0,839.0,873.0,983.0,841.0,833.0,816.0,778.0,882.0,922.0,884.0,774.0,800.0,824.0,802.0,801.0,762.0,856.0,872.0,828.0,705.0,773.0,724.0,850.0,825.0,782.0,776.0,712.0,1122.0,1182.0,829.0,733.0,724.0,721.0,829.0,804.0,750.0,749.0,721.0,701.0,762.0,782.0,735.0,843.0,646.0,724.0,878.0,889.0,818.0,829.0,902.0,814.0,844.0,760.0,755.0,820.0,829.0,852.0,761.0,790.0,804.0,817.0,824.0,785.0,729.0,821.0,773.0,846.0,825.0,803.0,714.0,804.0,884.0,880.0,822.0,749.0,918.0,889.0,783.0,818.0
719.0,789.0,694.0,790.0,796.0,838.0,775.0,839.0,814.0,768.0,810.0,955.0,843.0,938.0,892.0,853.0,857.0,839.0,850.0,829.0,843.0,861.0,945.0,1048.0,891.0,900.0,839.0,860.0,900.0,881.0,866.0,761.0,866.0,712.0,841.0,820.0,821.0,771.0,816.0,777.0,789.0,779.0,744.0,948.0,917.0,781.0,837.0,863.0,949.0,992.0,819.0,856.0,726.0,650.0,724.0,760.0,878.0,817.0,807.0,698.0,699.0,741.0,921.0,874.0,702.0,783.0,789.0,848.0,827.0,725.0,929.0,807.0,835.0,787.0,802.0,883.0,835.0,727.0,850.0,919.0,830.0,838.0,797.0,664.0,723.0,722.0,741.0,797.0,761.0,748.0,765.0,723.0,740.0,752.0,811.0,852.0,798.0,722.0,734.0,771.0,1032.0,1201.0,790.0,704.0,708.0,772.0,816.0,685.0,750.0,706.0,752.0,791.0,688.0,758.0,831.0,792.0,663.0,794.0,824.0,778.0,693.0,579.0,676.0,762.0,767.0,779.0,721.0,796.0,780.0,790.0,833.0,828.0,835.0,815.0,794.0,769.0,844.0,762.0,823.0,796.0,785.0,821.0,921.0,870.0,791.0,748.0,758.0,751.0,829.0,855.0,741.0,863.0
704.0,835.0,701.0,823.0,831.0,801.0,733.0,847.0,776.0,814.0,830.0,866.0,785.0,862.0,783.0,801.0,886.0,851.0,831.0,884.0,815.0,847.0,942.0,1013.0,862.0,957.0,921.0,919.0,853.0,878.0,870.0,806.0,888.0,747.0,778.0,766.0,805.0,801.0,805.0,823.0,810.0,723.0,783.0,1005.0,846.0,727.0,792.0,836.0,885.0,914.0,767.0,829.0,713.0,802.0,768.0,856.0,863.0,776.0,791.0,764.0,845.0,829.0,805.0,760.0,752.0,768.0,733.0,900.0,880.0,757.0,869.0,767.0,761.0,721.0,756.0,899.0,789.0,758.0,789.0,867.0,828.0,833.0,880.0,831.0,806.0,836.0,843.0,784.0,675.0,730.0,794.0,802.0,735.0,738.0,773.0,913.0,819.0,655.0,698.0,738.0,974.0,1067.0,747.0,664.0,739.0,716.0,807.0,738.0,811.0,606.0,598.0,744.0,767.0,819.0,850.0,829.0,596.0,743.0,774.0,788.0,740.0,772.0,875.0,819.0,841.0,802.0,772.0,820.0,785.0,786.0,765.0,803.0,819.0,848.0,758.0,792.0,766.0,807.0,799.0,713.0,771.0,730.0,795.0,783.0,650.0,769.0,710.0,718.0,921.0,823.0,800.0,887.0
707.0,747.0,682.0,822.0,817.0,833.0,780.0,815.0,618.0,710.0,704.0,782.0,784.0,767.0,693.0,751.0,780.0,741.0,820.0,862.0,849.0,814.0,881.0,1064.0,824.0,893.0,829.0,821.0,845.0,879.0,856.0,782.0,890.0,785.0,833.0,681.0,651.0,760.0,718.0,768.0,765.0,788.0,796.0,989.0,882.0,767.0,770.0,781.0,1024.0,1024.0,783.0,742.0,715.0,764.0,725.0,741.0,808.0,766.0,795.0,683.0,737.0,826.0,911.0,835.0,790.0,829.0,857.0,807.0,732.0,765.0,910.0,764.0,752.0,735.0,762.0,845.0,743.0,772.0,798.0,793.0,874.0,834.0,858.0,848.0,817.0,848.0,781.0,757.0,741.0,674.0,723.0,782.0,666.0,824.0,758.0,804.0,788.0,732.0,783.0,805.0,1094.0,1149.0,816.0,650.0,681.0,713.0,821.0,760.0,789.0,703.0,731.0,729.0,715.0,689.0,739.0,759.0,684.0,743.0,803.0,753.0,765.0,755.0,827.0,831.0,827.0,728.0,741.0,846.0,699.0,728.0,791.0,763.0,681.0,738.0,808.0,777.0,687.0,777.0,803.0,740.0,755.0,751.0,723.0,765.0,770.0,772.0,806.0,800.0,819.0,775.0,709.0,770.0
822.0,765.0,580.0,800.0,807.0,823.0,796.0,801.0,758.0,748.0,818.0,867.0,741.0,752.0,783.0,793.0,844.0,821.0,799.0,827.0,849.0,855.0,897.0,1072.0,937.0,967.0,816.0,886.0,805.0,833.0,795.0,777.0,853.0,782.0,792.0,743.0,749.0,776.0,796.0,765.0,797.0,797.0,777.0,1038.0,856.0,737.0,769.0,853.0,945.0,983.0,839.0,751.0,679.0,648.0,733.0,772.0,791.0,785.0,726.0,610.0,745.0,765.0,793.0,818.0,800.0,801.0,808.0,829.0,774.0,751.0,1000.0,872.0,822.0,768.0,802.0,1020.0,865.0,807.0,749.0,819.0,808.0,896.0,830.0,768.0,808.0,783.0,823.0,761.0,770.0,793.0,769.0,805.0,780.0,818.0,789.0,857.0,797.0,698.0,740.0,777.0,1018.0,1176.0,813.0,670.0,743.0,747.0,801.0,746.0,770.0,686.0,687.0,704.0,658.0,803.0,856.0,783.0,711.0,733.0,783.0,735.0,752.0,706.0,748.0,723.0,757.0,794.0,796.0,850.0,812.0,822.0,801.0,787.0,808.0,829.0,847.0,796.0,784.0,775.0,763.0,778.0,784.0,755.0,801.0,769.0,755.0,783.0,783.0,784.0,902.0,799.0,765.0,766.0
755.0,859.0,724.0,804.0,788.0,790.0,681.0,848.0,768.0,754.0,723.0,837.0,781.0,830.0,813.0,909.0,810.0,826.0,808.0,851.0,777.0,834.0,784.0,1077.0,836.0,863.0,813.0,793.0,903.0,876.0,906.0,787.0,906.0,846.0,874.0,732.0,803.0,849.0,737.0,800.0,822.0,753.0,798.0,996.0,890.0,785.0,841.0,810.0,906.0,966.0,740.0,811.0,757.0,775.0,752.0,832.0,884.0,764.0,850.0,703.0,741.0,767.0,874.0,804.0,729.0,809.0,789.0,853.0,845.0,802.0,916.0,770.0,840.0,839.0,774.0,948.0,815.0,769.0,818.0,833.0,903.0,891.0,906.0,844.0,813.0,881.0,920.0,772.0,785.0,794.0,833.0,809.0,750.0,788.0,765.0,827.0,826.0,756.0,752.0,789.0,985.0,1042.0,825.0,682.0,725.0,722.0,834.0,764.0,799.0,730.0,709.0,659.0,676.0,756.0,801.0,719.0,705.0,784.0,852.0,831.0,701.0,697.0,806.0,775.0,728.0,766.0,762.0,817.0,724.0,749.0,774.0,735.0,707.0,789.0,771.0,761.0,721.0,788.0,827.0,768.0,775.0,806.0,866.0,826.0,770.0,693.0,741.0,757.0,921.0,794.0,741.0,853.0
760.0,822.0,700.0,814.0,851.0,884.0,850.0,833.0,749.0,839.0,826.0,821.0,770.0,809.0,779.0,833.0,883.0,826.0,860.0,969.0,919.0,807.0,875.0,1060.0,793.0,921.0,809.0,836.0,888.0,1018.0,850.0,802.0,883.0,775.0,882.0,817.0,758.0,778.0,821.0,859.0,813.0,754.0,794.0,958.0,828.0,823.0,788.0,892.0,971.0,918.0,803.0,828.0,753.0,787.0,810.0,819.0,807.0,832.0,846.0,750.0,772.0,848.0,808.0,788.0,777.0,783.0,781.0,836.0,781.0,764.0,970.0,835.0,772.0,812.0,786.0,933.0,832.0,761.0,818.0,848.0,862.0,1017.0,930.0,869.0,878.0,864.0,815.0,834.0,799.0,764.0,809.0,841.0,788.0,867.0,848.0,921.0,721.0,628.0,806.0,768.0,1059.0,1252.0,840.0,740.0,724.0,773.0,799.0,778.0,802.0,666.0,678.0,803.0,818.0,821.0,875.0,869.0,759.0,805.0,819.0,775.0,741.0,712.0,815.0,791.0,775.0,766.0,775.0,784.0,747.0,822.0,778.0,772.0,753.0,818.0,807.0,793.0,794.0,841.0,785.0,750.0,754.0,756.0,747.0,781.0,768.0,781.0,768.0,824.0,943.0,867.0,815.0,769.0
750.0,821.0,652.0,774.0,751.0,735.0,683.0,798.0,697.0,706.0,720.0,808.0,815.0,795.0,747.0,872.0,818.0,846.0,805.0,934.0,888.0,878.0,857.0,1073.0,843.0,951.0,909.0,920.0,897.0,869.0,831.0,720.0,875.0,789.0,810.0,735.0,766.0,746.0,767.0,818.0,833.0,780.0,691.0,910.0,904.0,745.0,709.0,747.0,991.0,954.0,767.0,790.0,747.0,709.0,696.0,755.0,908.0,773.0,847.0,730.0,749.0,743.0,911.0,816.0,750.0,832.0,798.0,760.0,775.0,719.0,863.0,774.0,862.0,746.0,759.0,957.0,792.0,732.0,759.0,791.0,916.0,938.0,880.0,751.0,765.0,806.0,790.0,723.0,763.0,793.0,712.0,713.0,757.0,761.0,765.0,871.0,743.0,661.0,656.0,686.0,959.0,1123.0,737.0,694.0,734.0,737.0,843.0,772.0,807.0,758.0,738.0,749.0,702.0,778.0,827.0,760.0,669.0,762.0,821.0,751.0,741.0,720.0,835.0,757.0,723.0,779.0,744.0,848.0,749.0,778.0,757.0,728.0,804.0,803.0,780.0,713.0,703.0,726.0,790.0,681.0,729.0,741.0,754.0,714.0,791.0,702.0,675.0,694.0,894.0,818.0,684.0,860.0
758.0,779.0,654.0,758.0,797.0,786.0,746.0,824.0,799.0,866.0,876.0,883.0,840.0,791.0,789.0,851.0,893.0,852.0,903.0,880.0,857.0,795.0,925.0,1027.0,820.0,920.0,803.0,913.0,925.0,888.0,851.0,765.0,854.0,758.0,773.0,716.0,743.0,855.0,805.0,747.0,793.0,752.0,794.0,1020.0,898.0,735.0,778.0,896.0,967.0,991.0,805.0,749.0,698.0,755.0,688.0,761.0,870.0,819.0,757.0,637.0,746.0,768.0,810.0,768.0,720.0,758.0,721.0,793.0,768.0,814.0,976.0,791.0,802.0,821.0,831.0,988.0,885.0,774.0,826.0,854.0,861.0,903.0,913.0,845.0,821.0,860.0,891.0,852.0,789.0,757.0,821.0,831.0,780.0,806.0,789.0,869.0,797.0,687.0,708.0,705.0,1048.0,1218.0,709.0,683.0,717.0,747.0,717.0,685.0,746.0,716.0,691.0,692.0,708.0,710.0,800.0,765.0,772.0,834.0,930.0,859.0,743.0,734.0,902.0,783.0,794.0,721.0,763.0,888.0,727.0,756.0,698.0,727.0,759.0,856.0,733.0,792.0,788.0,859.0,784.0,748.0,733.0,782.0,766.0,752.0,710.0,769.0,768.0,729.0,894.0,917.0,794.0,856.0
749.0,773.0,682.0,845.0,794.0,770.0,681.0,844.0,718.0,747.0,841.0,947.0,854.0,769.0,695.0,878.0,871.0,869.0,818.0,874.0,897.0,854.0,857.0,1075.0,849.0,944.0,838.0,868.0,834.0,832.0,793.0,752.0,957.0,785.0,923.0,798.0,817.0,881.0,833.0,792.0,814.0,797.0,745.0,930.0,825.0,768.0,823.0,814.0,1014.0,1063.0,840.0,786.0,706.0,768.0,820.0,850.0,851.0,695.0,817.0,665.0,684.0,771.0,869.0,874.0,769.0,894.0,900.0,798.0,712.0,766.0,885.0,772.0,910.0,806.0,852.0,959.0,879.0,760.0,795.0,854.0,857.0,987.0,916.0,873.0,849.0,936.0,949.0,770.0,767.0,763.0,827.0,773.0,700.0,780.0,773.0,876.0,915.0,665.0,673.0,751.0,1088.0,1176.0,773.0,692.0,708.0,758.0,858.0,703.0,788.0,717.0,697.0,773.0,706.0,848.0,928.0,693.0,630.0,777.0,891.0,817.0,759.0,768.0,820.0,776.0,873.0,845.0,686.0,762.0,672.0,700.0,847.0,838.0,870.0,912.0,823.0,810.0,750.0,759.0,891.0,767.0,637.0,663.0,883.0,780.0,695.0,750.0,714.0,757.0,847.0,776.0,742.0,782.0
759.0,875.0,693.0,819.0,916.0,796.0,719.0,885.0,740.0,845.0,885.0,933.0,832.0,905.0,847.0,934.0,908.0,897.0,892.0,976.0,852.0,880.0,888.0,1138.0,841.0,941.0,871.0,872.0,906.0,862.0,839.0,792.0,933.0,807.0,882.0,765.0,813.0,894.0,856.0,870.0,833.0,768.0,888.0,1057.0,883.0,729.0,852.0,848.0,967.0,1022.0,864.0,919.0,803.0,815.0,681.0,805.0,979.0,900.0,836.0,710.0,807.0,887.0,909.0,848.0,834.0,898.0,822.0,865.0,831.0,852.0,1010.0,910.0,722.0,773.0,850.0,1007.0,889.0,830.0,858.0,901.0,919.0,917.0,903.0,938.0,899.0,913.0,924.0,841.0,843.0,814.0,861.0,822.0,719.0,900.0,867.0,1010.0,956.0,789.0,821.0,886.0,1128.0,1187.0,825.0,690.0,752.0,743.0,830.0,765.0,782.0,825.0,855.0,793.0,780.0,874.0,943.0,802.0,744.0,861.0,856.0,851.0,754.0,764.0,845.0,854.0,764.0,796.0,865.0,812.0,733.0,781.0,798.0,803.0,817.0,937.0,863.0,870.0,662.0,814.0,824.0,744.0,791.0,774.0,799.0,801.0,801.0,783.0,759.0,770.0,883.0,746.0,751.0,746.0
831.0,783.0,479.0,754.0,791.0,898.0,763.0,819.0,763.0,860.0,878.0,980.0,934.0,915.0,808.0,883.0,903.0,875.0,904.0,955.0,942.0,874.0,935.0,1030.0,873.0,900.0,811.0,917.0,826.0,974.0,839.0,854.0,996.0,897.0,874.0,814.0,780.0,885.0,880.0,837.0,850.0,841.0,872.0,1014.0,926.0,811.0,832.0,830.0,1000.0,1068.0,884.0,820.0,830.0,878.0,881.0,862.0,863.0,815.0,865.0,723.0,827.0,871.0,926.0,850.0,851.0,904.0,883.0,776.0,701.0,780.0,1018.0,895.0,850.0,881.0,863.0,970.0,918.0,905.0,877.0,858.0,982.0,988.0,896.0,886.0,892.0,865.0,848.0,854.0,922.0,798.0,878.0,853.0,795.0,889.0,859.0,959.0,908.0,768.0,812.0,859.0,1149.0,1087.0,923.0,747.0,705.0,840.0,817.0,749.0,853.0,759.0,774.0,837.0,813.0,909.0,931.0,825.0,760.0,895.0,915.0,869.0,815.0,791.0,907.0,854.0,934.0,831.0,801.0,945.0,796.0,839.0,835.0,818.0,882.0,921.0,864.0,848.0,837.0,921.0,849.0,743.0,712.0,799.0,882.0,825.0,786.0,839.0,800.0,820.0,957.0,944.0,871.0,851.0
844.0,935.0,700.0,757.0,849.0,963.0,837.0,864.0,879.0,981.0,1003.0,1026.0,967.0,979.0,983.0,961.0,917.0,951.0,929.0,969.0,913.0,882.0,874.0,1055.0,834.0,956.0,917.0,906.0,922.0,995.0,979.0,950.0,1122.0,913.0,899.0,855.0,931.0,862.0,811.0,815.0,833.0,839.0,894.0,1117.0,967.0,808.0,804.0,877.0,952.0,932.0,879.0,902.0,904.0,864.0,851.0,872.0,976.0,892.0,846.0,744.0,852.0,900.0,925.0,925.0,849.0,855.0,917.0,982.0,982.0,889.0,972.0,968.0,849.0,869.0,848.0,984.0,1025.0,1000.0,874.0,932.0,918.0,1012.0,933.0,888.0,923.0,935.0,959.0,887.0,910.0,873.0,836.0,828.0,784.0,866.0,850.0,961.0,913.0,771.0,724.0,752.0,1101.0,1219.0,798.0,764.0,833.0,873.0,896.0,854.0,812.0,874.0,884.0,882.0,885.0,923.0,1012.0,919.0,754.0,822.0,868.0,810.0,829.0,785.0,854.0,847.0,912.0,847.0,854.0,1021.0,796.0,790.0,786.0,829.0,859.0,855.0,842.0,845.0,797.0,862.0,878.0,890.0,921.0,823.0,830.0,849.0,825.0,838.0,837.0,856.0,908.0,874.0,802.0,853.0
749.0,817.0,646.0,687.0,706.0,766.0,727.0,823.0,712.0,733.0,846.0,964.0,856.0,861.0,702.0,791.0,836.0,799.0,839.0,905.0,825.0,865.0,884.0,1074.0,832.0,905.0,800.0,826.0,872.0,936.0,802.0,666.0,911.0,778.0,854.0,824.0,827.0,878.0,807.0,866.0,817.0,761.0,698.0,915.0,898.0,807.0,871.0,866.0,1005.0,997.0,760.0,806.0,733.0,750.0,766.0,851.0,897.0,788.0,895.0,719.0,756.0,770.0,901.0,857.0,715.0,839.0,762.0,872.0,832.0,699.0,941.0,800.0,828.0,892.0,866.0,978.0,898.0,917.0,907.0,819.0,869.0,892.0,935.0,813.0,775.0,828.0,856.0,755.0,808.0,794.0,830.0,809.0,770.0,801.0,803.0,905.0,812.0,732.0,736.0,832.0,1109.0,1139.0,781.0,655.0,643.0,708.0,802.0,715.0,736.0,674.0,653.0,691.0,707.0,778.0,822.0,747.0,630.0,858.0,861.0,815.0,675.0,668.0,824.0,769.0,808.0,813.0,759.0,788.0,768.0,846.0,903.0,803.0,756.0,902.0,876.0,802.0,756.0,719.0,775.0,737.0,708.0,672.0,722.0,755.0,780.0,770.0,772.0,706.0,939.0,820.0,714.0,891.0
694.0,719.0,578.0,664.0,765.0,717.0,691.0,727.0,768.0,818.0,812.0,887.0,804.0,786.0,741.0,776.0,820.0,814.0,820.0,784.0,838.0,808.0,816.0,1017.0,790.0,826.0,798.0,812.0,831.0,823.0,815.0,730.0,931.0,716.0,789.0,740.0,734.0,813.0,737.0,708.0,752.0,698.0,767.0,829.0,765.0,684.0,740.0,692.0,870.0,925.0,776.0,783.0,707.0,818.0,720.0,772.0,875.0,844.0,740.0,678.0,780.0,802.0,830.0,765.0,799.0,725.0,725.0,786.0,758.0,705.0,862.0,797.0,781.0,801.0,832.0,994.0,853.0,901.0,819.0,797.0,786.0,802.0,766.0,731.0,771.0,779.0,822.0,812.0,758.0,724.0,781.0,743.0,714.0,786.0,753.0,710.0,699.0,682.0,669.0,684.0,1072.0,1189.0,658.0,606.0,668.0,669.0,713.0,640.0,679.0,634.0,674.0,698.0,666.0,690.0,722.0,718.0,614.0,651.0,723.0,701.0,667.0,668.0,759.0,713.0,697.0,703.0,786.0,864.0,754.0,764.0,778.0,834.0,798.0,815.0,728.0,765.0,652.0,747.0,785.0,730.0,759.0,711.0,717.0,742.0,678.0,735.0,667.0,568.0,748.0,734.0,709.0,787.0
735.0,737.0,625.0,596.0,665.0,730.0,668.0,700.0,608.0,710.0,795.0,856.0,768.0,817.0,681.0,712.0,751.0,721.0,749.0,830.0,712.0,738.0,805.0,942.0,796.0,799.0,774.0,822.0,672.0,744.0,721.0,677.0,870.0,746.0,712.0,708.0,702.0,730.0,723.0,752.0,666.0,636.0,666.0,849.0,716.0,638.0,639.0,684.0,896.0,932.0,672.0,634.0,649.0,629.0,672.0,737.0,720.0,695.0,749.0,647.0,669.0,734.0,743.0,754.0,693.0,745.0,710.0,668.0,641.0,624.0,865.0,771.0,727.0,798.0,815.0,894.0,836.0,857.0,807.0,789.0,749.0,728.0,733.0,784.0,709.0,722.0,712.0,695.0,739.0,603.0,702.0,652.0,645.0,777.0,717.0,824.0,739.0,607.0,681.0,718.0,1020.0,1158.0,638.0,527.0,610.0,661.0,732.0,633.0,735.0,603.0,558.0,688.0,672.0,635.0,683.0,659.0,630.0,691.0,746.0,709.0,679.0,675.0,782.0,769.0,789.0,735.0,722.0,781.0,650.0,735.0,731.0,740.0,773.0,711.0,682.0,680.0,644.0,736.0,726.0,688.0,683.0,638.0,713.0,749.0,691.0,712.0,642.0,694.0,809.0,717.0,618.0,618.0
652.0,599.0,546.0,622.0,633.0,704.0,640.0,669.0,663.0,716.0,770.0,725.0,684.0,761.0,770.0,751.0,689.0,761.0,717.0,816.0,653.0,701.0,700.0,917.0,732.0,832.0,742.0,709.0,744.0,833.0,802.0,705.0,847.0,714.0,694.0,580.0,617.0,718.0,765.0,781.0,738.0,641.0,766.0,917.0,754.0,624.0,704.0,683.0,869.0,882.0,744.0,683.0,624.0,645.0,632.0,671.0,725.0,607.0,689.0,604.0,638.0,670.0,772.0,730.0,669.0,713.0,678.0,688.0,690.0,692.0,768.0,697.0,691.0,696.0,706.0,812.0,727.0,785.0,780.0,780.0,774.0,795.0,744.0,684.0,721.0,730.0,766.0,696.0,674.0,683.0,655.0,674.0,616.0,694.0,715.0,789.0,740.0,575.0,627.0,662.0,1069.0,1238.0,600.0,602.0,624.0,603.0,695.0,636.0,664.0,612.0,632.0,668.0,640.0,640.0,699.0,554.0,629.0,703.0,619.0,639.0,617.0,627.0,700.0,705.0,802.0,760.0,645.0,633.0,653.0,727.0,754.0,768.0,768.0,801.0,751.0,760.0,664.0,711.0,722.0,697.0,671.0,631.0,711.0,777.0,675.0,682.0,691.0,598.0,705.0,674.0,630.0,698.0
599.0,631.0,564.0,510.0,537.0,639.0,598.0,594.0,603.0,641.0,654.0,777.0,672.0,658.0,596.0,644.0,581.0,594.0,652.0,759.0,703.0,640.0,709.0,944.0,692.0,783.0,822.0,809.0,763.0,772.0,660.0,657.0,844.0,647.0,670.0,608.0,590.0,657.0,614.0,701.0,689.0,565.0,641.0,825.0,642.0,557.0,583.0,512.0,734.0,806.0,628.0,597.0,555.0,572.0,561.0,615.0,717.0,646.0,723.0,576.0,579.0,607.0,709.0,612.0,584.0,663.0,629.0,617.0,590.0,579.0,717.0,610.0,663.0,688.0,714.0,837.0,595.0,692.0,753.0,674.0,797.0,803.0,741.0,690.0,684.0,712.0,638.0,624.0,597.0,529.0,677.0,667.0,658.0,652.0,594.0,768.0,711.0,547.0,552.0,559.0,1102.0,1163.0,513.0,549.0,554.0,588.0,689.0,563.0,624.0,552.0,549.0,615.0,599.0,585.0,575.0,613.0,579.0,648.0,620.0,579.0,588.0,629.0,694.0,650.0,735.0,718.0,695.0,798.0,692.0,693.0,764.0,768.0,694.0,750.0,721.0,642.0,630.0,701.0,706.0,582.0,620.0,589.0,652.0,647.0,608.0,553.0,513.0,584.0,726.0,564.0,554.0,599.0
570.0,608.0,547.0,660.0,656.0,574.0,516.0,603.0,537.0,626.0,685.0,722.0,701.0,606.0,561.0,516.0,609.0,569.0,564.0,619.0,576.0,527.0,640.0,885.0,658.0,682.0,635.0,743.0,686.0,678.0,648.0,556.0,791.0,617.0,547.0,457.0,530.0,629.0,621.0,602.0,560.0,533.0,564.0,768.0,687.0,478.0,517.0,526.0,733.0,817.0,575.0,528.0,520.0,504.0,473.0,578.0,622.0,566.0,572.0,484.0,563.0,617.0,732.0,639.0,555.0,576.0,587.0,615.0,526.0,533.0,660.0,587.0,514.0,654.0,615.0,754.0,647.0,659.0,633.0,707.0,730.0,679.0,733.0,645.0,607.0,606.0,638.0,606.0,588.0,478.0,614.0,627.0,596.0,641.0,565.0,690.0,603.0,508.0,526.0,608.0,861.0,1012.0,455.0,398.0,447.0,489.0,563.0,512.0,592.0,484.0,453.0,501.0,535.0,447.0,420.0,520.0,457.0,619.0,608.0,542.0,526.0,447.0,527.0,580.0,625.0,596.0,552.0,666.0,598.0,562.0,565.0,593.0,580.0,596.0,604.0,607.0,531.0,595.0,593.0,564.0,554.0,595.0,618.0,651.0,566.0,512.0,488.0,484.0,679.0,598.0,482.0,568.0
